file_path,filename,class_name,source_language,source_id,chunk_id,source_dataset,labeling_method,verification_status,class_id,split
dataset\indian_folk_31\raw_sources\Indian-Folk-Songs\audio chunks\Assamese\Assamese1chunk(0).wav,Assamese1chunk(0).wav,Bihu,Assamese,Assamese_1,0,A-dataset-of-Indian-Folk-Songs,source_category_proxy_mapping,proxy_label_not_manual_style_verification,0,train
dataset\indian_folk_31\raw_sources\Indian-Folk-Songs\audio chunks\Assamese\Assamese1chunk(1).wav,Assamese1chunk(1).wav,Bihu,Assamese,Assamese_1,1,A-dataset-of-Indian-Folk-Songs,source_category_proxy_mapping,proxy_label_not_manual_style_verification,0,train
dataset\indian_folk_31\raw_sources\Indian-Folk-Songs\audio chunks\Assamese\Assamese1chunk(2).wav,Assamese1chunk(2).wav,Bihu,Assamese,Assamese_1,2,A-dataset-of-Indian-Folk-Songs,source_category_proxy_mapping,proxy_label_not_manual_style_verification,0,train
dataset\indian_folk_31\raw_sources\Indian-Folk-Songs\audio chunks\Assamese\Assamese1chunk(3).wav,Assamese1chunk(3).wav,Bihu,Assamese,Assamese_1,3,A-dataset-of-Indian-Folk-Songs,source_category_proxy_mapping,proxy_label_not_manual_style_verification,0,train
dataset\indian_folk_31\raw_sources\Indian-Folk-Songs\audio chunks\Assamese\Assamese1chunk(4).wav,Assamese1chunk(4).wav,Bihu,Assamese,Assamese_1,4,A-dataset-of-Indian-Folk-Songs,source_category_proxy_mapping,proxy_label_not_manual_style_verification,0,train
dataset\indian_folk_31\raw_sources\Indian-Folk-Songs\audio chunks\Assamese\Assamese1chunk(5).wav,Assamese1chunk(5).wav,Bihu,Assamese,Assamese_1,5,A-dataset-of-Indian-Folk-Songs,source_category_proxy_mapping,proxy_label_not_manual_style_verification,0,train
dataset\indian_folk_31\raw_sources\Indian-Folk-Songs\audio chunks\Assamese\Assamese107chunk(0).wav,Assamese107chunk(0).wav,Bihu,Assamese,Assamese_107,0,A-dataset-of-Indian-Folk-Songs,source_category_proxy_mapping,proxy_label_not_manual_style_verification,0,train
dataset\indian_folk_31\raw_sources\Indian-Folk-Songs\audio chunks\Assamese\Assamese107chunk(1).wav,Assamese107chunk(1).wav,Bihu,Assamese,Assamese_107,1,A-dataset-of-Indian-Folk-Songs,source_category_proxy_mapping,proxy_label_not_manual_style_verification,0,train
dataset\indian_folk_31\raw_sources\Indian-Folk-Songs\audio chunks\Assamese\Assamese107chunk(2).wav,Assamese107chunk(2).wav,Bihu,Assamese,Assamese_107,2,A-dataset-of-Indian-Folk-Songs,source_category_proxy_mapping,proxy_label_not_manual_style_verification,0,train
dataset\indian_folk_31\raw_sources\Indian-Folk-Songs\audio chunks\Assamese\Assamese107chunk(3).wav,Assamese107chunk(3).wav,Bihu,Assamese,Assamese_107,3,A-dataset-of-Indian-Folk-Songs,source_category_proxy_mapping,proxy_label_not_manual_style_verification,0,train
dataset\indian_folk_31\raw_sources\Indian-Folk-Songs\audio chunks\Assamese\Assamese107chunk(4).wav,Assamese107chunk(4).wav,Bihu,Assamese,Assamese_107,4,A-dataset-of-Indian-Folk-Songs,source_category_proxy_mapping,proxy_label_not_manual_style_verification,0,train
dataset\indian_folk_31\raw_sources\Indian-Folk-Songs\audio chunks\Assamese\Assamese107chunk(5).wav,Assamese107chunk(5).wav,Bihu,Assamese,Assamese_107,5,A-dataset-of-Indian-Folk-Songs,source_category_proxy_mapping,proxy_label_not_manual_style_verification,0,train
dataset\indian_folk_31\raw_sources\Indian-Folk-Songs\audio chunks\Assamese\Assamese109chunk(0).wav,Assamese109chunk(0).wav,Bihu,Assamese,Assamese_109,0,A-dataset-of-Indian-Folk-Songs,source_category_proxy_mapping,proxy_label_not_manual_style_verification,0,train
dataset\indian_folk_31\raw_sources\Indian-Folk-Songs\audio chunks\Assamese\Assamese109chunk(1).wav,Assamese109chunk(1).wav,Bihu,Assamese,Assamese_109,1,A-dataset-of-Indian-Folk-Songs,source_category_proxy_mapping,proxy_label_not_manual_style_verification,0,train
dataset\indian_folk_31\raw_sources\Indian-Folk-Songs\audio chunks\Assamese\Assamese109chunk(2).wav,Assamese109chunk(2).wav,Bihu,Assamese,Assamese_109,2,A-dataset-of-Indian-Folk-Songs,source_category_proxy_mapping,proxy_label_not_manual_style_verification,0,train
dataset\indian_folk_31\raw_sources\Indian-Folk-Songs\audio chunks\Assamese\Assamese109chunk(3).wav,Assamese109chunk(3).wav,Bihu,Assamese,Assamese_109,3,A-dataset-of-Indian-Folk-Songs,source_category_proxy_mapping,proxy_label_not_manual_style_verification,0,train
dataset\indian_folk_31\raw_sources\Indian-Folk-Songs\audio chunks\Assamese\Assamese109chunk(4).wav,Assamese109chunk(4).wav,Bihu,Assamese,Assamese_109,4,A-dataset-of-Indian-Folk-Songs,source_category_proxy_mapping,proxy_label_not_manual_style_verification,0,train
dataset\indian_folk_31\raw_sources\Indian-Folk-Songs\audio chunks\Assamese\Assamese109chunk(5).wav,Assamese109chunk(5).wav,Bihu,Assamese,Assamese_109,5,A-dataset-of-Indian-Folk-Songs,source_category_proxy_mapping,proxy_label_not_manual_style_verification,0,train
dataset\indian_folk_31\raw_sources\Indian-Folk-Songs\audio chunks\Assamese\Assamese11chunk(0).wav,Assamese11chunk(0).wav,Bihu,Assamese,Assamese_11,0,A-dataset-of-Indian-Folk-Songs,source_category_proxy_mapping,proxy_label_not_manual_style_verification,0,train
dataset\indian_folk_31\raw_sources\Indian-Folk-Songs\audio chunks\Assamese\Assamese11chunk(1).wav,Assamese11chunk(1).wav,Bihu,Assamese,Assamese_11,1,A-dataset-of-Indian-Folk-Songs,source_category_proxy_mapping,proxy_label_not_manual_style_verification,0,train
dataset\indian_folk_31\raw_sources\Indian-Folk-Songs\audio chunks\Assamese\Assamese11chunk(2).wav,Assamese11chunk(2).wav,Bihu,Assamese,Assamese_11,2,A-dataset-of-Indian-Folk-Songs,source_category_proxy_mapping,proxy_label_not_manual_style_verification,0,train
dataset\indian_folk_31\raw_sources\Indian-Folk-Songs\audio chunks\Assamese\Assamese11chunk(3).wav,Assamese11chunk(3).wav,Bihu,Assamese,Assamese_11,3,A-dataset-of-Indian-Folk-Songs,source_category_proxy_mapping,proxy_label_not_manual_style_verification,0,train
dataset\indian_folk_31\raw_sources\Indian-Folk-Songs\audio chunks\Assamese\Assamese11chunk(4).wav,Assamese11chunk(4).wav,Bihu,Assamese,Assamese_11,4,A-dataset-of-Indian-Folk-Songs,source_category_proxy_mapping,proxy_label_not_manual_style_verification,0,train
dataset\indian_folk_31\raw_sources\Indian-Folk-Songs\audio chunks\Assamese\Assamese11chunk(5).wav,Assamese11chunk(5).wav,Bihu,Assamese,Assamese_11,5,A-dataset-of-Indian-Folk-Songs,source_category_proxy_mapping,proxy_label_not_manual_style_verification,0,train
dataset\indian_folk_31\raw_sources\Indian-Folk-Songs\audio chunks\Assamese\Assamese113chunk(0).wav,Assamese113chunk(0).wav,Bihu,Assamese,Assamese_113,0,A-dataset-of-Indian-Folk-Songs,source_category_proxy_mapping,proxy_label_not_manual_style_verification,0,train
dataset\indian_folk_31\raw_sources\Indian-Folk-Songs\audio chunks\Assamese\Assamese113chunk(1).wav,Assamese113chunk(1).wav,Bihu,Assamese,Assamese_113,1,A-dataset-of-Indian-Folk-Songs,source_category_proxy_mapping,proxy_label_not_manual_style_verification,0,train
dataset\indian_folk_31\raw_sources\Indian-Folk-Songs\audio chunks\Assamese\Assamese113chunk(2).wav,Assamese113chunk(2).wav,Bihu,Assamese,Assamese_113,2,A-dataset-of-Indian-Folk-Songs,source_category_proxy_mapping,proxy_label_not_manual_style_verification,0,train
dataset\indian_folk_31\raw_sources\Indian-Folk-Songs\audio chunks\Assamese\Assamese113chunk(3).wav,Assamese113chunk(3).wav,Bihu,Assamese,Assamese_113,3,A-dataset-of-Indian-Folk-Songs,source_category_proxy_mapping,proxy_label_not_manual_style_verification,0,train
dataset\indian_folk_31\raw_sources\Indian-Folk-Songs\audio chunks\Assamese\Assamese113chunk(4).wav,Assamese113chunk(4).wav,Bihu,Assamese,Assamese_113,4,A-dataset-of-Indian-Folk-Songs,source_category_proxy_mapping,proxy_label_not_manual_style_verification,0,train
dataset\indian_folk_31\raw_sources\Indian-Folk-Songs\audio chunks\Assamese\Assamese113chunk(5).wav,Assamese113chunk(5).wav,Bihu,Assamese,Assamese_113,5,A-dataset-of-Indian-Folk-Songs,source_category_proxy_mapping,proxy_label_not_manual_style_verification,0,train
dataset\indian_folk_31\raw_sources\Indian-Folk-Songs\audio chunks\Assamese\Assamese116chunk(0).wav,Assamese116chunk(0).wav,Bihu,Assamese,Assamese_116,0,A-dataset-of-Indian-Folk-Songs,source_category_proxy_mapping,proxy_label_not_manual_style_verification,0,train
dataset\indian_folk_31\raw_sources\Indian-Folk-Songs\audio chunks\Assamese\Assamese116chunk(1).wav,Assamese116chunk(1).wav,Bihu,Assamese,Assamese_116,1,A-dataset-of-Indian-Folk-Songs,source_category_proxy_mapping,proxy_label_not_manual_style_verification,0,train
dataset\indian_folk_31\raw_sources\Indian-Folk-Songs\audio chunks\Assamese\Assamese116chunk(2).wav,Assamese116chunk(2).wav,Bihu,Assamese,Assamese_116,2,A-dataset-of-Indian-Folk-Songs,source_category_proxy_mapping,proxy_label_not_manual_style_verification,0,train
dataset\indian_folk_31\raw_sources\Indian-Folk-Songs\audio chunks\Assamese\Assamese116chunk(3).wav,Assamese116chunk(3).wav,Bihu,Assamese,Assamese_116,3,A-dataset-of-Indian-Folk-Songs,source_category_proxy_mapping,proxy_label_not_manual_style_verification,0,train
dataset\indian_folk_31\raw_sources\Indian-Folk-Songs\audio chunks\Assamese\Assamese116chunk(4).wav,Assamese116chunk(4).wav,Bihu,Assamese,Assamese_116,4,A-dataset-of-Indian-Folk-Songs,source_category_proxy_mapping,proxy_label_not_manual_style_verification,0,train
dataset\indian_folk_31\raw_sources\Indian-Folk-Songs\audio chunks\Assamese\Assamese116chunk(5).wav,Assamese116chunk(5).wav,Bihu,Assamese,Assamese_116,5,A-dataset-of-Indian-Folk-Songs,source_category_proxy_mapping,proxy_label_not_manual_style_verification,0,train
dataset\indian_folk_31\raw_sources\Indian-Folk-Songs\audio chunks\Assamese\Assamese117chunk(0).wav,Assamese117chunk(0).wav,Bihu,Assamese,Assamese_117,0,A-dataset-of-Indian-Folk-Songs,source_category_proxy_mapping,proxy_label_not_manual_style_verification,0,train
dataset\indian_folk_31\raw_sources\Indian-Folk-Songs\audio chunks\Assamese\Assamese117chunk(1).wav,Assamese117chunk(1).wav,Bihu,Assamese,Assamese_117,1,A-dataset-of-Indian-Folk-Songs,source_category_proxy_mapping,proxy_label_not_manual_style_verification,0,train
dataset\indian_folk_31\raw_sources\Indian-Folk-Songs\audio chunks\Assamese\Assamese117chunk(2).wav,Assamese117chunk(2).wav,Bihu,Assamese,Assamese_117,2,A-dataset-of-Indian-Folk-Songs,source_category_proxy_mapping,proxy_label_not_manual_style_verification,0,train
dataset\indian_folk_31\raw_sources\Indian-Folk-Songs\audio chunks\Assamese\Assamese117chunk(3).wav,Assamese117chunk(3).wav,Bihu,Assamese,Assamese_117,3,A-dataset-of-Indian-Folk-Songs,source_category_proxy_mapping,proxy_label_not_manual_style_verification,0,train
dataset\indian_folk_31\raw_sources\Indian-Folk-Songs\audio chunks\Assamese\Assamese117chunk(4).wav,Assamese117chunk(4).wav,Bihu,Assamese,Assamese_117,4,A-dataset-of-Indian-Folk-Songs,source_category_proxy_mapping,proxy_label_not_manual_style_verification,0,train
dataset\indian_folk_31\raw_sources\Indian-Folk-Songs\audio chunks\Assamese\Assamese117chunk(5).wav,Assamese117chunk(5).wav,Bihu,Assamese,Assamese_117,5,A-dataset-of-Indian-Folk-Songs,source_category_proxy_mapping,proxy_label_not_manual_style_verification,0,train
dataset\indian_folk_31\raw_sources\Indian-Folk-Songs\audio chunks\Assamese\Assamese120chunk(0).wav,Assamese120chunk(0).wav,Bihu,Assamese,Assamese_120,0,A-dataset-of-Indian-Folk-Songs,source_category_proxy_mapping,proxy_label_not_manual_style_verification,0,train
dataset\indian_folk_31\raw_sources\Indian-Folk-Songs\audio chunks\Assamese\Assamese120chunk(1).wav,Assamese120chunk(1).wav,Bihu,Assamese,Assamese_120,1,A-dataset-of-Indian-Folk-Songs,source_category_proxy_mapping,proxy_label_not_manual_style_verification,0,train
dataset\indian_folk_31\raw_sources\Indian-Folk-Songs\audio chunks\Assamese\Assamese120chunk(2).wav,Assamese120chunk(2).wav,Bihu,Assamese,Assamese_120,2,A-dataset-of-Indian-Folk-Songs,source_category_proxy_mapping,proxy_label_not_manual_style_verification,0,train
dataset\indian_folk_31\raw_sources\Indian-Folk-Songs\audio chunks\Assamese\Assamese120chunk(3).wav,Assamese120chunk(3).wav,Bihu,Assamese,Assamese_120,3,A-dataset-of-Indian-Folk-Songs,source_category_proxy_mapping,proxy_label_not_manual_style_verification,0,train
dataset\indian_folk_31\raw_sources\Indian-Folk-Songs\audio chunks\Assamese\Assamese120chunk(4).wav,Assamese120chunk(4).wav,Bihu,Assamese,Assamese_120,4,A-dataset-of-Indian-Folk-Songs,source_category_proxy_mapping,proxy_label_not_manual_style_verification,0,train
dataset\indian_folk_31\raw_sources\Indian-Folk-Songs\audio chunks\Assamese\Assamese120chunk(5).wav,Assamese120chunk(5).wav,Bihu,Assamese,Assamese_120,5,A-dataset-of-Indian-Folk-Songs,source_category_proxy_mapping,proxy_label_not_manual_style_verification,0,train
dataset\indian_folk_31\raw_sources\Indian-Folk-Songs\audio chunks\Assamese\Assamese121chunk(0).wav,Assamese121chunk(0).wav,Bihu,Assamese,Assamese_121,0,A-dataset-of-Indian-Folk-Songs,source_category_proxy_mapping,proxy_label_not_manual_style_verification,0,train
dataset\indian_folk_31\raw_sources\Indian-Folk-Songs\audio chunks\Assamese\Assamese121chunk(1).wav,Assamese121chunk(1).wav,Bihu,Assamese,Assamese_121,1,A-dataset-of-Indian-Folk-Songs,source_category_proxy_mapping,proxy_label_not_manual_style_verification,0,train
dataset\indian_folk_31\raw_sources\Indian-Folk-Songs\audio chunks\Assamese\Assamese121chunk(2).wav,Assamese121chunk(2).wav,Bihu,Assamese,Assamese_121,2,A-dataset-of-Indian-Folk-Songs,source_category_proxy_mapping,proxy_label_not_manual_style_verification,0,train
dataset\indian_folk_31\raw_sources\Indian-Folk-Songs\audio chunks\Assamese\Assamese121chunk(3).wav,Assamese121chunk(3).wav,Bihu,Assamese,Assamese_121,3,A-dataset-of-Indian-Folk-Songs,source_category_proxy_mapping,proxy_label_not_manual_style_verification,0,train
dataset\indian_folk_31\raw_sources\Indian-Folk-Songs\audio chunks\Assamese\Assamese121chunk(4).wav,Assamese121chunk(4).wav,Bihu,Assamese,Assamese_121,4,A-dataset-of-Indian-Folk-Songs,source_category_proxy_mapping,proxy_label_not_manual_style_verification,0,train
dataset\indian_folk_31\raw_sources\Indian-Folk-Songs\audio chunks\Assamese\Assamese121chunk(5).wav,Assamese121chunk(5).wav,Bihu,Assamese,Assamese_121,5,A-dataset-of-Indian-Folk-Songs,source_category_proxy_mapping,proxy_label_not_manual_style_verification,0,train
dataset\indian_folk_31\raw_sources\Indian-Folk-Songs\audio chunks\Assamese\Assamese124chunk(0).wav,Assamese124chunk(0).wav,Bihu,Assamese,Assamese_124,0,A-dataset-of-Indian-Folk-Songs,source_category_proxy_mapping,proxy_label_not_manual_style_verification,0,train
dataset\indian_folk_31\raw_sources\Indian-Folk-Songs\audio chunks\Assamese\Assamese124chunk(1).wav,Assamese124chunk(1).wav,Bihu,Assamese,Assamese_124,1,A-dataset-of-Indian-Folk-Songs,source_category_proxy_mapping,proxy_label_not_manual_style_verification,0,train
dataset\indian_folk_31\raw_sources\Indian-Folk-Songs\audio chunks\Assamese\Assamese124chunk(2).wav,Assamese124chunk(2).wav,Bihu,Assamese,Assamese_124,2,A-dataset-of-Indian-Folk-Songs,source_category_proxy_mapping,proxy_label_not_manual_style_verification,0,train
dataset\indian_folk_31\raw_sources\Indian-Folk-Songs\audio chunks\Assamese\Assamese124chunk(3).wav,Assamese124chunk(3).wav,Bihu,Assamese,Assamese_124,3,A-dataset-of-Indian-Folk-Songs,source_category_proxy_mapping,proxy_label_not_manual_style_verification,0,train
dataset\indian_folk_31\raw_sources\Indian-Folk-Songs\audio chunks\Assamese\Assamese124chunk(4).wav,Assamese124chunk(4).wav,Bihu,Assamese,Assamese_124,4,A-dataset-of-Indian-Folk-Songs,source_category_proxy_mapping,proxy_label_not_manual_style_verification,0,train
dataset\indian_folk_31\raw_sources\Indian-Folk-Songs\audio chunks\Assamese\Assamese124chunk(5).wav,Assamese124chunk(5).wav,Bihu,Assamese,Assamese_124,5,A-dataset-of-Indian-Folk-Songs,source_category_proxy_mapping,proxy_label_not_manual_style_verification,0,train
dataset\indian_folk_31\raw_sources\Indian-Folk-Songs\audio chunks\Assamese\Assamese129chunk(0).wav,Assamese129chunk(0).wav,Bihu,Assamese,Assamese_129,0,A-dataset-of-Indian-Folk-Songs,source_category_proxy_mapping,proxy_label_not_manual_style_verification,0,train
dataset\indian_folk_31\raw_sources\Indian-Folk-Songs\audio chunks\Assamese\Assamese129chunk(1).wav,Assamese129chunk(1).wav,Bihu,Assamese,Assamese_129,1,A-dataset-of-Indian-Folk-Songs,source_category_proxy_mapping,proxy_label_not_manual_style_verification,0,train
dataset\indian_folk_31\raw_sources\Indian-Folk-Songs\audio chunks\Assamese\Assamese129chunk(2).wav,Assamese129chunk(2).wav,Bihu,Assamese,Assamese_129,2,A-dataset-of-Indian-Folk-Songs,source_category_proxy_mapping,proxy_label_not_manual_style_verification,0,train
dataset\indian_folk_31\raw_sources\Indian-Folk-Songs\audio chunks\Assamese\Assamese129chunk(3).wav,Assamese129chunk(3).wav,Bihu,Assamese,Assamese_129,3,A-dataset-of-Indian-Folk-Songs,source_category_proxy_mapping,proxy_label_not_manual_style_verification,0,train
dataset\indian_folk_31\raw_sources\Indian-Folk-Songs\audio chunks\Assamese\Assamese129chunk(4).wav,Assamese129chunk(4).wav,Bihu,Assamese,Assamese_129,4,A-dataset-of-Indian-Folk-Songs,source_category_proxy_mapping,proxy_label_not_manual_style_verification,0,train
dataset\indian_folk_31\raw_sources\Indian-Folk-Songs\audio chunks\Assamese\Assamese129chunk(5).wav,Assamese129chunk(5).wav,Bihu,Assamese,Assamese_129,5,A-dataset-of-Indian-Folk-Songs,source_category_proxy_mapping,proxy_label_not_manual_style_verification,0,train
dataset\indian_folk_31\raw_sources\Indian-Folk-Songs\audio chunks\Assamese\Assamese131chunk(0).wav,Assamese131chunk(0).wav,Bihu,Assamese,Assamese_131,0,A-dataset-of-Indian-Folk-Songs,source_category_proxy_mapping,proxy_label_not_manual_style_verification,0,train
dataset\indian_folk_31\raw_sources\Indian-Folk-Songs\audio chunks\Assamese\Assamese131chunk(1).wav,Assamese131chunk(1).wav,Bihu,Assamese,Assamese_131,1,A-dataset-of-Indian-Folk-Songs,source_category_proxy_mapping,proxy_label_not_manual_style_verification,0,train
dataset\indian_folk_31\raw_sources\Indian-Folk-Songs\audio chunks\Assamese\Assamese131chunk(2).wav,Assamese131chunk(2).wav,Bihu,Assamese,Assamese_131,2,A-dataset-of-Indian-Folk-Songs,source_category_proxy_mapping,proxy_label_not_manual_style_verification,0,train
dataset\indian_folk_31\raw_sources\Indian-Folk-Songs\audio chunks\Assamese\Assamese131chunk(3).wav,Assamese131chunk(3).wav,Bihu,Assamese,Assamese_131,3,A-dataset-of-Indian-Folk-Songs,source_category_proxy_mapping,proxy_label_not_manual_style_verification,0,train
dataset\indian_folk_31\raw_sources\Indian-Folk-Songs\audio chunks\Assamese\Assamese131chunk(4).wav,Assamese131chunk(4).wav,Bihu,Assamese,Assamese_131,4,A-dataset-of-Indian-Folk-Songs,source_category_proxy_mapping,proxy_label_not_manual_style_verification,0,train
dataset\indian_folk_31\raw_sources\Indian-Folk-Songs\audio chunks\Assamese\Assamese131chunk(5).wav,Assamese131chunk(5).wav,Bihu,Assamese,Assamese_131,5,A-dataset-of-Indian-Folk-Songs,source_category_proxy_mapping,proxy_label_not_manual_style_verification,0,train
dataset\indian_folk_31\raw_sources\Indian-Folk-Songs\audio chunks\Assamese\Assamese133chunk(0).wav,Assamese133chunk(0).wav,Bihu,Assamese,Assamese_133,0,A-dataset-of-Indian-Folk-Songs,source_category_proxy_mapping,proxy_label_not_manual_style_verification,0,train
dataset\indian_folk_31\raw_sources\Indian-Folk-Songs\audio chunks\Assamese\Assamese133chunk(1).wav,Assamese133chunk(1).wav,Bihu,Assamese,Assamese_133,1,A-dataset-of-Indian-Folk-Songs,source_category_proxy_mapping,proxy_label_not_manual_style_verification,0,train
dataset\indian_folk_31\raw_sources\Indian-Folk-Songs\audio chunks\Assamese\Assamese133chunk(2).wav,Assamese133chunk(2).wav,Bihu,Assamese,Assamese_133,2,A-dataset-of-Indian-Folk-Songs,source_category_proxy_mapping,proxy_label_not_manual_style_verification,0,train
dataset\indian_folk_31\raw_sources\Indian-Folk-Songs\audio chunks\Assamese\Assamese133chunk(3).wav,Assamese133chunk(3).wav,Bihu,Assamese,Assamese_133,3,A-dataset-of-Indian-Folk-Songs,source_category_proxy_mapping,proxy_label_not_manual_style_verification,0,train
dataset\indian_folk_31\raw_sources\Indian-Folk-Songs\audio chunks\Assamese\Assamese133chunk(4).wav,Assamese133chunk(4).wav,Bihu,Assamese,Assamese_133,4,A-dataset-of-Indian-Folk-Songs,source_category_proxy_mapping,proxy_label_not_manual_style_verification,0,train
dataset\indian_folk_31\raw_sources\Indian-Folk-Songs\audio chunks\Assamese\Assamese133chunk(5).wav,Assamese133chunk(5).wav,Bihu,Assamese,Assamese_133,5,A-dataset-of-Indian-Folk-Songs,source_category_proxy_mapping,proxy_label_not_manual_style_verification,0,train
dataset\indian_folk_31\raw_sources\Indian-Folk-Songs\audio chunks\Assamese\Assamese136chunk(0).wav,Assamese136chunk(0).wav,Bihu,Assamese,Assamese_136,0,A-dataset-of-Indian-Folk-Songs,source_category_proxy_mapping,proxy_label_not_manual_style_verification,0,train
dataset\indian_folk_31\raw_sources\Indian-Folk-Songs\audio chunks\Assamese\Assamese136chunk(1).wav,Assamese136chunk(1).wav,Bihu,Assamese,Assamese_136,1,A-dataset-of-Indian-Folk-Songs,source_category_proxy_mapping,proxy_label_not_manual_style_verification,0,train
dataset\indian_folk_31\raw_sources\Indian-Folk-Songs\audio chunks\Assamese\Assamese136chunk(2).wav,Assamese136chunk(2).wav,Bihu,Assamese,Assamese_136,2,A-dataset-of-Indian-Folk-Songs,source_category_proxy_mapping,proxy_label_not_manual_style_verification,0,train
dataset\indian_folk_31\raw_sources\Indian-Folk-Songs\audio chunks\Assamese\Assamese136chunk(3).wav,Assamese136chunk(3).wav,Bihu,Assamese,Assamese_136,3,A-dataset-of-Indian-Folk-Songs,source_category_proxy_mapping,proxy_label_not_manual_style_verification,0,train
dataset\indian_folk_31\raw_sources\Indian-Folk-Songs\audio chunks\Assamese\Assamese136chunk(4).wav,Assamese136chunk(4).wav,Bihu,Assamese,Assamese_136,4,A-dataset-of-Indian-Folk-Songs,source_category_proxy_mapping,proxy_label_not_manual_style_verification,0,train
dataset\indian_folk_31\raw_sources\Indian-Folk-Songs\audio chunks\Assamese\Assamese136chunk(5).wav,Assamese136chunk(5).wav,Bihu,Assamese,Assamese_136,5,A-dataset-of-Indian-Folk-Songs,source_category_proxy_mapping,proxy_label_not_manual_style_verification,0,train
dataset\indian_folk_31\raw_sources\Indian-Folk-Songs\audio chunks\Assamese\Assamese17chunk(0).wav,Assamese17chunk(0).wav,Bihu,Assamese,Assamese_17,0,A-dataset-of-Indian-Folk-Songs,source_category_proxy_mapping,proxy_label_not_manual_style_verification,0,train
dataset\indian_folk_31\raw_sources\Indian-Folk-Songs\audio chunks\Assamese\Assamese17chunk(1).wav,Assamese17chunk(1).wav,Bihu,Assamese,Assamese_17,1,A-dataset-of-Indian-Folk-Songs,source_category_proxy_mapping,proxy_label_not_manual_style_verification,0,train
dataset\indian_folk_31\raw_sources\Indian-Folk-Songs\audio chunks\Assamese\Assamese17chunk(2).wav,Assamese17chunk(2).wav,Bihu,Assamese,Assamese_17,2,A-dataset-of-Indian-Folk-Songs,source_category_proxy_mapping,proxy_label_not_manual_style_verification,0,train
dataset\indian_folk_31\raw_sources\Indian-Folk-Songs\audio chunks\Assamese\Assamese17chunk(3).wav,Assamese17chunk(3).wav,Bihu,Assamese,Assamese_17,3,A-dataset-of-Indian-Folk-Songs,source_category_proxy_mapping,proxy_label_not_manual_style_verification,0,train
dataset\indian_folk_31\raw_sources\Indian-Folk-Songs\audio chunks\Assamese\Assamese17chunk(4).wav,Assamese17chunk(4).wav,Bihu,Assamese,Assamese_17,4,A-dataset-of-Indian-Folk-Songs,source_category_proxy_mapping,proxy_label_not_manual_style_verification,0,train
dataset\indian_folk_31\raw_sources\Indian-Folk-Songs\audio chunks\Assamese\Assamese17chunk(5).wav,Assamese17chunk(5).wav,Bihu,Assamese,Assamese_17,5,A-dataset-of-Indian-Folk-Songs,source_category_proxy_mapping,proxy_label_not_manual_style_verification,0,train
dataset\indian_folk_31\raw_sources\Indian-Folk-Songs\audio chunks\Assamese\Assamese18chunk(0).wav,Assamese18chunk(0).wav,Bihu,Assamese,Assamese_18,0,A-dataset-of-Indian-Folk-Songs,source_category_proxy_mapping,proxy_label_not_manual_style_verification,0,train
dataset\indian_folk_31\raw_sources\Indian-Folk-Songs\audio chunks\Assamese\Assamese18chunk(1).wav,Assamese18chunk(1).wav,Bihu,Assamese,Assamese_18,1,A-dataset-of-Indian-Folk-Songs,source_category_proxy_mapping,proxy_label_not_manual_style_verification,0,train
dataset\indian_folk_31\raw_sources\Indian-Folk-Songs\audio chunks\Assamese\Assamese18chunk(2).wav,Assamese18chunk(2).wav,Bihu,Assamese,Assamese_18,2,A-dataset-of-Indian-Folk-Songs,source_category_proxy_mapping,proxy_label_not_manual_style_verification,0,train
dataset\indian_folk_31\raw_sources\Indian-Folk-Songs\audio chunks\Assamese\Assamese18chunk(3).wav,Assamese18chunk(3).wav,Bihu,Assamese,Assamese_18,3,A-dataset-of-Indian-Folk-Songs,source_category_proxy_mapping,proxy_label_not_manual_style_verification,0,train
dataset\indian_folk_31\raw_sources\Indian-Folk-Songs\audio chunks\Assamese\Assamese18chunk(4).wav,Assamese18chunk(4).wav,Bihu,Assamese,Assamese_18,4,A-dataset-of-Indian-Folk-Songs,source_category_proxy_mapping,proxy_label_not_manual_style_verification,0,train
dataset\indian_folk_31\raw_sources\Indian-Folk-Songs\audio chunks\Assamese\Assamese18chunk(5).wav,Assamese18chunk(5).wav,Bihu,Assamese,Assamese_18,5,A-dataset-of-Indian-Folk-Songs,source_category_proxy_mapping,proxy_label_not_manual_style_verification,0,train
dataset\indian_folk_31\raw_sources\Indian-Folk-Songs\audio chunks\Assamese\Assamese19chunk(0).wav,Assamese19chunk(0).wav,Bihu,Assamese,Assamese_19,0,A-dataset-of-Indian-Folk-Songs,source_category_proxy_mapping,proxy_label_not_manual_style_verification,0,train
dataset\indian_folk_31\raw_sources\Indian-Folk-Songs\audio chunks\Assamese\Assamese19chunk(1).wav,Assamese19chunk(1).wav,Bihu,Assamese,Assamese_19,1,A-dataset-of-Indian-Folk-Songs,source_category_proxy_mapping,proxy_label_not_manual_style_verification,0,train
dataset\indian_folk_31\raw_sources\Indian-Folk-Songs\audio chunks\Assamese\Assamese19chunk(2).wav,Assamese19chunk(2).wav,Bihu,Assamese,Assamese_19,2,A-dataset-of-Indian-Folk-Songs,source_category_proxy_mapping,proxy_label_not_manual_style_verification,0,train
dataset\indian_folk_31\raw_sources\Indian-Folk-Songs\audio chunks\Assamese\Assamese19chunk(3).wav,Assamese19chunk(3).wav,Bihu,Assamese,Assamese_19,3,A-dataset-of-Indian-Folk-Songs,source_category_proxy_mapping,proxy_label_not_manual_style_verification,0,train
dataset\indian_folk_31\raw_sources\Indian-Folk-Songs\audio chunks\Assamese\Assamese19chunk(4).wav,Assamese19chunk(4).wav,Bihu,Assamese,Assamese_19,4,A-dataset-of-Indian-Folk-Songs,source_category_proxy_mapping,proxy_label_not_manual_style_verification,0,train
dataset\indian_folk_31\raw_sources\Indian-Folk-Songs\audio chunks\Assamese\Assamese19chunk(5).wav,Assamese19chunk(5).wav,Bihu,Assamese,Assamese_19,5,A-dataset-of-Indian-Folk-Songs,source_category_proxy_mapping,proxy_label_not_manual_style_verification,0,train
dataset\indian_folk_31\raw_sources\Indian-Folk-Songs\audio chunks\Assamese\Assamese2chunk(0).wav,Assamese2chunk(0).wav,Bihu,Assamese,Assamese_2,0,A-dataset-of-Indian-Folk-Songs,source_category_proxy_mapping,proxy_label_not_manual_style_verification,0,train
dataset\indian_folk_31\raw_sources\Indian-Folk-Songs\audio chunks\Assamese\Assamese2chunk(1).wav,Assamese2chunk(1).wav,Bihu,Assamese,Assamese_2,1,A-dataset-of-Indian-Folk-Songs,source_category_proxy_mapping,proxy_label_not_manual_style_verification,0,train
dataset\indian_folk_31\raw_sources\Indian-Folk-Songs\audio chunks\Assamese\Assamese2chunk(2).wav,Assamese2chunk(2).wav,Bihu,Assamese,Assamese_2,2,A-dataset-of-Indian-Folk-Songs,source_category_proxy_mapping,proxy_label_not_manual_style_verification,0,train
dataset\indian_folk_31\raw_sources\Indian-Folk-Songs\audio chunks\Assamese\Assamese2chunk(3).wav,Assamese2chunk(3).wav,Bihu,Assamese,Assamese_2,3,A-dataset-of-Indian-Folk-Songs,source_category_proxy_mapping,proxy_label_not_manual_style_verification,0,train
dataset\indian_folk_31\raw_sources\Indian-Folk-Songs\audio chunks\Assamese\Assamese2chunk(4).wav,Assamese2chunk(4).wav,Bihu,Assamese,Assamese_2,4,A-dataset-of-Indian-Folk-Songs,source_category_proxy_mapping,proxy_label_not_manual_style_verification,0,train
dataset\indian_folk_31\raw_sources\Indian-Folk-Songs\audio chunks\Assamese\Assamese2chunk(5).wav,Assamese2chunk(5).wav,Bihu,Assamese,Assamese_2,5,A-dataset-of-Indian-Folk-Songs,source_category_proxy_mapping,proxy_label_not_manual_style_verification,0,train
dataset\indian_folk_31\raw_sources\Indian-Folk-Songs\audio chunks\Assamese\Assamese22chunk(0).wav,Assamese22chunk(0).wav,Bihu,Assamese,Assamese_22,0,A-dataset-of-Indian-Folk-Songs,source_category_proxy_mapping,proxy_label_not_manual_style_verification,0,train
dataset\indian_folk_31\raw_sources\Indian-Folk-Songs\audio chunks\Assamese\Assamese22chunk(1).wav,Assamese22chunk(1).wav,Bihu,Assamese,Assamese_22,1,A-dataset-of-Indian-Folk-Songs,source_category_proxy_mapping,proxy_label_not_manual_style_verification,0,train
dataset\indian_folk_31\raw_sources\Indian-Folk-Songs\audio chunks\Assamese\Assamese22chunk(2).wav,Assamese22chunk(2).wav,Bihu,Assamese,Assamese_22,2,A-dataset-of-Indian-Folk-Songs,source_category_proxy_mapping,proxy_label_not_manual_style_verification,0,train
dataset\indian_folk_31\raw_sources\Indian-Folk-Songs\audio chunks\Assamese\Assamese22chunk(3).wav,Assamese22chunk(3).wav,Bihu,Assamese,Assamese_22,3,A-dataset-of-Indian-Folk-Songs,source_category_proxy_mapping,proxy_label_not_manual_style_verification,0,train
dataset\indian_folk_31\raw_sources\Indian-Folk-Songs\audio chunks\Assamese\Assamese22chunk(4).wav,Assamese22chunk(4).wav,Bihu,Assamese,Assamese_22,4,A-dataset-of-Indian-Folk-Songs,source_category_proxy_mapping,proxy_label_not_manual_style_verification,0,train
dataset\indian_folk_31\raw_sources\Indian-Folk-Songs\audio chunks\Assamese\Assamese22chunk(5).wav,Assamese22chunk(5).wav,Bihu,Assamese,Assamese_22,5,A-dataset-of-Indian-Folk-Songs,source_category_proxy_mapping,proxy_label_not_manual_style_verification,0,train
dataset\indian_folk_31\raw_sources\Indian-Folk-Songs\audio chunks\Assamese\Assamese23chunk(0).wav,Assamese23chunk(0).wav,Bihu,Assamese,Assamese_23,0,A-dataset-of-Indian-Folk-Songs,source_category_proxy_mapping,proxy_label_not_manual_style_verification,0,train
dataset\indian_folk_31\raw_sources\Indian-Folk-Songs\audio chunks\Assamese\Assamese23chunk(1).wav,Assamese23chunk(1).wav,Bihu,Assamese,Assamese_23,1,A-dataset-of-Indian-Folk-Songs,source_category_proxy_mapping,proxy_label_not_manual_style_verification,0,train
dataset\indian_folk_31\raw_sources\Indian-Folk-Songs\audio chunks\Assamese\Assamese23chunk(2).wav,Assamese23chunk(2).wav,Bihu,Assamese,Assamese_23,2,A-dataset-of-Indian-Folk-Songs,source_category_proxy_mapping,proxy_label_not_manual_style_verification,0,train
dataset\indian_folk_31\raw_sources\Indian-Folk-Songs\audio chunks\Assamese\Assamese23chunk(3).wav,Assamese23chunk(3).wav,Bihu,Assamese,Assamese_23,3,A-dataset-of-Indian-Folk-Songs,source_category_proxy_mapping,proxy_label_not_manual_style_verification,0,train
dataset\indian_folk_31\raw_sources\Indian-Folk-Songs\audio chunks\Assamese\Assamese23chunk(4).wav,Assamese23chunk(4).wav,Bihu,Assamese,Assamese_23,4,A-dataset-of-Indian-Folk-Songs,source_category_proxy_mapping,proxy_label_not_manual_style_verification,0,train
dataset\indian_folk_31\raw_sources\Indian-Folk-Songs\audio chunks\Assamese\Assamese23chunk(5).wav,Assamese23chunk(5).wav,Bihu,Assamese,Assamese_23,5,A-dataset-of-Indian-Folk-Songs,source_category_proxy_mapping,proxy_label_not_manual_style_verification,0,train
dataset\indian_folk_31\raw_sources\Indian-Folk-Songs\audio chunks\Assamese\Assamese26chunk(0).wav,Assamese26chunk(0).wav,Bihu,Assamese,Assamese_26,0,A-dataset-of-Indian-Folk-Songs,source_category_proxy_mapping,proxy_label_not_manual_style_verification,0,train
dataset\indian_folk_31\raw_sources\Indian-Folk-Songs\audio chunks\Assamese\Assamese26chunk(1).wav,Assamese26chunk(1).wav,Bihu,Assamese,Assamese_26,1,A-dataset-of-Indian-Folk-Songs,source_category_proxy_mapping,proxy_label_not_manual_style_verification,0,train
dataset\indian_folk_31\raw_sources\Indian-Folk-Songs\audio chunks\Assamese\Assamese26chunk(2).wav,Assamese26chunk(2).wav,Bihu,Assamese,Assamese_26,2,A-dataset-of-Indian-Folk-Songs,source_category_proxy_mapping,proxy_label_not_manual_style_verification,0,train
dataset\indian_folk_31\raw_sources\Indian-Folk-Songs\audio chunks\Assamese\Assamese26chunk(3).wav,Assamese26chunk(3).wav,Bihu,Assamese,Assamese_26,3,A-dataset-of-Indian-Folk-Songs,source_category_proxy_mapping,proxy_label_not_manual_style_verification,0,train
dataset\indian_folk_31\raw_sources\Indian-Folk-Songs\audio chunks\Assamese\Assamese26chunk(4).wav,Assamese26chunk(4).wav,Bihu,Assamese,Assamese_26,4,A-dataset-of-Indian-Folk-Songs,source_category_proxy_mapping,proxy_label_not_manual_style_verification,0,train
dataset\indian_folk_31\raw_sources\Indian-Folk-Songs\audio chunks\Assamese\Assamese26chunk(5).wav,Assamese26chunk(5).wav,Bihu,Assamese,Assamese_26,5,A-dataset-of-Indian-Folk-Songs,source_category_proxy_mapping,proxy_label_not_manual_style_verification,0,train
dataset\indian_folk_31\raw_sources\Indian-Folk-Songs\audio chunks\Assamese\Assamese27chunk(0).wav,Assamese27chunk(0).wav,Bihu,Assamese,Assamese_27,0,A-dataset-of-Indian-Folk-Songs,source_category_proxy_mapping,proxy_label_not_manual_style_verification,0,train
dataset\indian_folk_31\raw_sources\Indian-Folk-Songs\audio chunks\Assamese\Assamese27chunk(1).wav,Assamese27chunk(1).wav,Bihu,Assamese,Assamese_27,1,A-dataset-of-Indian-Folk-Songs,source_category_proxy_mapping,proxy_label_not_manual_style_verification,0,train
dataset\indian_folk_31\raw_sources\Indian-Folk-Songs\audio chunks\Assamese\Assamese27chunk(2).wav,Assamese27chunk(2).wav,Bihu,Assamese,Assamese_27,2,A-dataset-of-Indian-Folk-Songs,source_category_proxy_mapping,proxy_label_not_manual_style_verification,0,train
dataset\indian_folk_31\raw_sources\Indian-Folk-Songs\audio chunks\Assamese\Assamese27chunk(3).wav,Assamese27chunk(3).wav,Bihu,Assamese,Assamese_27,3,A-dataset-of-Indian-Folk-Songs,source_category_proxy_mapping,proxy_label_not_manual_style_verification,0,train
dataset\indian_folk_31\raw_sources\Indian-Folk-Songs\audio chunks\Assamese\Assamese27chunk(4).wav,Assamese27chunk(4).wav,Bihu,Assamese,Assamese_27,4,A-dataset-of-Indian-Folk-Songs,source_category_proxy_mapping,proxy_label_not_manual_style_verification,0,train
dataset\indian_folk_31\raw_sources\Indian-Folk-Songs\audio chunks\Assamese\Assamese27chunk(5).wav,Assamese27chunk(5).wav,Bihu,Assamese,Assamese_27,5,A-dataset-of-Indian-Folk-Songs,source_category_proxy_mapping,proxy_label_not_manual_style_verification,0,train
dataset\indian_folk_31\raw_sources\Indian-Folk-Songs\audio chunks\Assamese\Assamese28chunk(0).wav,Assamese28chunk(0).wav,Bihu,Assamese,Assamese_28,0,A-dataset-of-Indian-Folk-Songs,source_category_proxy_mapping,proxy_label_not_manual_style_verification,0,train
dataset\indian_folk_31\raw_sources\Indian-Folk-Songs\audio chunks\Assamese\Assamese28chunk(1).wav,Assamese28chunk(1).wav,Bihu,Assamese,Assamese_28,1,A-dataset-of-Indian-Folk-Songs,source_category_proxy_mapping,proxy_label_not_manual_style_verification,0,train
dataset\indian_folk_31\raw_sources\Indian-Folk-Songs\audio chunks\Assamese\Assamese28chunk(2).wav,Assamese28chunk(2).wav,Bihu,Assamese,Assamese_28,2,A-dataset-of-Indian-Folk-Songs,source_category_proxy_mapping,proxy_label_not_manual_style_verification,0,train
dataset\indian_folk_31\raw_sources\Indian-Folk-Songs\audio chunks\Assamese\Assamese28chunk(3).wav,Assamese28chunk(3).wav,Bihu,Assamese,Assamese_28,3,A-dataset-of-Indian-Folk-Songs,source_category_proxy_mapping,proxy_label_not_manual_style_verification,0,train
dataset\indian_folk_31\raw_sources\Indian-Folk-Songs\audio chunks\Assamese\Assamese28chunk(4).wav,Assamese28chunk(4).wav,Bihu,Assamese,Assamese_28,4,A-dataset-of-Indian-Folk-Songs,source_category_proxy_mapping,proxy_label_not_manual_style_verification,0,train
dataset\indian_folk_31\raw_sources\Indian-Folk-Songs\audio chunks\Assamese\Assamese28chunk(5).wav,Assamese28chunk(5).wav,Bihu,Assamese,Assamese_28,5,A-dataset-of-Indian-Folk-Songs,source_category_proxy_mapping,proxy_label_not_manual_style_verification,0,train
dataset\indian_folk_31\raw_sources\Indian-Folk-Songs\audio chunks\Assamese\Assamese3chunk(0).wav,Assamese3chunk(0).wav,Bihu,Assamese,Assamese_3,0,A-dataset-of-Indian-Folk-Songs,source_category_proxy_mapping,proxy_label_not_manual_style_verification,0,train
dataset\indian_folk_31\raw_sources\Indian-Folk-Songs\audio chunks\Assamese\Assamese3chunk(1).wav,Assamese3chunk(1).wav,Bihu,Assamese,Assamese_3,1,A-dataset-of-Indian-Folk-Songs,source_category_proxy_mapping,proxy_label_not_manual_style_verification,0,train
dataset\indian_folk_31\raw_sources\Indian-Folk-Songs\audio chunks\Assamese\Assamese3chunk(2).wav,Assamese3chunk(2).wav,Bihu,Assamese,Assamese_3,2,A-dataset-of-Indian-Folk-Songs,source_category_proxy_mapping,proxy_label_not_manual_style_verification,0,train
dataset\indian_folk_31\raw_sources\Indian-Folk-Songs\audio chunks\Assamese\Assamese3chunk(3).wav,Assamese3chunk(3).wav,Bihu,Assamese,Assamese_3,3,A-dataset-of-Indian-Folk-Songs,source_category_proxy_mapping,proxy_label_not_manual_style_verification,0,train
dataset\indian_folk_31\raw_sources\Indian-Folk-Songs\audio chunks\Assamese\Assamese3chunk(4).wav,Assamese3chunk(4).wav,Bihu,Assamese,Assamese_3,4,A-dataset-of-Indian-Folk-Songs,source_category_proxy_mapping,proxy_label_not_manual_style_verification,0,train
dataset\indian_folk_31\raw_sources\Indian-Folk-Songs\audio chunks\Assamese\Assamese3chunk(5).wav,Assamese3chunk(5).wav,Bihu,Assamese,Assamese_3,5,A-dataset-of-Indian-Folk-Songs,source_category_proxy_mapping,proxy_label_not_manual_style_verification,0,train
dataset\indian_folk_31\raw_sources\Indian-Folk-Songs\audio chunks\Assamese\Assamese39chunk(0).wav,Assamese39chunk(0).wav,Bihu,Assamese,Assamese_39,0,A-dataset-of-Indian-Folk-Songs,source_category_proxy_mapping,proxy_label_not_manual_style_verification,0,train
dataset\indian_folk_31\raw_sources\Indian-Folk-Songs\audio chunks\Assamese\Assamese39chunk(1).wav,Assamese39chunk(1).wav,Bihu,Assamese,Assamese_39,1,A-dataset-of-Indian-Folk-Songs,source_category_proxy_mapping,proxy_label_not_manual_style_verification,0,train
dataset\indian_folk_31\raw_sources\Indian-Folk-Songs\audio chunks\Assamese\Assamese39chunk(2).wav,Assamese39chunk(2).wav,Bihu,Assamese,Assamese_39,2,A-dataset-of-Indian-Folk-Songs,source_category_proxy_mapping,proxy_label_not_manual_style_verification,0,train
dataset\indian_folk_31\raw_sources\Indian-Folk-Songs\audio chunks\Assamese\Assamese39chunk(3).wav,Assamese39chunk(3).wav,Bihu,Assamese,Assamese_39,3,A-dataset-of-Indian-Folk-Songs,source_category_proxy_mapping,proxy_label_not_manual_style_verification,0,train
dataset\indian_folk_31\raw_sources\Indian-Folk-Songs\audio chunks\Assamese\Assamese39chunk(4).wav,Assamese39chunk(4).wav,Bihu,Assamese,Assamese_39,4,A-dataset-of-Indian-Folk-Songs,source_category_proxy_mapping,proxy_label_not_manual_style_verification,0,train
dataset\indian_folk_31\raw_sources\Indian-Folk-Songs\audio chunks\Assamese\Assamese39chunk(5).wav,Assamese39chunk(5).wav,Bihu,Assamese,Assamese_39,5,A-dataset-of-Indian-Folk-Songs,source_category_proxy_mapping,proxy_label_not_manual_style_verification,0,train
dataset\indian_folk_31\raw_sources\Indian-Folk-Songs\audio chunks\Assamese\Assamese45chunk(0).wav,Assamese45chunk(0).wav,Bihu,Assamese,Assamese_45,0,A-dataset-of-Indian-Folk-Songs,source_category_proxy_mapping,proxy_label_not_manual_style_verification,0,train
dataset\indian_folk_31\raw_sources\Indian-Folk-Songs\audio chunks\Assamese\Assamese45chunk(1).wav,Assamese45chunk(1).wav,Bihu,Assamese,Assamese_45,1,A-dataset-of-Indian-Folk-Songs,source_category_proxy_mapping,proxy_label_not_manual_style_verification,0,train
dataset\indian_folk_31\raw_sources\Indian-Folk-Songs\audio chunks\Assamese\Assamese45chunk(2).wav,Assamese45chunk(2).wav,Bihu,Assamese,Assamese_45,2,A-dataset-of-Indian-Folk-Songs,source_category_proxy_mapping,proxy_label_not_manual_style_verification,0,train
dataset\indian_folk_31\raw_sources\Indian-Folk-Songs\audio chunks\Assamese\Assamese45chunk(3).wav,Assamese45chunk(3).wav,Bihu,Assamese,Assamese_45,3,A-dataset-of-Indian-Folk-Songs,source_category_proxy_mapping,proxy_label_not_manual_style_verification,0,train
dataset\indian_folk_31\raw_sources\Indian-Folk-Songs\audio chunks\Assamese\Assamese45chunk(4).wav,Assamese45chunk(4).wav,Bihu,Assamese,Assamese_45,4,A-dataset-of-Indian-Folk-Songs,source_category_proxy_mapping,proxy_label_not_manual_style_verification,0,train
dataset\indian_folk_31\raw_sources\Indian-Folk-Songs\audio chunks\Assamese\Assamese45chunk(5).wav,Assamese45chunk(5).wav,Bihu,Assamese,Assamese_45,5,A-dataset-of-Indian-Folk-Songs,source_category_proxy_mapping,proxy_label_not_manual_style_verification,0,train
dataset\indian_folk_31\raw_sources\Indian-Folk-Songs\audio chunks\Assamese\Assamese47chunk(0).wav,Assamese47chunk(0).wav,Bihu,Assamese,Assamese_47,0,A-dataset-of-Indian-Folk-Songs,source_category_proxy_mapping,proxy_label_not_manual_style_verification,0,train
dataset\indian_folk_31\raw_sources\Indian-Folk-Songs\audio chunks\Assamese\Assamese47chunk(1).wav,Assamese47chunk(1).wav,Bihu,Assamese,Assamese_47,1,A-dataset-of-Indian-Folk-Songs,source_category_proxy_mapping,proxy_label_not_manual_style_verification,0,train
dataset\indian_folk_31\raw_sources\Indian-Folk-Songs\audio chunks\Assamese\Assamese47chunk(2).wav,Assamese47chunk(2).wav,Bihu,Assamese,Assamese_47,2,A-dataset-of-Indian-Folk-Songs,source_category_proxy_mapping,proxy_label_not_manual_style_verification,0,train
dataset\indian_folk_31\raw_sources\Indian-Folk-Songs\audio chunks\Assamese\Assamese47chunk(3).wav,Assamese47chunk(3).wav,Bihu,Assamese,Assamese_47,3,A-dataset-of-Indian-Folk-Songs,source_category_proxy_mapping,proxy_label_not_manual_style_verification,0,train
dataset\indian_folk_31\raw_sources\Indian-Folk-Songs\audio chunks\Assamese\Assamese47chunk(4).wav,Assamese47chunk(4).wav,Bihu,Assamese,Assamese_47,4,A-dataset-of-Indian-Folk-Songs,source_category_proxy_mapping,proxy_label_not_manual_style_verification,0,train
dataset\indian_folk_31\raw_sources\Indian-Folk-Songs\audio chunks\Assamese\Assamese47chunk(5).wav,Assamese47chunk(5).wav,Bihu,Assamese,Assamese_47,5,A-dataset-of-Indian-Folk-Songs,source_category_proxy_mapping,proxy_label_not_manual_style_verification,0,train
dataset\indian_folk_31\raw_sources\Indian-Folk-Songs\audio chunks\Assamese\Assamese50chunk(0).wav,Assamese50chunk(0).wav,Bihu,Assamese,Assamese_50,0,A-dataset-of-Indian-Folk-Songs,source_category_proxy_mapping,proxy_label_not_manual_style_verification,0,train
dataset\indian_folk_31\raw_sources\Indian-Folk-Songs\audio chunks\Assamese\Assamese50chunk(1).wav,Assamese50chunk(1).wav,Bihu,Assamese,Assamese_50,1,A-dataset-of-Indian-Folk-Songs,source_category_proxy_mapping,proxy_label_not_manual_style_verification,0,train
dataset\indian_folk_31\raw_sources\Indian-Folk-Songs\audio chunks\Assamese\Assamese50chunk(2).wav,Assamese50chunk(2).wav,Bihu,Assamese,Assamese_50,2,A-dataset-of-Indian-Folk-Songs,source_category_proxy_mapping,proxy_label_not_manual_style_verification,0,train
dataset\indian_folk_31\raw_sources\Indian-Folk-Songs\audio chunks\Assamese\Assamese50chunk(3).wav,Assamese50chunk(3).wav,Bihu,Assamese,Assamese_50,3,A-dataset-of-Indian-Folk-Songs,source_category_proxy_mapping,proxy_label_not_manual_style_verification,0,train
dataset\indian_folk_31\raw_sources\Indian-Folk-Songs\audio chunks\Assamese\Assamese50chunk(4).wav,Assamese50chunk(4).wav,Bihu,Assamese,Assamese_50,4,A-dataset-of-Indian-Folk-Songs,source_category_proxy_mapping,proxy_label_not_manual_style_verification,0,train
dataset\indian_folk_31\raw_sources\Indian-Folk-Songs\audio chunks\Assamese\Assamese50chunk(5).wav,Assamese50chunk(5).wav,Bihu,Assamese,Assamese_50,5,A-dataset-of-Indian-Folk-Songs,source_category_proxy_mapping,proxy_label_not_manual_style_verification,0,train
dataset\indian_folk_31\raw_sources\Indian-Folk-Songs\audio chunks\Assamese\Assamese51chunk(0).wav,Assamese51chunk(0).wav,Bihu,Assamese,Assamese_51,0,A-dataset-of-Indian-Folk-Songs,source_category_proxy_mapping,proxy_label_not_manual_style_verification,0,train
dataset\indian_folk_31\raw_sources\Indian-Folk-Songs\audio chunks\Assamese\Assamese51chunk(1).wav,Assamese51chunk(1).wav,Bihu,Assamese,Assamese_51,1,A-dataset-of-Indian-Folk-Songs,source_category_proxy_mapping,proxy_label_not_manual_style_verification,0,train
dataset\indian_folk_31\raw_sources\Indian-Folk-Songs\audio chunks\Assamese\Assamese51chunk(2).wav,Assamese51chunk(2).wav,Bihu,Assamese,Assamese_51,2,A-dataset-of-Indian-Folk-Songs,source_category_proxy_mapping,proxy_label_not_manual_style_verification,0,train
dataset\indian_folk_31\raw_sources\Indian-Folk-Songs\audio chunks\Assamese\Assamese51chunk(3).wav,Assamese51chunk(3).wav,Bihu,Assamese,Assamese_51,3,A-dataset-of-Indian-Folk-Songs,source_category_proxy_mapping,proxy_label_not_manual_style_verification,0,train
dataset\indian_folk_31\raw_sources\Indian-Folk-Songs\audio chunks\Assamese\Assamese51chunk(4).wav,Assamese51chunk(4).wav,Bihu,Assamese,Assamese_51,4,A-dataset-of-Indian-Folk-Songs,source_category_proxy_mapping,proxy_label_not_manual_style_verification,0,train
dataset\indian_folk_31\raw_sources\Indian-Folk-Songs\audio chunks\Assamese\Assamese51chunk(5).wav,Assamese51chunk(5).wav,Bihu,Assamese,Assamese_51,5,A-dataset-of-Indian-Folk-Songs,source_category_proxy_mapping,proxy_label_not_manual_style_verification,0,train
dataset\indian_folk_31\raw_sources\Indian-Folk-Songs\audio chunks\Assamese\Assamese54chunk(0).wav,Assamese54chunk(0).wav,Bihu,Assamese,Assamese_54,0,A-dataset-of-Indian-Folk-Songs,source_category_proxy_mapping,proxy_label_not_manual_style_verification,0,train
dataset\indian_folk_31\raw_sources\Indian-Folk-Songs\audio chunks\Assamese\Assamese54chunk(1).wav,Assamese54chunk(1).wav,Bihu,Assamese,Assamese_54,1,A-dataset-of-Indian-Folk-Songs,source_category_proxy_mapping,proxy_label_not_manual_style_verification,0,train
dataset\indian_folk_31\raw_sources\Indian-Folk-Songs\audio chunks\Assamese\Assamese54chunk(2).wav,Assamese54chunk(2).wav,Bihu,Assamese,Assamese_54,2,A-dataset-of-Indian-Folk-Songs,source_category_proxy_mapping,proxy_label_not_manual_style_verification,0,train
dataset\indian_folk_31\raw_sources\Indian-Folk-Songs\audio chunks\Assamese\Assamese54chunk(3).wav,Assamese54chunk(3).wav,Bihu,Assamese,Assamese_54,3,A-dataset-of-Indian-Folk-Songs,source_category_proxy_mapping,proxy_label_not_manual_style_verification,0,train
dataset\indian_folk_31\raw_sources\Indian-Folk-Songs\audio chunks\Assamese\Assamese54chunk(4).wav,Assamese54chunk(4).wav,Bihu,Assamese,Assamese_54,4,A-dataset-of-Indian-Folk-Songs,source_category_proxy_mapping,proxy_label_not_manual_style_verification,0,train
dataset\indian_folk_31\raw_sources\Indian-Folk-Songs\audio chunks\Assamese\Assamese54chunk(5).wav,Assamese54chunk(5).wav,Bihu,Assamese,Assamese_54,5,A-dataset-of-Indian-Folk-Songs,source_category_proxy_mapping,proxy_label_not_manual_style_verification,0,train
dataset\indian_folk_31\raw_sources\Indian-Folk-Songs\audio chunks\Assamese\Assamese56chunk(0).wav,Assamese56chunk(0).wav,Bihu,Assamese,Assamese_56,0,A-dataset-of-Indian-Folk-Songs,source_category_proxy_mapping,proxy_label_not_manual_style_verification,0,train
dataset\indian_folk_31\raw_sources\Indian-Folk-Songs\audio chunks\Assamese\Assamese56chunk(1).wav,Assamese56chunk(1).wav,Bihu,Assamese,Assamese_56,1,A-dataset-of-Indian-Folk-Songs,source_category_proxy_mapping,proxy_label_not_manual_style_verification,0,train
dataset\indian_folk_31\raw_sources\Indian-Folk-Songs\audio chunks\Assamese\Assamese56chunk(2).wav,Assamese56chunk(2).wav,Bihu,Assamese,Assamese_56,2,A-dataset-of-Indian-Folk-Songs,source_category_proxy_mapping,proxy_label_not_manual_style_verification,0,train
dataset\indian_folk_31\raw_sources\Indian-Folk-Songs\audio chunks\Assamese\Assamese56chunk(3).wav,Assamese56chunk(3).wav,Bihu,Assamese,Assamese_56,3,A-dataset-of-Indian-Folk-Songs,source_category_proxy_mapping,proxy_label_not_manual_style_verification,0,train
dataset\indian_folk_31\raw_sources\Indian-Folk-Songs\audio chunks\Assamese\Assamese56chunk(4).wav,Assamese56chunk(4).wav,Bihu,Assamese,Assamese_56,4,A-dataset-of-Indian-Folk-Songs,source_category_proxy_mapping,proxy_label_not_manual_style_verification,0,train
dataset\indian_folk_31\raw_sources\Indian-Folk-Songs\audio chunks\Assamese\Assamese56chunk(5).wav,Assamese56chunk(5).wav,Bihu,Assamese,Assamese_56,5,A-dataset-of-Indian-Folk-Songs,source_category_proxy_mapping,proxy_label_not_manual_style_verification,0,train
dataset\indian_folk_31\raw_sources\Indian-Folk-Songs\audio chunks\Assamese\Assamese57chunk(0).wav,Assamese57chunk(0).wav,Bihu,Assamese,Assamese_57,0,A-dataset-of-Indian-Folk-Songs,source_category_proxy_mapping,proxy_label_not_manual_style_verification,0,train
dataset\indian_folk_31\raw_sources\Indian-Folk-Songs\audio chunks\Assamese\Assamese57chunk(1).wav,Assamese57chunk(1).wav,Bihu,Assamese,Assamese_57,1,A-dataset-of-Indian-Folk-Songs,source_category_proxy_mapping,proxy_label_not_manual_style_verification,0,train
dataset\indian_folk_31\raw_sources\Indian-Folk-Songs\audio chunks\Assamese\Assamese57chunk(2).wav,Assamese57chunk(2).wav,Bihu,Assamese,Assamese_57,2,A-dataset-of-Indian-Folk-Songs,source_category_proxy_mapping,proxy_label_not_manual_style_verification,0,train
dataset\indian_folk_31\raw_sources\Indian-Folk-Songs\audio chunks\Assamese\Assamese57chunk(3).wav,Assamese57chunk(3).wav,Bihu,Assamese,Assamese_57,3,A-dataset-of-Indian-Folk-Songs,source_category_proxy_mapping,proxy_label_not_manual_style_verification,0,train
dataset\indian_folk_31\raw_sources\Indian-Folk-Songs\audio chunks\Assamese\Assamese57chunk(4).wav,Assamese57chunk(4).wav,Bihu,Assamese,Assamese_57,4,A-dataset-of-Indian-Folk-Songs,source_category_proxy_mapping,proxy_label_not_manual_style_verification,0,train
dataset\indian_folk_31\raw_sources\Indian-Folk-Songs\audio chunks\Assamese\Assamese57chunk(5).wav,Assamese57chunk(5).wav,Bihu,Assamese,Assamese_57,5,A-dataset-of-Indian-Folk-Songs,source_category_proxy_mapping,proxy_label_not_manual_style_verification,0,train
dataset\indian_folk_31\raw_sources\Indian-Folk-Songs\audio chunks\Assamese\Assamese59chunk(0).wav,Assamese59chunk(0).wav,Bihu,Assamese,Assamese_59,0,A-dataset-of-Indian-Folk-Songs,source_category_proxy_mapping,proxy_label_not_manual_style_verification,0,train
dataset\indian_folk_31\raw_sources\Indian-Folk-Songs\audio chunks\Assamese\Assamese59chunk(1).wav,Assamese59chunk(1).wav,Bihu,Assamese,Assamese_59,1,A-dataset-of-Indian-Folk-Songs,source_category_proxy_mapping,proxy_label_not_manual_style_verification,0,train
dataset\indian_folk_31\raw_sources\Indian-Folk-Songs\audio chunks\Assamese\Assamese59chunk(2).wav,Assamese59chunk(2).wav,Bihu,Assamese,Assamese_59,2,A-dataset-of-Indian-Folk-Songs,source_category_proxy_mapping,proxy_label_not_manual_style_verification,0,train
dataset\indian_folk_31\raw_sources\Indian-Folk-Songs\audio chunks\Assamese\Assamese59chunk(3).wav,Assamese59chunk(3).wav,Bihu,Assamese,Assamese_59,3,A-dataset-of-Indian-Folk-Songs,source_category_proxy_mapping,proxy_label_not_manual_style_verification,0,train
dataset\indian_folk_31\raw_sources\Indian-Folk-Songs\audio chunks\Assamese\Assamese59chunk(4).wav,Assamese59chunk(4).wav,Bihu,Assamese,Assamese_59,4,A-dataset-of-Indian-Folk-Songs,source_category_proxy_mapping,proxy_label_not_manual_style_verification,0,train
dataset\indian_folk_31\raw_sources\Indian-Folk-Songs\audio chunks\Assamese\Assamese59chunk(5).wav,Assamese59chunk(5).wav,Bihu,Assamese,Assamese_59,5,A-dataset-of-Indian-Folk-Songs,source_category_proxy_mapping,proxy_label_not_manual_style_verification,0,train
dataset\indian_folk_31\raw_sources\Indian-Folk-Songs\audio chunks\Assamese\Assamese61chunk(0).wav,Assamese61chunk(0).wav,Bihu,Assamese,Assamese_61,0,A-dataset-of-Indian-Folk-Songs,source_category_proxy_mapping,proxy_label_not_manual_style_verification,0,train
dataset\indian_folk_31\raw_sources\Indian-Folk-Songs\audio chunks\Assamese\Assamese61chunk(1).wav,Assamese61chunk(1).wav,Bihu,Assamese,Assamese_61,1,A-dataset-of-Indian-Folk-Songs,source_category_proxy_mapping,proxy_label_not_manual_style_verification,0,train
dataset\indian_folk_31\raw_sources\Indian-Folk-Songs\audio chunks\Assamese\Assamese61chunk(2).wav,Assamese61chunk(2).wav,Bihu,Assamese,Assamese_61,2,A-dataset-of-Indian-Folk-Songs,source_category_proxy_mapping,proxy_label_not_manual_style_verification,0,train
dataset\indian_folk_31\raw_sources\Indian-Folk-Songs\audio chunks\Assamese\Assamese61chunk(3).wav,Assamese61chunk(3).wav,Bihu,Assamese,Assamese_61,3,A-dataset-of-Indian-Folk-Songs,source_category_proxy_mapping,proxy_label_not_manual_style_verification,0,train
dataset\indian_folk_31\raw_sources\Indian-Folk-Songs\audio chunks\Assamese\Assamese61chunk(4).wav,Assamese61chunk(4).wav,Bihu,Assamese,Assamese_61,4,A-dataset-of-Indian-Folk-Songs,source_category_proxy_mapping,proxy_label_not_manual_style_verification,0,train
dataset\indian_folk_31\raw_sources\Indian-Folk-Songs\audio chunks\Assamese\Assamese61chunk(5).wav,Assamese61chunk(5).wav,Bihu,Assamese,Assamese_61,5,A-dataset-of-Indian-Folk-Songs,source_category_proxy_mapping,proxy_label_not_manual_style_verification,0,train
dataset\indian_folk_31\raw_sources\Indian-Folk-Songs\audio chunks\Assamese\Assamese63chunk(0).wav,Assamese63chunk(0).wav,Bihu,Assamese,Assamese_63,0,A-dataset-of-Indian-Folk-Songs,source_category_proxy_mapping,proxy_label_not_manual_style_verification,0,train
dataset\indian_folk_31\raw_sources\Indian-Folk-Songs\audio chunks\Assamese\Assamese63chunk(1).wav,Assamese63chunk(1).wav,Bihu,Assamese,Assamese_63,1,A-dataset-of-Indian-Folk-Songs,source_category_proxy_mapping,proxy_label_not_manual_style_verification,0,train
dataset\indian_folk_31\raw_sources\Indian-Folk-Songs\audio chunks\Assamese\Assamese63chunk(2).wav,Assamese63chunk(2).wav,Bihu,Assamese,Assamese_63,2,A-dataset-of-Indian-Folk-Songs,source_category_proxy_mapping,proxy_label_not_manual_style_verification,0,train
dataset\indian_folk_31\raw_sources\Indian-Folk-Songs\audio chunks\Assamese\Assamese63chunk(3).wav,Assamese63chunk(3).wav,Bihu,Assamese,Assamese_63,3,A-dataset-of-Indian-Folk-Songs,source_category_proxy_mapping,proxy_label_not_manual_style_verification,0,train
dataset\indian_folk_31\raw_sources\Indian-Folk-Songs\audio chunks\Assamese\Assamese63chunk(4).wav,Assamese63chunk(4).wav,Bihu,Assamese,Assamese_63,4,A-dataset-of-Indian-Folk-Songs,source_category_proxy_mapping,proxy_label_not_manual_style_verification,0,train
dataset\indian_folk_31\raw_sources\Indian-Folk-Songs\audio chunks\Assamese\Assamese63chunk(5).wav,Assamese63chunk(5).wav,Bihu,Assamese,Assamese_63,5,A-dataset-of-Indian-Folk-Songs,source_category_proxy_mapping,proxy_label_not_manual_style_verification,0,train
dataset\indian_folk_31\raw_sources\Indian-Folk-Songs\audio chunks\Assamese\Assamese66chunk(0).wav,Assamese66chunk(0).wav,Bihu,Assamese,Assamese_66,0,A-dataset-of-Indian-Folk-Songs,source_category_proxy_mapping,proxy_label_not_manual_style_verification,0,train
dataset\indian_folk_31\raw_sources\Indian-Folk-Songs\audio chunks\Assamese\Assamese66chunk(1).wav,Assamese66chunk(1).wav,Bihu,Assamese,Assamese_66,1,A-dataset-of-Indian-Folk-Songs,source_category_proxy_mapping,proxy_label_not_manual_style_verification,0,train
dataset\indian_folk_31\raw_sources\Indian-Folk-Songs\audio chunks\Assamese\Assamese66chunk(2).wav,Assamese66chunk(2).wav,Bihu,Assamese,Assamese_66,2,A-dataset-of-Indian-Folk-Songs,source_category_proxy_mapping,proxy_label_not_manual_style_verification,0,train
dataset\indian_folk_31\raw_sources\Indian-Folk-Songs\audio chunks\Assamese\Assamese66chunk(3).wav,Assamese66chunk(3).wav,Bihu,Assamese,Assamese_66,3,A-dataset-of-Indian-Folk-Songs,source_category_proxy_mapping,proxy_label_not_manual_style_verification,0,train
dataset\indian_folk_31\raw_sources\Indian-Folk-Songs\audio chunks\Assamese\Assamese66chunk(4).wav,Assamese66chunk(4).wav,Bihu,Assamese,Assamese_66,4,A-dataset-of-Indian-Folk-Songs,source_category_proxy_mapping,proxy_label_not_manual_style_verification,0,train
dataset\indian_folk_31\raw_sources\Indian-Folk-Songs\audio chunks\Assamese\Assamese66chunk(5).wav,Assamese66chunk(5).wav,Bihu,Assamese,Assamese_66,5,A-dataset-of-Indian-Folk-Songs,source_category_proxy_mapping,proxy_label_not_manual_style_verification,0,train
dataset\indian_folk_31\raw_sources\Indian-Folk-Songs\audio chunks\Assamese\Assamese67chunk(0).wav,Assamese67chunk(0).wav,Bihu,Assamese,Assamese_67,0,A-dataset-of-Indian-Folk-Songs,source_category_proxy_mapping,proxy_label_not_manual_style_verification,0,train
dataset\indian_folk_31\raw_sources\Indian-Folk-Songs\audio chunks\Assamese\Assamese67chunk(1).wav,Assamese67chunk(1).wav,Bihu,Assamese,Assamese_67,1,A-dataset-of-Indian-Folk-Songs,source_category_proxy_mapping,proxy_label_not_manual_style_verification,0,train
dataset\indian_folk_31\raw_sources\Indian-Folk-Songs\audio chunks\Assamese\Assamese67chunk(2).wav,Assamese67chunk(2).wav,Bihu,Assamese,Assamese_67,2,A-dataset-of-Indian-Folk-Songs,source_category_proxy_mapping,proxy_label_not_manual_style_verification,0,train
dataset\indian_folk_31\raw_sources\Indian-Folk-Songs\audio chunks\Assamese\Assamese67chunk(3).wav,Assamese67chunk(3).wav,Bihu,Assamese,Assamese_67,3,A-dataset-of-Indian-Folk-Songs,source_category_proxy_mapping,proxy_label_not_manual_style_verification,0,train
dataset\indian_folk_31\raw_sources\Indian-Folk-Songs\audio chunks\Assamese\Assamese67chunk(4).wav,Assamese67chunk(4).wav,Bihu,Assamese,Assamese_67,4,A-dataset-of-Indian-Folk-Songs,source_category_proxy_mapping,proxy_label_not_manual_style_verification,0,train
dataset\indian_folk_31\raw_sources\Indian-Folk-Songs\audio chunks\Assamese\Assamese67chunk(5).wav,Assamese67chunk(5).wav,Bihu,Assamese,Assamese_67,5,A-dataset-of-Indian-Folk-Songs,source_category_proxy_mapping,proxy_label_not_manual_style_verification,0,train
dataset\indian_folk_31\raw_sources\Indian-Folk-Songs\audio chunks\Assamese\Assamese72chunk(0).wav,Assamese72chunk(0).wav,Bihu,Assamese,Assamese_72,0,A-dataset-of-Indian-Folk-Songs,source_category_proxy_mapping,proxy_label_not_manual_style_verification,0,train
dataset\indian_folk_31\raw_sources\Indian-Folk-Songs\audio chunks\Assamese\Assamese72chunk(1).wav,Assamese72chunk(1).wav,Bihu,Assamese,Assamese_72,1,A-dataset-of-Indian-Folk-Songs,source_category_proxy_mapping,proxy_label_not_manual_style_verification,0,train
dataset\indian_folk_31\raw_sources\Indian-Folk-Songs\audio chunks\Assamese\Assamese72chunk(2).wav,Assamese72chunk(2).wav,Bihu,Assamese,Assamese_72,2,A-dataset-of-Indian-Folk-Songs,source_category_proxy_mapping,proxy_label_not_manual_style_verification,0,train
dataset\indian_folk_31\raw_sources\Indian-Folk-Songs\audio chunks\Assamese\Assamese72chunk(3).wav,Assamese72chunk(3).wav,Bihu,Assamese,Assamese_72,3,A-dataset-of-Indian-Folk-Songs,source_category_proxy_mapping,proxy_label_not_manual_style_verification,0,train
dataset\indian_folk_31\raw_sources\Indian-Folk-Songs\audio chunks\Assamese\Assamese72chunk(4).wav,Assamese72chunk(4).wav,Bihu,Assamese,Assamese_72,4,A-dataset-of-Indian-Folk-Songs,source_category_proxy_mapping,proxy_label_not_manual_style_verification,0,train
dataset\indian_folk_31\raw_sources\Indian-Folk-Songs\audio chunks\Assamese\Assamese72chunk(5).wav,Assamese72chunk(5).wav,Bihu,Assamese,Assamese_72,5,A-dataset-of-Indian-Folk-Songs,source_category_proxy_mapping,proxy_label_not_manual_style_verification,0,train
dataset\indian_folk_31\raw_sources\Indian-Folk-Songs\audio chunks\Assamese\Assamese74chunk(0).wav,Assamese74chunk(0).wav,Bihu,Assamese,Assamese_74,0,A-dataset-of-Indian-Folk-Songs,source_category_proxy_mapping,proxy_label_not_manual_style_verification,0,train
dataset\indian_folk_31\raw_sources\Indian-Folk-Songs\audio chunks\Assamese\Assamese74chunk(1).wav,Assamese74chunk(1).wav,Bihu,Assamese,Assamese_74,1,A-dataset-of-Indian-Folk-Songs,source_category_proxy_mapping,proxy_label_not_manual_style_verification,0,train
dataset\indian_folk_31\raw_sources\Indian-Folk-Songs\audio chunks\Assamese\Assamese74chunk(2).wav,Assamese74chunk(2).wav,Bihu,Assamese,Assamese_74,2,A-dataset-of-Indian-Folk-Songs,source_category_proxy_mapping,proxy_label_not_manual_style_verification,0,train
dataset\indian_folk_31\raw_sources\Indian-Folk-Songs\audio chunks\Assamese\Assamese74chunk(3).wav,Assamese74chunk(3).wav,Bihu,Assamese,Assamese_74,3,A-dataset-of-Indian-Folk-Songs,source_category_proxy_mapping,proxy_label_not_manual_style_verification,0,train
dataset\indian_folk_31\raw_sources\Indian-Folk-Songs\audio chunks\Assamese\Assamese74chunk(4).wav,Assamese74chunk(4).wav,Bihu,Assamese,Assamese_74,4,A-dataset-of-Indian-Folk-Songs,source_category_proxy_mapping,proxy_label_not_manual_style_verification,0,train
dataset\indian_folk_31\raw_sources\Indian-Folk-Songs\audio chunks\Assamese\Assamese74chunk(5).wav,Assamese74chunk(5).wav,Bihu,Assamese,Assamese_74,5,A-dataset-of-Indian-Folk-Songs,source_category_proxy_mapping,proxy_label_not_manual_style_verification,0,train
dataset\indian_folk_31\raw_sources\Indian-Folk-Songs\audio chunks\Assamese\Assamese77chunk(0).wav,Assamese77chunk(0).wav,Bihu,Assamese,Assamese_77,0,A-dataset-of-Indian-Folk-Songs,source_category_proxy_mapping,proxy_label_not_manual_style_verification,0,train
dataset\indian_folk_31\raw_sources\Indian-Folk-Songs\audio chunks\Assamese\Assamese77chunk(1).wav,Assamese77chunk(1).wav,Bihu,Assamese,Assamese_77,1,A-dataset-of-Indian-Folk-Songs,source_category_proxy_mapping,proxy_label_not_manual_style_verification,0,train
dataset\indian_folk_31\raw_sources\Indian-Folk-Songs\audio chunks\Assamese\Assamese77chunk(2).wav,Assamese77chunk(2).wav,Bihu,Assamese,Assamese_77,2,A-dataset-of-Indian-Folk-Songs,source_category_proxy_mapping,proxy_label_not_manual_style_verification,0,train
dataset\indian_folk_31\raw_sources\Indian-Folk-Songs\audio chunks\Assamese\Assamese77chunk(3).wav,Assamese77chunk(3).wav,Bihu,Assamese,Assamese_77,3,A-dataset-of-Indian-Folk-Songs,source_category_proxy_mapping,proxy_label_not_manual_style_verification,0,train
dataset\indian_folk_31\raw_sources\Indian-Folk-Songs\audio chunks\Assamese\Assamese77chunk(4).wav,Assamese77chunk(4).wav,Bihu,Assamese,Assamese_77,4,A-dataset-of-Indian-Folk-Songs,source_category_proxy_mapping,proxy_label_not_manual_style_verification,0,train
dataset\indian_folk_31\raw_sources\Indian-Folk-Songs\audio chunks\Assamese\Assamese77chunk(5).wav,Assamese77chunk(5).wav,Bihu,Assamese,Assamese_77,5,A-dataset-of-Indian-Folk-Songs,source_category_proxy_mapping,proxy_label_not_manual_style_verification,0,train
dataset\indian_folk_31\raw_sources\Indian-Folk-Songs\audio chunks\Assamese\Assamese78chunk(0).wav,Assamese78chunk(0).wav,Bihu,Assamese,Assamese_78,0,A-dataset-of-Indian-Folk-Songs,source_category_proxy_mapping,proxy_label_not_manual_style_verification,0,train
dataset\indian_folk_31\raw_sources\Indian-Folk-Songs\audio chunks\Assamese\Assamese78chunk(1).wav,Assamese78chunk(1).wav,Bihu,Assamese,Assamese_78,1,A-dataset-of-Indian-Folk-Songs,source_category_proxy_mapping,proxy_label_not_manual_style_verification,0,train
dataset\indian_folk_31\raw_sources\Indian-Folk-Songs\audio chunks\Assamese\Assamese78chunk(2).wav,Assamese78chunk(2).wav,Bihu,Assamese,Assamese_78,2,A-dataset-of-Indian-Folk-Songs,source_category_proxy_mapping,proxy_label_not_manual_style_verification,0,train
dataset\indian_folk_31\raw_sources\Indian-Folk-Songs\audio chunks\Assamese\Assamese78chunk(3).wav,Assamese78chunk(3).wav,Bihu,Assamese,Assamese_78,3,A-dataset-of-Indian-Folk-Songs,source_category_proxy_mapping,proxy_label_not_manual_style_verification,0,train
dataset\indian_folk_31\raw_sources\Indian-Folk-Songs\audio chunks\Assamese\Assamese78chunk(4).wav,Assamese78chunk(4).wav,Bihu,Assamese,Assamese_78,4,A-dataset-of-Indian-Folk-Songs,source_category_proxy_mapping,proxy_label_not_manual_style_verification,0,train
dataset\indian_folk_31\raw_sources\Indian-Folk-Songs\audio chunks\Assamese\Assamese78chunk(5).wav,Assamese78chunk(5).wav,Bihu,Assamese,Assamese_78,5,A-dataset-of-Indian-Folk-Songs,source_category_proxy_mapping,proxy_label_not_manual_style_verification,0,train
dataset\indian_folk_31\raw_sources\Indian-Folk-Songs\audio chunks\Assamese\Assamese81chunk(0).wav,Assamese81chunk(0).wav,Bihu,Assamese,Assamese_81,0,A-dataset-of-Indian-Folk-Songs,source_category_proxy_mapping,proxy_label_not_manual_style_verification,0,train
dataset\indian_folk_31\raw_sources\Indian-Folk-Songs\audio chunks\Assamese\Assamese81chunk(1).wav,Assamese81chunk(1).wav,Bihu,Assamese,Assamese_81,1,A-dataset-of-Indian-Folk-Songs,source_category_proxy_mapping,proxy_label_not_manual_style_verification,0,train
dataset\indian_folk_31\raw_sources\Indian-Folk-Songs\audio chunks\Assamese\Assamese81chunk(2).wav,Assamese81chunk(2).wav,Bihu,Assamese,Assamese_81,2,A-dataset-of-Indian-Folk-Songs,source_category_proxy_mapping,proxy_label_not_manual_style_verification,0,train
dataset\indian_folk_31\raw_sources\Indian-Folk-Songs\audio chunks\Assamese\Assamese81chunk(3).wav,Assamese81chunk(3).wav,Bihu,Assamese,Assamese_81,3,A-dataset-of-Indian-Folk-Songs,source_category_proxy_mapping,proxy_label_not_manual_style_verification,0,train
dataset\indian_folk_31\raw_sources\Indian-Folk-Songs\audio chunks\Assamese\Assamese81chunk(4).wav,Assamese81chunk(4).wav,Bihu,Assamese,Assamese_81,4,A-dataset-of-Indian-Folk-Songs,source_category_proxy_mapping,proxy_label_not_manual_style_verification,0,train
dataset\indian_folk_31\raw_sources\Indian-Folk-Songs\audio chunks\Assamese\Assamese81chunk(5).wav,Assamese81chunk(5).wav,Bihu,Assamese,Assamese_81,5,A-dataset-of-Indian-Folk-Songs,source_category_proxy_mapping,proxy_label_not_manual_style_verification,0,train
dataset\indian_folk_31\raw_sources\Indian-Folk-Songs\audio chunks\Assamese\Assamese86chunk(0).wav,Assamese86chunk(0).wav,Bihu,Assamese,Assamese_86,0,A-dataset-of-Indian-Folk-Songs,source_category_proxy_mapping,proxy_label_not_manual_style_verification,0,train
dataset\indian_folk_31\raw_sources\Indian-Folk-Songs\audio chunks\Assamese\Assamese86chunk(1).wav,Assamese86chunk(1).wav,Bihu,Assamese,Assamese_86,1,A-dataset-of-Indian-Folk-Songs,source_category_proxy_mapping,proxy_label_not_manual_style_verification,0,train
dataset\indian_folk_31\raw_sources\Indian-Folk-Songs\audio chunks\Assamese\Assamese86chunk(2).wav,Assamese86chunk(2).wav,Bihu,Assamese,Assamese_86,2,A-dataset-of-Indian-Folk-Songs,source_category_proxy_mapping,proxy_label_not_manual_style_verification,0,train
dataset\indian_folk_31\raw_sources\Indian-Folk-Songs\audio chunks\Assamese\Assamese86chunk(3).wav,Assamese86chunk(3).wav,Bihu,Assamese,Assamese_86,3,A-dataset-of-Indian-Folk-Songs,source_category_proxy_mapping,proxy_label_not_manual_style_verification,0,train
dataset\indian_folk_31\raw_sources\Indian-Folk-Songs\audio chunks\Assamese\Assamese86chunk(4).wav,Assamese86chunk(4).wav,Bihu,Assamese,Assamese_86,4,A-dataset-of-Indian-Folk-Songs,source_category_proxy_mapping,proxy_label_not_manual_style_verification,0,train
dataset\indian_folk_31\raw_sources\Indian-Folk-Songs\audio chunks\Assamese\Assamese86chunk(5).wav,Assamese86chunk(5).wav,Bihu,Assamese,Assamese_86,5,A-dataset-of-Indian-Folk-Songs,source_category_proxy_mapping,proxy_label_not_manual_style_verification,0,train
dataset\indian_folk_31\raw_sources\Indian-Folk-Songs\audio chunks\Assamese\Assamese91chunk(0).wav,Assamese91chunk(0).wav,Bihu,Assamese,Assamese_91,0,A-dataset-of-Indian-Folk-Songs,source_category_proxy_mapping,proxy_label_not_manual_style_verification,0,train
dataset\indian_folk_31\raw_sources\Indian-Folk-Songs\audio chunks\Assamese\Assamese91chunk(1).wav,Assamese91chunk(1).wav,Bihu,Assamese,Assamese_91,1,A-dataset-of-Indian-Folk-Songs,source_category_proxy_mapping,proxy_label_not_manual_style_verification,0,train
dataset\indian_folk_31\raw_sources\Indian-Folk-Songs\audio chunks\Assamese\Assamese91chunk(2).wav,Assamese91chunk(2).wav,Bihu,Assamese,Assamese_91,2,A-dataset-of-Indian-Folk-Songs,source_category_proxy_mapping,proxy_label_not_manual_style_verification,0,train
dataset\indian_folk_31\raw_sources\Indian-Folk-Songs\audio chunks\Assamese\Assamese91chunk(3).wav,Assamese91chunk(3).wav,Bihu,Assamese,Assamese_91,3,A-dataset-of-Indian-Folk-Songs,source_category_proxy_mapping,proxy_label_not_manual_style_verification,0,train
dataset\indian_folk_31\raw_sources\Indian-Folk-Songs\audio chunks\Assamese\Assamese91chunk(4).wav,Assamese91chunk(4).wav,Bihu,Assamese,Assamese_91,4,A-dataset-of-Indian-Folk-Songs,source_category_proxy_mapping,proxy_label_not_manual_style_verification,0,train
dataset\indian_folk_31\raw_sources\Indian-Folk-Songs\audio chunks\Assamese\Assamese91chunk(5).wav,Assamese91chunk(5).wav,Bihu,Assamese,Assamese_91,5,A-dataset-of-Indian-Folk-Songs,source_category_proxy_mapping,proxy_label_not_manual_style_verification,0,train
dataset\indian_folk_31\raw_sources\Indian-Folk-Songs\audio chunks\Assamese\Assamese97chunk(0).wav,Assamese97chunk(0).wav,Bihu,Assamese,Assamese_97,0,A-dataset-of-Indian-Folk-Songs,source_category_proxy_mapping,proxy_label_not_manual_style_verification,0,train
dataset\indian_folk_31\raw_sources\Indian-Folk-Songs\audio chunks\Assamese\Assamese97chunk(1).wav,Assamese97chunk(1).wav,Bihu,Assamese,Assamese_97,1,A-dataset-of-Indian-Folk-Songs,source_category_proxy_mapping,proxy_label_not_manual_style_verification,0,train
dataset\indian_folk_31\raw_sources\Indian-Folk-Songs\audio chunks\Assamese\Assamese97chunk(2).wav,Assamese97chunk(2).wav,Bihu,Assamese,Assamese_97,2,A-dataset-of-Indian-Folk-Songs,source_category_proxy_mapping,proxy_label_not_manual_style_verification,0,train
dataset\indian_folk_31\raw_sources\Indian-Folk-Songs\audio chunks\Assamese\Assamese97chunk(3).wav,Assamese97chunk(3).wav,Bihu,Assamese,Assamese_97,3,A-dataset-of-Indian-Folk-Songs,source_category_proxy_mapping,proxy_label_not_manual_style_verification,0,train
dataset\indian_folk_31\raw_sources\Indian-Folk-Songs\audio chunks\Assamese\Assamese97chunk(4).wav,Assamese97chunk(4).wav,Bihu,Assamese,Assamese_97,4,A-dataset-of-Indian-Folk-Songs,source_category_proxy_mapping,proxy_label_not_manual_style_verification,0,train
dataset\indian_folk_31\raw_sources\Indian-Folk-Songs\audio chunks\Assamese\Assamese97chunk(5).wav,Assamese97chunk(5).wav,Bihu,Assamese,Assamese_97,5,A-dataset-of-Indian-Folk-Songs,source_category_proxy_mapping,proxy_label_not_manual_style_verification,0,train
dataset\indian_folk_31\raw_sources\Indian-Folk-Songs\audio chunks\Assamese\Assamese99chunk(0).wav,Assamese99chunk(0).wav,Bihu,Assamese,Assamese_99,0,A-dataset-of-Indian-Folk-Songs,source_category_proxy_mapping,proxy_label_not_manual_style_verification,0,train
dataset\indian_folk_31\raw_sources\Indian-Folk-Songs\audio chunks\Assamese\Assamese99chunk(1).wav,Assamese99chunk(1).wav,Bihu,Assamese,Assamese_99,1,A-dataset-of-Indian-Folk-Songs,source_category_proxy_mapping,proxy_label_not_manual_style_verification,0,train
dataset\indian_folk_31\raw_sources\Indian-Folk-Songs\audio chunks\Assamese\Assamese99chunk(2).wav,Assamese99chunk(2).wav,Bihu,Assamese,Assamese_99,2,A-dataset-of-Indian-Folk-Songs,source_category_proxy_mapping,proxy_label_not_manual_style_verification,0,train
dataset\indian_folk_31\raw_sources\Indian-Folk-Songs\audio chunks\Assamese\Assamese99chunk(3).wav,Assamese99chunk(3).wav,Bihu,Assamese,Assamese_99,3,A-dataset-of-Indian-Folk-Songs,source_category_proxy_mapping,proxy_label_not_manual_style_verification,0,train
dataset\indian_folk_31\raw_sources\Indian-Folk-Songs\audio chunks\Assamese\Assamese99chunk(4).wav,Assamese99chunk(4).wav,Bihu,Assamese,Assamese_99,4,A-dataset-of-Indian-Folk-Songs,source_category_proxy_mapping,proxy_label_not_manual_style_verification,0,train
dataset\indian_folk_31\raw_sources\Indian-Folk-Songs\audio chunks\Assamese\Assamese99chunk(5).wav,Assamese99chunk(5).wav,Bihu,Assamese,Assamese_99,5,A-dataset-of-Indian-Folk-Songs,source_category_proxy_mapping,proxy_label_not_manual_style_verification,0,train
dataset\indian_folk_31\raw_sources\Indian-Folk-Songs\audio chunks\Assamese\Assamese10chunk(0).wav,Assamese10chunk(0).wav,Kamrupi_Lokgeet,Assamese,Assamese_10,0,A-dataset-of-Indian-Folk-Songs,source_category_proxy_mapping,proxy_label_not_manual_style_verification,1,train
dataset\indian_folk_31\raw_sources\Indian-Folk-Songs\audio chunks\Assamese\Assamese10chunk(1).wav,Assamese10chunk(1).wav,Kamrupi_Lokgeet,Assamese,Assamese_10,1,A-dataset-of-Indian-Folk-Songs,source_category_proxy_mapping,proxy_label_not_manual_style_verification,1,train
dataset\indian_folk_31\raw_sources\Indian-Folk-Songs\audio chunks\Assamese\Assamese10chunk(2).wav,Assamese10chunk(2).wav,Kamrupi_Lokgeet,Assamese,Assamese_10,2,A-dataset-of-Indian-Folk-Songs,source_category_proxy_mapping,proxy_label_not_manual_style_verification,1,train
dataset\indian_folk_31\raw_sources\Indian-Folk-Songs\audio chunks\Assamese\Assamese10chunk(3).wav,Assamese10chunk(3).wav,Kamrupi_Lokgeet,Assamese,Assamese_10,3,A-dataset-of-Indian-Folk-Songs,source_category_proxy_mapping,proxy_label_not_manual_style_verification,1,train
dataset\indian_folk_31\raw_sources\Indian-Folk-Songs\audio chunks\Assamese\Assamese10chunk(4).wav,Assamese10chunk(4).wav,Kamrupi_Lokgeet,Assamese,Assamese_10,4,A-dataset-of-Indian-Folk-Songs,source_category_proxy_mapping,proxy_label_not_manual_style_verification,1,train
dataset\indian_folk_31\raw_sources\Indian-Folk-Songs\audio chunks\Assamese\Assamese10chunk(5).wav,Assamese10chunk(5).wav,Kamrupi_Lokgeet,Assamese,Assamese_10,5,A-dataset-of-Indian-Folk-Songs,source_category_proxy_mapping,proxy_label_not_manual_style_verification,1,train
dataset\indian_folk_31\raw_sources\Indian-Folk-Songs\audio chunks\Assamese\Assamese103chunk(0).wav,Assamese103chunk(0).wav,Kamrupi_Lokgeet,Assamese,Assamese_103,0,A-dataset-of-Indian-Folk-Songs,source_category_proxy_mapping,proxy_label_not_manual_style_verification,1,train
dataset\indian_folk_31\raw_sources\Indian-Folk-Songs\audio chunks\Assamese\Assamese103chunk(1).wav,Assamese103chunk(1).wav,Kamrupi_Lokgeet,Assamese,Assamese_103,1,A-dataset-of-Indian-Folk-Songs,source_category_proxy_mapping,proxy_label_not_manual_style_verification,1,train
dataset\indian_folk_31\raw_sources\Indian-Folk-Songs\audio chunks\Assamese\Assamese103chunk(2).wav,Assamese103chunk(2).wav,Kamrupi_Lokgeet,Assamese,Assamese_103,2,A-dataset-of-Indian-Folk-Songs,source_category_proxy_mapping,proxy_label_not_manual_style_verification,1,train
dataset\indian_folk_31\raw_sources\Indian-Folk-Songs\audio chunks\Assamese\Assamese103chunk(3).wav,Assamese103chunk(3).wav,Kamrupi_Lokgeet,Assamese,Assamese_103,3,A-dataset-of-Indian-Folk-Songs,source_category_proxy_mapping,proxy_label_not_manual_style_verification,1,train
dataset\indian_folk_31\raw_sources\Indian-Folk-Songs\audio chunks\Assamese\Assamese103chunk(4).wav,Assamese103chunk(4).wav,Kamrupi_Lokgeet,Assamese,Assamese_103,4,A-dataset-of-Indian-Folk-Songs,source_category_proxy_mapping,proxy_label_not_manual_style_verification,1,train
dataset\indian_folk_31\raw_sources\Indian-Folk-Songs\audio chunks\Assamese\Assamese103chunk(5).wav,Assamese103chunk(5).wav,Kamrupi_Lokgeet,Assamese,Assamese_103,5,A-dataset-of-Indian-Folk-Songs,source_category_proxy_mapping,proxy_label_not_manual_style_verification,1,train
dataset\indian_folk_31\raw_sources\Indian-Folk-Songs\audio chunks\Assamese\Assamese105chunk(0).wav,Assamese105chunk(0).wav,Kamrupi_Lokgeet,Assamese,Assamese_105,0,A-dataset-of-Indian-Folk-Songs,source_category_proxy_mapping,proxy_label_not_manual_style_verification,1,train
dataset\indian_folk_31\raw_sources\Indian-Folk-Songs\audio chunks\Assamese\Assamese105chunk(1).wav,Assamese105chunk(1).wav,Kamrupi_Lokgeet,Assamese,Assamese_105,1,A-dataset-of-Indian-Folk-Songs,source_category_proxy_mapping,proxy_label_not_manual_style_verification,1,train
dataset\indian_folk_31\raw_sources\Indian-Folk-Songs\audio chunks\Assamese\Assamese105chunk(2).wav,Assamese105chunk(2).wav,Kamrupi_Lokgeet,Assamese,Assamese_105,2,A-dataset-of-Indian-Folk-Songs,source_category_proxy_mapping,proxy_label_not_manual_style_verification,1,train
dataset\indian_folk_31\raw_sources\Indian-Folk-Songs\audio chunks\Assamese\Assamese105chunk(3).wav,Assamese105chunk(3).wav,Kamrupi_Lokgeet,Assamese,Assamese_105,3,A-dataset-of-Indian-Folk-Songs,source_category_proxy_mapping,proxy_label_not_manual_style_verification,1,train
dataset\indian_folk_31\raw_sources\Indian-Folk-Songs\audio chunks\Assamese\Assamese105chunk(4).wav,Assamese105chunk(4).wav,Kamrupi_Lokgeet,Assamese,Assamese_105,4,A-dataset-of-Indian-Folk-Songs,source_category_proxy_mapping,proxy_label_not_manual_style_verification,1,train
dataset\indian_folk_31\raw_sources\Indian-Folk-Songs\audio chunks\Assamese\Assamese105chunk(5).wav,Assamese105chunk(5).wav,Kamrupi_Lokgeet,Assamese,Assamese_105,5,A-dataset-of-Indian-Folk-Songs,source_category_proxy_mapping,proxy_label_not_manual_style_verification,1,train
dataset\indian_folk_31\raw_sources\Indian-Folk-Songs\audio chunks\Assamese\Assamese108chunk(0).wav,Assamese108chunk(0).wav,Kamrupi_Lokgeet,Assamese,Assamese_108,0,A-dataset-of-Indian-Folk-Songs,source_category_proxy_mapping,proxy_label_not_manual_style_verification,1,train
dataset\indian_folk_31\raw_sources\Indian-Folk-Songs\audio chunks\Assamese\Assamese108chunk(1).wav,Assamese108chunk(1).wav,Kamrupi_Lokgeet,Assamese,Assamese_108,1,A-dataset-of-Indian-Folk-Songs,source_category_proxy_mapping,proxy_label_not_manual_style_verification,1,train
dataset\indian_folk_31\raw_sources\Indian-Folk-Songs\audio chunks\Assamese\Assamese108chunk(2).wav,Assamese108chunk(2).wav,Kamrupi_Lokgeet,Assamese,Assamese_108,2,A-dataset-of-Indian-Folk-Songs,source_category_proxy_mapping,proxy_label_not_manual_style_verification,1,train
dataset\indian_folk_31\raw_sources\Indian-Folk-Songs\audio chunks\Assamese\Assamese108chunk(3).wav,Assamese108chunk(3).wav,Kamrupi_Lokgeet,Assamese,Assamese_108,3,A-dataset-of-Indian-Folk-Songs,source_category_proxy_mapping,proxy_label_not_manual_style_verification,1,train
dataset\indian_folk_31\raw_sources\Indian-Folk-Songs\audio chunks\Assamese\Assamese108chunk(4).wav,Assamese108chunk(4).wav,Kamrupi_Lokgeet,Assamese,Assamese_108,4,A-dataset-of-Indian-Folk-Songs,source_category_proxy_mapping,proxy_label_not_manual_style_verification,1,train
dataset\indian_folk_31\raw_sources\Indian-Folk-Songs\audio chunks\Assamese\Assamese108chunk(5).wav,Assamese108chunk(5).wav,Kamrupi_Lokgeet,Assamese,Assamese_108,5,A-dataset-of-Indian-Folk-Songs,source_category_proxy_mapping,proxy_label_not_manual_style_verification,1,train
dataset\indian_folk_31\raw_sources\Indian-Folk-Songs\audio chunks\Assamese\Assamese110chunk(0).wav,Assamese110chunk(0).wav,Kamrupi_Lokgeet,Assamese,Assamese_110,0,A-dataset-of-Indian-Folk-Songs,source_category_proxy_mapping,proxy_label_not_manual_style_verification,1,train
dataset\indian_folk_31\raw_sources\Indian-Folk-Songs\audio chunks\Assamese\Assamese110chunk(1).wav,Assamese110chunk(1).wav,Kamrupi_Lokgeet,Assamese,Assamese_110,1,A-dataset-of-Indian-Folk-Songs,source_category_proxy_mapping,proxy_label_not_manual_style_verification,1,train
dataset\indian_folk_31\raw_sources\Indian-Folk-Songs\audio chunks\Assamese\Assamese110chunk(2).wav,Assamese110chunk(2).wav,Kamrupi_Lokgeet,Assamese,Assamese_110,2,A-dataset-of-Indian-Folk-Songs,source_category_proxy_mapping,proxy_label_not_manual_style_verification,1,train
dataset\indian_folk_31\raw_sources\Indian-Folk-Songs\audio chunks\Assamese\Assamese110chunk(3).wav,Assamese110chunk(3).wav,Kamrupi_Lokgeet,Assamese,Assamese_110,3,A-dataset-of-Indian-Folk-Songs,source_category_proxy_mapping,proxy_label_not_manual_style_verification,1,train
dataset\indian_folk_31\raw_sources\Indian-Folk-Songs\audio chunks\Assamese\Assamese110chunk(4).wav,Assamese110chunk(4).wav,Kamrupi_Lokgeet,Assamese,Assamese_110,4,A-dataset-of-Indian-Folk-Songs,source_category_proxy_mapping,proxy_label_not_manual_style_verification,1,train
dataset\indian_folk_31\raw_sources\Indian-Folk-Songs\audio chunks\Assamese\Assamese110chunk(5).wav,Assamese110chunk(5).wav,Kamrupi_Lokgeet,Assamese,Assamese_110,5,A-dataset-of-Indian-Folk-Songs,source_category_proxy_mapping,proxy_label_not_manual_style_verification,1,train
dataset\indian_folk_31\raw_sources\Indian-Folk-Songs\audio chunks\Assamese\Assamese111chunk(0).wav,Assamese111chunk(0).wav,Kamrupi_Lokgeet,Assamese,Assamese_111,0,A-dataset-of-Indian-Folk-Songs,source_category_proxy_mapping,proxy_label_not_manual_style_verification,1,train
dataset\indian_folk_31\raw_sources\Indian-Folk-Songs\audio chunks\Assamese\Assamese111chunk(1).wav,Assamese111chunk(1).wav,Kamrupi_Lokgeet,Assamese,Assamese_111,1,A-dataset-of-Indian-Folk-Songs,source_category_proxy_mapping,proxy_label_not_manual_style_verification,1,train
dataset\indian_folk_31\raw_sources\Indian-Folk-Songs\audio chunks\Assamese\Assamese111chunk(2).wav,Assamese111chunk(2).wav,Kamrupi_Lokgeet,Assamese,Assamese_111,2,A-dataset-of-Indian-Folk-Songs,source_category_proxy_mapping,proxy_label_not_manual_style_verification,1,train
dataset\indian_folk_31\raw_sources\Indian-Folk-Songs\audio chunks\Assamese\Assamese111chunk(3).wav,Assamese111chunk(3).wav,Kamrupi_Lokgeet,Assamese,Assamese_111,3,A-dataset-of-Indian-Folk-Songs,source_category_proxy_mapping,proxy_label_not_manual_style_verification,1,train
dataset\indian_folk_31\raw_sources\Indian-Folk-Songs\audio chunks\Assamese\Assamese111chunk(4).wav,Assamese111chunk(4).wav,Kamrupi_Lokgeet,Assamese,Assamese_111,4,A-dataset-of-Indian-Folk-Songs,source_category_proxy_mapping,proxy_label_not_manual_style_verification,1,train
dataset\indian_folk_31\raw_sources\Indian-Folk-Songs\audio chunks\Assamese\Assamese111chunk(5).wav,Assamese111chunk(5).wav,Kamrupi_Lokgeet,Assamese,Assamese_111,5,A-dataset-of-Indian-Folk-Songs,source_category_proxy_mapping,proxy_label_not_manual_style_verification,1,train
dataset\indian_folk_31\raw_sources\Indian-Folk-Songs\audio chunks\Assamese\Assamese114chunk(0).wav,Assamese114chunk(0).wav,Kamrupi_Lokgeet,Assamese,Assamese_114,0,A-dataset-of-Indian-Folk-Songs,source_category_proxy_mapping,proxy_label_not_manual_style_verification,1,train
dataset\indian_folk_31\raw_sources\Indian-Folk-Songs\audio chunks\Assamese\Assamese114chunk(1).wav,Assamese114chunk(1).wav,Kamrupi_Lokgeet,Assamese,Assamese_114,1,A-dataset-of-Indian-Folk-Songs,source_category_proxy_mapping,proxy_label_not_manual_style_verification,1,train
dataset\indian_folk_31\raw_sources\Indian-Folk-Songs\audio chunks\Assamese\Assamese114chunk(2).wav,Assamese114chunk(2).wav,Kamrupi_Lokgeet,Assamese,Assamese_114,2,A-dataset-of-Indian-Folk-Songs,source_category_proxy_mapping,proxy_label_not_manual_style_verification,1,train
dataset\indian_folk_31\raw_sources\Indian-Folk-Songs\audio chunks\Assamese\Assamese114chunk(3).wav,Assamese114chunk(3).wav,Kamrupi_Lokgeet,Assamese,Assamese_114,3,A-dataset-of-Indian-Folk-Songs,source_category_proxy_mapping,proxy_label_not_manual_style_verification,1,train
dataset\indian_folk_31\raw_sources\Indian-Folk-Songs\audio chunks\Assamese\Assamese114chunk(4).wav,Assamese114chunk(4).wav,Kamrupi_Lokgeet,Assamese,Assamese_114,4,A-dataset-of-Indian-Folk-Songs,source_category_proxy_mapping,proxy_label_not_manual_style_verification,1,train
dataset\indian_folk_31\raw_sources\Indian-Folk-Songs\audio chunks\Assamese\Assamese114chunk(5).wav,Assamese114chunk(5).wav,Kamrupi_Lokgeet,Assamese,Assamese_114,5,A-dataset-of-Indian-Folk-Songs,source_category_proxy_mapping,proxy_label_not_manual_style_verification,1,train
dataset\indian_folk_31\raw_sources\Indian-Folk-Songs\audio chunks\Assamese\Assamese118chunk(0).wav,Assamese118chunk(0).wav,Kamrupi_Lokgeet,Assamese,Assamese_118,0,A-dataset-of-Indian-Folk-Songs,source_category_proxy_mapping,proxy_label_not_manual_style_verification,1,train
dataset\indian_folk_31\raw_sources\Indian-Folk-Songs\audio chunks\Assamese\Assamese118chunk(1).wav,Assamese118chunk(1).wav,Kamrupi_Lokgeet,Assamese,Assamese_118,1,A-dataset-of-Indian-Folk-Songs,source_category_proxy_mapping,proxy_label_not_manual_style_verification,1,train
dataset\indian_folk_31\raw_sources\Indian-Folk-Songs\audio chunks\Assamese\Assamese118chunk(2).wav,Assamese118chunk(2).wav,Kamrupi_Lokgeet,Assamese,Assamese_118,2,A-dataset-of-Indian-Folk-Songs,source_category_proxy_mapping,proxy_label_not_manual_style_verification,1,train
dataset\indian_folk_31\raw_sources\Indian-Folk-Songs\audio chunks\Assamese\Assamese118chunk(3).wav,Assamese118chunk(3).wav,Kamrupi_Lokgeet,Assamese,Assamese_118,3,A-dataset-of-Indian-Folk-Songs,source_category_proxy_mapping,proxy_label_not_manual_style_verification,1,train
dataset\indian_folk_31\raw_sources\Indian-Folk-Songs\audio chunks\Assamese\Assamese118chunk(4).wav,Assamese118chunk(4).wav,Kamrupi_Lokgeet,Assamese,Assamese_118,4,A-dataset-of-Indian-Folk-Songs,source_category_proxy_mapping,proxy_label_not_manual_style_verification,1,train
dataset\indian_folk_31\raw_sources\Indian-Folk-Songs\audio chunks\Assamese\Assamese118chunk(5).wav,Assamese118chunk(5).wav,Kamrupi_Lokgeet,Assamese,Assamese_118,5,A-dataset-of-Indian-Folk-Songs,source_category_proxy_mapping,proxy_label_not_manual_style_verification,1,train
dataset\indian_folk_31\raw_sources\Indian-Folk-Songs\audio chunks\Assamese\Assamese119chunk(0).wav,Assamese119chunk(0).wav,Kamrupi_Lokgeet,Assamese,Assamese_119,0,A-dataset-of-Indian-Folk-Songs,source_category_proxy_mapping,proxy_label_not_manual_style_verification,1,train
dataset\indian_folk_31\raw_sources\Indian-Folk-Songs\audio chunks\Assamese\Assamese119chunk(1).wav,Assamese119chunk(1).wav,Kamrupi_Lokgeet,Assamese,Assamese_119,1,A-dataset-of-Indian-Folk-Songs,source_category_proxy_mapping,proxy_label_not_manual_style_verification,1,train
dataset\indian_folk_31\raw_sources\Indian-Folk-Songs\audio chunks\Assamese\Assamese119chunk(2).wav,Assamese119chunk(2).wav,Kamrupi_Lokgeet,Assamese,Assamese_119,2,A-dataset-of-Indian-Folk-Songs,source_category_proxy_mapping,proxy_label_not_manual_style_verification,1,train
dataset\indian_folk_31\raw_sources\Indian-Folk-Songs\audio chunks\Assamese\Assamese119chunk(3).wav,Assamese119chunk(3).wav,Kamrupi_Lokgeet,Assamese,Assamese_119,3,A-dataset-of-Indian-Folk-Songs,source_category_proxy_mapping,proxy_label_not_manual_style_verification,1,train
dataset\indian_folk_31\raw_sources\Indian-Folk-Songs\audio chunks\Assamese\Assamese119chunk(4).wav,Assamese119chunk(4).wav,Kamrupi_Lokgeet,Assamese,Assamese_119,4,A-dataset-of-Indian-Folk-Songs,source_category_proxy_mapping,proxy_label_not_manual_style_verification,1,train
dataset\indian_folk_31\raw_sources\Indian-Folk-Songs\audio chunks\Assamese\Assamese119chunk(5).wav,Assamese119chunk(5).wav,Kamrupi_Lokgeet,Assamese,Assamese_119,5,A-dataset-of-Indian-Folk-Songs,source_category_proxy_mapping,proxy_label_not_manual_style_verification,1,train
dataset\indian_folk_31\raw_sources\Indian-Folk-Songs\audio chunks\Assamese\Assamese123chunk(0).wav,Assamese123chunk(0).wav,Kamrupi_Lokgeet,Assamese,Assamese_123,0,A-dataset-of-Indian-Folk-Songs,source_category_proxy_mapping,proxy_label_not_manual_style_verification,1,train
dataset\indian_folk_31\raw_sources\Indian-Folk-Songs\audio chunks\Assamese\Assamese123chunk(1).wav,Assamese123chunk(1).wav,Kamrupi_Lokgeet,Assamese,Assamese_123,1,A-dataset-of-Indian-Folk-Songs,source_category_proxy_mapping,proxy_label_not_manual_style_verification,1,train
dataset\indian_folk_31\raw_sources\Indian-Folk-Songs\audio chunks\Assamese\Assamese123chunk(2).wav,Assamese123chunk(2).wav,Kamrupi_Lokgeet,Assamese,Assamese_123,2,A-dataset-of-Indian-Folk-Songs,source_category_proxy_mapping,proxy_label_not_manual_style_verification,1,train
dataset\indian_folk_31\raw_sources\Indian-Folk-Songs\audio chunks\Assamese\Assamese123chunk(3).wav,Assamese123chunk(3).wav,Kamrupi_Lokgeet,Assamese,Assamese_123,3,A-dataset-of-Indian-Folk-Songs,source_category_proxy_mapping,proxy_label_not_manual_style_verification,1,train
dataset\indian_folk_31\raw_sources\Indian-Folk-Songs\audio chunks\Assamese\Assamese123chunk(4).wav,Assamese123chunk(4).wav,Kamrupi_Lokgeet,Assamese,Assamese_123,4,A-dataset-of-Indian-Folk-Songs,source_category_proxy_mapping,proxy_label_not_manual_style_verification,1,train
dataset\indian_folk_31\raw_sources\Indian-Folk-Songs\audio chunks\Assamese\Assamese123chunk(5).wav,Assamese123chunk(5).wav,Kamrupi_Lokgeet,Assamese,Assamese_123,5,A-dataset-of-Indian-Folk-Songs,source_category_proxy_mapping,proxy_label_not_manual_style_verification,1,train
dataset\indian_folk_31\raw_sources\Indian-Folk-Songs\audio chunks\Assamese\Assamese125chunk(0).wav,Assamese125chunk(0).wav,Kamrupi_Lokgeet,Assamese,Assamese_125,0,A-dataset-of-Indian-Folk-Songs,source_category_proxy_mapping,proxy_label_not_manual_style_verification,1,train
dataset\indian_folk_31\raw_sources\Indian-Folk-Songs\audio chunks\Assamese\Assamese125chunk(1).wav,Assamese125chunk(1).wav,Kamrupi_Lokgeet,Assamese,Assamese_125,1,A-dataset-of-Indian-Folk-Songs,source_category_proxy_mapping,proxy_label_not_manual_style_verification,1,train
dataset\indian_folk_31\raw_sources\Indian-Folk-Songs\audio chunks\Assamese\Assamese125chunk(2).wav,Assamese125chunk(2).wav,Kamrupi_Lokgeet,Assamese,Assamese_125,2,A-dataset-of-Indian-Folk-Songs,source_category_proxy_mapping,proxy_label_not_manual_style_verification,1,train
dataset\indian_folk_31\raw_sources\Indian-Folk-Songs\audio chunks\Assamese\Assamese125chunk(3).wav,Assamese125chunk(3).wav,Kamrupi_Lokgeet,Assamese,Assamese_125,3,A-dataset-of-Indian-Folk-Songs,source_category_proxy_mapping,proxy_label_not_manual_style_verification,1,train
dataset\indian_folk_31\raw_sources\Indian-Folk-Songs\audio chunks\Assamese\Assamese125chunk(4).wav,Assamese125chunk(4).wav,Kamrupi_Lokgeet,Assamese,Assamese_125,4,A-dataset-of-Indian-Folk-Songs,source_category_proxy_mapping,proxy_label_not_manual_style_verification,1,train
dataset\indian_folk_31\raw_sources\Indian-Folk-Songs\audio chunks\Assamese\Assamese125chunk(5).wav,Assamese125chunk(5).wav,Kamrupi_Lokgeet,Assamese,Assamese_125,5,A-dataset-of-Indian-Folk-Songs,source_category_proxy_mapping,proxy_label_not_manual_style_verification,1,train
dataset\indian_folk_31\raw_sources\Indian-Folk-Songs\audio chunks\Assamese\Assamese126chunk(0).wav,Assamese126chunk(0).wav,Kamrupi_Lokgeet,Assamese,Assamese_126,0,A-dataset-of-Indian-Folk-Songs,source_category_proxy_mapping,proxy_label_not_manual_style_verification,1,train
dataset\indian_folk_31\raw_sources\Indian-Folk-Songs\audio chunks\Assamese\Assamese126chunk(1).wav,Assamese126chunk(1).wav,Kamrupi_Lokgeet,Assamese,Assamese_126,1,A-dataset-of-Indian-Folk-Songs,source_category_proxy_mapping,proxy_label_not_manual_style_verification,1,train
dataset\indian_folk_31\raw_sources\Indian-Folk-Songs\audio chunks\Assamese\Assamese126chunk(2).wav,Assamese126chunk(2).wav,Kamrupi_Lokgeet,Assamese,Assamese_126,2,A-dataset-of-Indian-Folk-Songs,source_category_proxy_mapping,proxy_label_not_manual_style_verification,1,train
dataset\indian_folk_31\raw_sources\Indian-Folk-Songs\audio chunks\Assamese\Assamese126chunk(3).wav,Assamese126chunk(3).wav,Kamrupi_Lokgeet,Assamese,Assamese_126,3,A-dataset-of-Indian-Folk-Songs,source_category_proxy_mapping,proxy_label_not_manual_style_verification,1,train
dataset\indian_folk_31\raw_sources\Indian-Folk-Songs\audio chunks\Assamese\Assamese126chunk(4).wav,Assamese126chunk(4).wav,Kamrupi_Lokgeet,Assamese,Assamese_126,4,A-dataset-of-Indian-Folk-Songs,source_category_proxy_mapping,proxy_label_not_manual_style_verification,1,train
dataset\indian_folk_31\raw_sources\Indian-Folk-Songs\audio chunks\Assamese\Assamese126chunk(5).wav,Assamese126chunk(5).wav,Kamrupi_Lokgeet,Assamese,Assamese_126,5,A-dataset-of-Indian-Folk-Songs,source_category_proxy_mapping,proxy_label_not_manual_style_verification,1,train
dataset\indian_folk_31\raw_sources\Indian-Folk-Songs\audio chunks\Assamese\Assamese13chunk(0).wav,Assamese13chunk(0).wav,Kamrupi_Lokgeet,Assamese,Assamese_13,0,A-dataset-of-Indian-Folk-Songs,source_category_proxy_mapping,proxy_label_not_manual_style_verification,1,train
dataset\indian_folk_31\raw_sources\Indian-Folk-Songs\audio chunks\Assamese\Assamese13chunk(1).wav,Assamese13chunk(1).wav,Kamrupi_Lokgeet,Assamese,Assamese_13,1,A-dataset-of-Indian-Folk-Songs,source_category_proxy_mapping,proxy_label_not_manual_style_verification,1,train
dataset\indian_folk_31\raw_sources\Indian-Folk-Songs\audio chunks\Assamese\Assamese13chunk(2).wav,Assamese13chunk(2).wav,Kamrupi_Lokgeet,Assamese,Assamese_13,2,A-dataset-of-Indian-Folk-Songs,source_category_proxy_mapping,proxy_label_not_manual_style_verification,1,train
dataset\indian_folk_31\raw_sources\Indian-Folk-Songs\audio chunks\Assamese\Assamese13chunk(3).wav,Assamese13chunk(3).wav,Kamrupi_Lokgeet,Assamese,Assamese_13,3,A-dataset-of-Indian-Folk-Songs,source_category_proxy_mapping,proxy_label_not_manual_style_verification,1,train
dataset\indian_folk_31\raw_sources\Indian-Folk-Songs\audio chunks\Assamese\Assamese13chunk(4).wav,Assamese13chunk(4).wav,Kamrupi_Lokgeet,Assamese,Assamese_13,4,A-dataset-of-Indian-Folk-Songs,source_category_proxy_mapping,proxy_label_not_manual_style_verification,1,train
dataset\indian_folk_31\raw_sources\Indian-Folk-Songs\audio chunks\Assamese\Assamese13chunk(5).wav,Assamese13chunk(5).wav,Kamrupi_Lokgeet,Assamese,Assamese_13,5,A-dataset-of-Indian-Folk-Songs,source_category_proxy_mapping,proxy_label_not_manual_style_verification,1,train
dataset\indian_folk_31\raw_sources\Indian-Folk-Songs\audio chunks\Assamese\Assamese130chunk(0).wav,Assamese130chunk(0).wav,Kamrupi_Lokgeet,Assamese,Assamese_130,0,A-dataset-of-Indian-Folk-Songs,source_category_proxy_mapping,proxy_label_not_manual_style_verification,1,train
dataset\indian_folk_31\raw_sources\Indian-Folk-Songs\audio chunks\Assamese\Assamese130chunk(1).wav,Assamese130chunk(1).wav,Kamrupi_Lokgeet,Assamese,Assamese_130,1,A-dataset-of-Indian-Folk-Songs,source_category_proxy_mapping,proxy_label_not_manual_style_verification,1,train
dataset\indian_folk_31\raw_sources\Indian-Folk-Songs\audio chunks\Assamese\Assamese130chunk(2).wav,Assamese130chunk(2).wav,Kamrupi_Lokgeet,Assamese,Assamese_130,2,A-dataset-of-Indian-Folk-Songs,source_category_proxy_mapping,proxy_label_not_manual_style_verification,1,train
dataset\indian_folk_31\raw_sources\Indian-Folk-Songs\audio chunks\Assamese\Assamese130chunk(3).wav,Assamese130chunk(3).wav,Kamrupi_Lokgeet,Assamese,Assamese_130,3,A-dataset-of-Indian-Folk-Songs,source_category_proxy_mapping,proxy_label_not_manual_style_verification,1,train
dataset\indian_folk_31\raw_sources\Indian-Folk-Songs\audio chunks\Assamese\Assamese130chunk(4).wav,Assamese130chunk(4).wav,Kamrupi_Lokgeet,Assamese,Assamese_130,4,A-dataset-of-Indian-Folk-Songs,source_category_proxy_mapping,proxy_label_not_manual_style_verification,1,train
dataset\indian_folk_31\raw_sources\Indian-Folk-Songs\audio chunks\Assamese\Assamese130chunk(5).wav,Assamese130chunk(5).wav,Kamrupi_Lokgeet,Assamese,Assamese_130,5,A-dataset-of-Indian-Folk-Songs,source_category_proxy_mapping,proxy_label_not_manual_style_verification,1,train
dataset\indian_folk_31\raw_sources\Indian-Folk-Songs\audio chunks\Assamese\Assamese132chunk(0).wav,Assamese132chunk(0).wav,Kamrupi_Lokgeet,Assamese,Assamese_132,0,A-dataset-of-Indian-Folk-Songs,source_category_proxy_mapping,proxy_label_not_manual_style_verification,1,train
dataset\indian_folk_31\raw_sources\Indian-Folk-Songs\audio chunks\Assamese\Assamese132chunk(1).wav,Assamese132chunk(1).wav,Kamrupi_Lokgeet,Assamese,Assamese_132,1,A-dataset-of-Indian-Folk-Songs,source_category_proxy_mapping,proxy_label_not_manual_style_verification,1,train
dataset\indian_folk_31\raw_sources\Indian-Folk-Songs\audio chunks\Assamese\Assamese132chunk(2).wav,Assamese132chunk(2).wav,Kamrupi_Lokgeet,Assamese,Assamese_132,2,A-dataset-of-Indian-Folk-Songs,source_category_proxy_mapping,proxy_label_not_manual_style_verification,1,train
dataset\indian_folk_31\raw_sources\Indian-Folk-Songs\audio chunks\Assamese\Assamese132chunk(3).wav,Assamese132chunk(3).wav,Kamrupi_Lokgeet,Assamese,Assamese_132,3,A-dataset-of-Indian-Folk-Songs,source_category_proxy_mapping,proxy_label_not_manual_style_verification,1,train
dataset\indian_folk_31\raw_sources\Indian-Folk-Songs\audio chunks\Assamese\Assamese132chunk(4).wav,Assamese132chunk(4).wav,Kamrupi_Lokgeet,Assamese,Assamese_132,4,A-dataset-of-Indian-Folk-Songs,source_category_proxy_mapping,proxy_label_not_manual_style_verification,1,train
dataset\indian_folk_31\raw_sources\Indian-Folk-Songs\audio chunks\Assamese\Assamese132chunk(5).wav,Assamese132chunk(5).wav,Kamrupi_Lokgeet,Assamese,Assamese_132,5,A-dataset-of-Indian-Folk-Songs,source_category_proxy_mapping,proxy_label_not_manual_style_verification,1,train
dataset\indian_folk_31\raw_sources\Indian-Folk-Songs\audio chunks\Assamese\Assamese134chunk(0).wav,Assamese134chunk(0).wav,Kamrupi_Lokgeet,Assamese,Assamese_134,0,A-dataset-of-Indian-Folk-Songs,source_category_proxy_mapping,proxy_label_not_manual_style_verification,1,train
dataset\indian_folk_31\raw_sources\Indian-Folk-Songs\audio chunks\Assamese\Assamese134chunk(1).wav,Assamese134chunk(1).wav,Kamrupi_Lokgeet,Assamese,Assamese_134,1,A-dataset-of-Indian-Folk-Songs,source_category_proxy_mapping,proxy_label_not_manual_style_verification,1,train
dataset\indian_folk_31\raw_sources\Indian-Folk-Songs\audio chunks\Assamese\Assamese134chunk(2).wav,Assamese134chunk(2).wav,Kamrupi_Lokgeet,Assamese,Assamese_134,2,A-dataset-of-Indian-Folk-Songs,source_category_proxy_mapping,proxy_label_not_manual_style_verification,1,train
dataset\indian_folk_31\raw_sources\Indian-Folk-Songs\audio chunks\Assamese\Assamese134chunk(3).wav,Assamese134chunk(3).wav,Kamrupi_Lokgeet,Assamese,Assamese_134,3,A-dataset-of-Indian-Folk-Songs,source_category_proxy_mapping,proxy_label_not_manual_style_verification,1,train
dataset\indian_folk_31\raw_sources\Indian-Folk-Songs\audio chunks\Assamese\Assamese134chunk(4).wav,Assamese134chunk(4).wav,Kamrupi_Lokgeet,Assamese,Assamese_134,4,A-dataset-of-Indian-Folk-Songs,source_category_proxy_mapping,proxy_label_not_manual_style_verification,1,train
dataset\indian_folk_31\raw_sources\Indian-Folk-Songs\audio chunks\Assamese\Assamese134chunk(5).wav,Assamese134chunk(5).wav,Kamrupi_Lokgeet,Assamese,Assamese_134,5,A-dataset-of-Indian-Folk-Songs,source_category_proxy_mapping,proxy_label_not_manual_style_verification,1,train
dataset\indian_folk_31\raw_sources\Indian-Folk-Songs\audio chunks\Assamese\Assamese14chunk(0).wav,Assamese14chunk(0).wav,Kamrupi_Lokgeet,Assamese,Assamese_14,0,A-dataset-of-Indian-Folk-Songs,source_category_proxy_mapping,proxy_label_not_manual_style_verification,1,train
dataset\indian_folk_31\raw_sources\Indian-Folk-Songs\audio chunks\Assamese\Assamese14chunk(1).wav,Assamese14chunk(1).wav,Kamrupi_Lokgeet,Assamese,Assamese_14,1,A-dataset-of-Indian-Folk-Songs,source_category_proxy_mapping,proxy_label_not_manual_style_verification,1,train
dataset\indian_folk_31\raw_sources\Indian-Folk-Songs\audio chunks\Assamese\Assamese14chunk(2).wav,Assamese14chunk(2).wav,Kamrupi_Lokgeet,Assamese,Assamese_14,2,A-dataset-of-Indian-Folk-Songs,source_category_proxy_mapping,proxy_label_not_manual_style_verification,1,train
dataset\indian_folk_31\raw_sources\Indian-Folk-Songs\audio chunks\Assamese\Assamese14chunk(3).wav,Assamese14chunk(3).wav,Kamrupi_Lokgeet,Assamese,Assamese_14,3,A-dataset-of-Indian-Folk-Songs,source_category_proxy_mapping,proxy_label_not_manual_style_verification,1,train
dataset\indian_folk_31\raw_sources\Indian-Folk-Songs\audio chunks\Assamese\Assamese14chunk(4).wav,Assamese14chunk(4).wav,Kamrupi_Lokgeet,Assamese,Assamese_14,4,A-dataset-of-Indian-Folk-Songs,source_category_proxy_mapping,proxy_label_not_manual_style_verification,1,train
dataset\indian_folk_31\raw_sources\Indian-Folk-Songs\audio chunks\Assamese\Assamese14chunk(5).wav,Assamese14chunk(5).wav,Kamrupi_Lokgeet,Assamese,Assamese_14,5,A-dataset-of-Indian-Folk-Songs,source_category_proxy_mapping,proxy_label_not_manual_style_verification,1,train
dataset\indian_folk_31\raw_sources\Indian-Folk-Songs\audio chunks\Assamese\Assamese140chunk(0).wav,Assamese140chunk(0).wav,Kamrupi_Lokgeet,Assamese,Assamese_140,0,A-dataset-of-Indian-Folk-Songs,source_category_proxy_mapping,proxy_label_not_manual_style_verification,1,train
dataset\indian_folk_31\raw_sources\Indian-Folk-Songs\audio chunks\Assamese\Assamese140chunk(1).wav,Assamese140chunk(1).wav,Kamrupi_Lokgeet,Assamese,Assamese_140,1,A-dataset-of-Indian-Folk-Songs,source_category_proxy_mapping,proxy_label_not_manual_style_verification,1,train
dataset\indian_folk_31\raw_sources\Indian-Folk-Songs\audio chunks\Assamese\Assamese140chunk(2).wav,Assamese140chunk(2).wav,Kamrupi_Lokgeet,Assamese,Assamese_140,2,A-dataset-of-Indian-Folk-Songs,source_category_proxy_mapping,proxy_label_not_manual_style_verification,1,train
dataset\indian_folk_31\raw_sources\Indian-Folk-Songs\audio chunks\Assamese\Assamese140chunk(3).wav,Assamese140chunk(3).wav,Kamrupi_Lokgeet,Assamese,Assamese_140,3,A-dataset-of-Indian-Folk-Songs,source_category_proxy_mapping,proxy_label_not_manual_style_verification,1,train
dataset\indian_folk_31\raw_sources\Indian-Folk-Songs\audio chunks\Assamese\Assamese140chunk(4).wav,Assamese140chunk(4).wav,Kamrupi_Lokgeet,Assamese,Assamese_140,4,A-dataset-of-Indian-Folk-Songs,source_category_proxy_mapping,proxy_label_not_manual_style_verification,1,train
dataset\indian_folk_31\raw_sources\Indian-Folk-Songs\audio chunks\Assamese\Assamese140chunk(5).wav,Assamese140chunk(5).wav,Kamrupi_Lokgeet,Assamese,Assamese_140,5,A-dataset-of-Indian-Folk-Songs,source_category_proxy_mapping,proxy_label_not_manual_style_verification,1,train
dataset\indian_folk_31\raw_sources\Indian-Folk-Songs\audio chunks\Assamese\Assamese141chunk(0).wav,Assamese141chunk(0).wav,Kamrupi_Lokgeet,Assamese,Assamese_141,0,A-dataset-of-Indian-Folk-Songs,source_category_proxy_mapping,proxy_label_not_manual_style_verification,1,train
dataset\indian_folk_31\raw_sources\Indian-Folk-Songs\audio chunks\Assamese\Assamese141chunk(1).wav,Assamese141chunk(1).wav,Kamrupi_Lokgeet,Assamese,Assamese_141,1,A-dataset-of-Indian-Folk-Songs,source_category_proxy_mapping,proxy_label_not_manual_style_verification,1,train
dataset\indian_folk_31\raw_sources\Indian-Folk-Songs\audio chunks\Assamese\Assamese141chunk(2).wav,Assamese141chunk(2).wav,Kamrupi_Lokgeet,Assamese,Assamese_141,2,A-dataset-of-Indian-Folk-Songs,source_category_proxy_mapping,proxy_label_not_manual_style_verification,1,train
dataset\indian_folk_31\raw_sources\Indian-Folk-Songs\audio chunks\Assamese\Assamese141chunk(3).wav,Assamese141chunk(3).wav,Kamrupi_Lokgeet,Assamese,Assamese_141,3,A-dataset-of-Indian-Folk-Songs,source_category_proxy_mapping,proxy_label_not_manual_style_verification,1,train
dataset\indian_folk_31\raw_sources\Indian-Folk-Songs\audio chunks\Assamese\Assamese141chunk(4).wav,Assamese141chunk(4).wav,Kamrupi_Lokgeet,Assamese,Assamese_141,4,A-dataset-of-Indian-Folk-Songs,source_category_proxy_mapping,proxy_label_not_manual_style_verification,1,train
dataset\indian_folk_31\raw_sources\Indian-Folk-Songs\audio chunks\Assamese\Assamese141chunk(5).wav,Assamese141chunk(5).wav,Kamrupi_Lokgeet,Assamese,Assamese_141,5,A-dataset-of-Indian-Folk-Songs,source_category_proxy_mapping,proxy_label_not_manual_style_verification,1,train
dataset\indian_folk_31\raw_sources\Indian-Folk-Songs\audio chunks\Assamese\Assamese20chunk(0).wav,Assamese20chunk(0).wav,Kamrupi_Lokgeet,Assamese,Assamese_20,0,A-dataset-of-Indian-Folk-Songs,source_category_proxy_mapping,proxy_label_not_manual_style_verification,1,train
dataset\indian_folk_31\raw_sources\Indian-Folk-Songs\audio chunks\Assamese\Assamese20chunk(1).wav,Assamese20chunk(1).wav,Kamrupi_Lokgeet,Assamese,Assamese_20,1,A-dataset-of-Indian-Folk-Songs,source_category_proxy_mapping,proxy_label_not_manual_style_verification,1,train
dataset\indian_folk_31\raw_sources\Indian-Folk-Songs\audio chunks\Assamese\Assamese20chunk(2).wav,Assamese20chunk(2).wav,Kamrupi_Lokgeet,Assamese,Assamese_20,2,A-dataset-of-Indian-Folk-Songs,source_category_proxy_mapping,proxy_label_not_manual_style_verification,1,train
dataset\indian_folk_31\raw_sources\Indian-Folk-Songs\audio chunks\Assamese\Assamese20chunk(3).wav,Assamese20chunk(3).wav,Kamrupi_Lokgeet,Assamese,Assamese_20,3,A-dataset-of-Indian-Folk-Songs,source_category_proxy_mapping,proxy_label_not_manual_style_verification,1,train
dataset\indian_folk_31\raw_sources\Indian-Folk-Songs\audio chunks\Assamese\Assamese20chunk(4).wav,Assamese20chunk(4).wav,Kamrupi_Lokgeet,Assamese,Assamese_20,4,A-dataset-of-Indian-Folk-Songs,source_category_proxy_mapping,proxy_label_not_manual_style_verification,1,train
dataset\indian_folk_31\raw_sources\Indian-Folk-Songs\audio chunks\Assamese\Assamese20chunk(5).wav,Assamese20chunk(5).wav,Kamrupi_Lokgeet,Assamese,Assamese_20,5,A-dataset-of-Indian-Folk-Songs,source_category_proxy_mapping,proxy_label_not_manual_style_verification,1,train
dataset\indian_folk_31\raw_sources\Indian-Folk-Songs\audio chunks\Assamese\Assamese21chunk(0).wav,Assamese21chunk(0).wav,Kamrupi_Lokgeet,Assamese,Assamese_21,0,A-dataset-of-Indian-Folk-Songs,source_category_proxy_mapping,proxy_label_not_manual_style_verification,1,train
dataset\indian_folk_31\raw_sources\Indian-Folk-Songs\audio chunks\Assamese\Assamese21chunk(1).wav,Assamese21chunk(1).wav,Kamrupi_Lokgeet,Assamese,Assamese_21,1,A-dataset-of-Indian-Folk-Songs,source_category_proxy_mapping,proxy_label_not_manual_style_verification,1,train
dataset\indian_folk_31\raw_sources\Indian-Folk-Songs\audio chunks\Assamese\Assamese21chunk(2).wav,Assamese21chunk(2).wav,Kamrupi_Lokgeet,Assamese,Assamese_21,2,A-dataset-of-Indian-Folk-Songs,source_category_proxy_mapping,proxy_label_not_manual_style_verification,1,train
dataset\indian_folk_31\raw_sources\Indian-Folk-Songs\audio chunks\Assamese\Assamese21chunk(3).wav,Assamese21chunk(3).wav,Kamrupi_Lokgeet,Assamese,Assamese_21,3,A-dataset-of-Indian-Folk-Songs,source_category_proxy_mapping,proxy_label_not_manual_style_verification,1,train
dataset\indian_folk_31\raw_sources\Indian-Folk-Songs\audio chunks\Assamese\Assamese21chunk(4).wav,Assamese21chunk(4).wav,Kamrupi_Lokgeet,Assamese,Assamese_21,4,A-dataset-of-Indian-Folk-Songs,source_category_proxy_mapping,proxy_label_not_manual_style_verification,1,train
dataset\indian_folk_31\raw_sources\Indian-Folk-Songs\audio chunks\Assamese\Assamese21chunk(5).wav,Assamese21chunk(5).wav,Kamrupi_Lokgeet,Assamese,Assamese_21,5,A-dataset-of-Indian-Folk-Songs,source_category_proxy_mapping,proxy_label_not_manual_style_verification,1,train
dataset\indian_folk_31\raw_sources\Indian-Folk-Songs\audio chunks\Assamese\Assamese25chunk(0).wav,Assamese25chunk(0).wav,Kamrupi_Lokgeet,Assamese,Assamese_25,0,A-dataset-of-Indian-Folk-Songs,source_category_proxy_mapping,proxy_label_not_manual_style_verification,1,train
dataset\indian_folk_31\raw_sources\Indian-Folk-Songs\audio chunks\Assamese\Assamese25chunk(1).wav,Assamese25chunk(1).wav,Kamrupi_Lokgeet,Assamese,Assamese_25,1,A-dataset-of-Indian-Folk-Songs,source_category_proxy_mapping,proxy_label_not_manual_style_verification,1,train
dataset\indian_folk_31\raw_sources\Indian-Folk-Songs\audio chunks\Assamese\Assamese25chunk(2).wav,Assamese25chunk(2).wav,Kamrupi_Lokgeet,Assamese,Assamese_25,2,A-dataset-of-Indian-Folk-Songs,source_category_proxy_mapping,proxy_label_not_manual_style_verification,1,train
dataset\indian_folk_31\raw_sources\Indian-Folk-Songs\audio chunks\Assamese\Assamese25chunk(3).wav,Assamese25chunk(3).wav,Kamrupi_Lokgeet,Assamese,Assamese_25,3,A-dataset-of-Indian-Folk-Songs,source_category_proxy_mapping,proxy_label_not_manual_style_verification,1,train
dataset\indian_folk_31\raw_sources\Indian-Folk-Songs\audio chunks\Assamese\Assamese25chunk(4).wav,Assamese25chunk(4).wav,Kamrupi_Lokgeet,Assamese,Assamese_25,4,A-dataset-of-Indian-Folk-Songs,source_category_proxy_mapping,proxy_label_not_manual_style_verification,1,train
dataset\indian_folk_31\raw_sources\Indian-Folk-Songs\audio chunks\Assamese\Assamese25chunk(5).wav,Assamese25chunk(5).wav,Kamrupi_Lokgeet,Assamese,Assamese_25,5,A-dataset-of-Indian-Folk-Songs,source_category_proxy_mapping,proxy_label_not_manual_style_verification,1,train
dataset\indian_folk_31\raw_sources\Indian-Folk-Songs\audio chunks\Assamese\Assamese29chunk(0).wav,Assamese29chunk(0).wav,Kamrupi_Lokgeet,Assamese,Assamese_29,0,A-dataset-of-Indian-Folk-Songs,source_category_proxy_mapping,proxy_label_not_manual_style_verification,1,train
dataset\indian_folk_31\raw_sources\Indian-Folk-Songs\audio chunks\Assamese\Assamese29chunk(1).wav,Assamese29chunk(1).wav,Kamrupi_Lokgeet,Assamese,Assamese_29,1,A-dataset-of-Indian-Folk-Songs,source_category_proxy_mapping,proxy_label_not_manual_style_verification,1,train
dataset\indian_folk_31\raw_sources\Indian-Folk-Songs\audio chunks\Assamese\Assamese29chunk(2).wav,Assamese29chunk(2).wav,Kamrupi_Lokgeet,Assamese,Assamese_29,2,A-dataset-of-Indian-Folk-Songs,source_category_proxy_mapping,proxy_label_not_manual_style_verification,1,train
dataset\indian_folk_31\raw_sources\Indian-Folk-Songs\audio chunks\Assamese\Assamese29chunk(3).wav,Assamese29chunk(3).wav,Kamrupi_Lokgeet,Assamese,Assamese_29,3,A-dataset-of-Indian-Folk-Songs,source_category_proxy_mapping,proxy_label_not_manual_style_verification,1,train
dataset\indian_folk_31\raw_sources\Indian-Folk-Songs\audio chunks\Assamese\Assamese29chunk(4).wav,Assamese29chunk(4).wav,Kamrupi_Lokgeet,Assamese,Assamese_29,4,A-dataset-of-Indian-Folk-Songs,source_category_proxy_mapping,proxy_label_not_manual_style_verification,1,train
dataset\indian_folk_31\raw_sources\Indian-Folk-Songs\audio chunks\Assamese\Assamese29chunk(5).wav,Assamese29chunk(5).wav,Kamrupi_Lokgeet,Assamese,Assamese_29,5,A-dataset-of-Indian-Folk-Songs,source_category_proxy_mapping,proxy_label_not_manual_style_verification,1,train
dataset\indian_folk_31\raw_sources\Indian-Folk-Songs\audio chunks\Assamese\Assamese30chunk(0).wav,Assamese30chunk(0).wav,Kamrupi_Lokgeet,Assamese,Assamese_30,0,A-dataset-of-Indian-Folk-Songs,source_category_proxy_mapping,proxy_label_not_manual_style_verification,1,train
dataset\indian_folk_31\raw_sources\Indian-Folk-Songs\audio chunks\Assamese\Assamese30chunk(1).wav,Assamese30chunk(1).wav,Kamrupi_Lokgeet,Assamese,Assamese_30,1,A-dataset-of-Indian-Folk-Songs,source_category_proxy_mapping,proxy_label_not_manual_style_verification,1,train
dataset\indian_folk_31\raw_sources\Indian-Folk-Songs\audio chunks\Assamese\Assamese30chunk(2).wav,Assamese30chunk(2).wav,Kamrupi_Lokgeet,Assamese,Assamese_30,2,A-dataset-of-Indian-Folk-Songs,source_category_proxy_mapping,proxy_label_not_manual_style_verification,1,train
dataset\indian_folk_31\raw_sources\Indian-Folk-Songs\audio chunks\Assamese\Assamese30chunk(3).wav,Assamese30chunk(3).wav,Kamrupi_Lokgeet,Assamese,Assamese_30,3,A-dataset-of-Indian-Folk-Songs,source_category_proxy_mapping,proxy_label_not_manual_style_verification,1,train
dataset\indian_folk_31\raw_sources\Indian-Folk-Songs\audio chunks\Assamese\Assamese30chunk(4).wav,Assamese30chunk(4).wav,Kamrupi_Lokgeet,Assamese,Assamese_30,4,A-dataset-of-Indian-Folk-Songs,source_category_proxy_mapping,proxy_label_not_manual_style_verification,1,train
dataset\indian_folk_31\raw_sources\Indian-Folk-Songs\audio chunks\Assamese\Assamese30chunk(5).wav,Assamese30chunk(5).wav,Kamrupi_Lokgeet,Assamese,Assamese_30,5,A-dataset-of-Indian-Folk-Songs,source_category_proxy_mapping,proxy_label_not_manual_style_verification,1,train
dataset\indian_folk_31\raw_sources\Indian-Folk-Songs\audio chunks\Assamese\Assamese4chunk(0).wav,Assamese4chunk(0).wav,Kamrupi_Lokgeet,Assamese,Assamese_4,0,A-dataset-of-Indian-Folk-Songs,source_category_proxy_mapping,proxy_label_not_manual_style_verification,1,train
dataset\indian_folk_31\raw_sources\Indian-Folk-Songs\audio chunks\Assamese\Assamese4chunk(1).wav,Assamese4chunk(1).wav,Kamrupi_Lokgeet,Assamese,Assamese_4,1,A-dataset-of-Indian-Folk-Songs,source_category_proxy_mapping,proxy_label_not_manual_style_verification,1,train
dataset\indian_folk_31\raw_sources\Indian-Folk-Songs\audio chunks\Assamese\Assamese4chunk(2).wav,Assamese4chunk(2).wav,Kamrupi_Lokgeet,Assamese,Assamese_4,2,A-dataset-of-Indian-Folk-Songs,source_category_proxy_mapping,proxy_label_not_manual_style_verification,1,train
dataset\indian_folk_31\raw_sources\Indian-Folk-Songs\audio chunks\Assamese\Assamese4chunk(3).wav,Assamese4chunk(3).wav,Kamrupi_Lokgeet,Assamese,Assamese_4,3,A-dataset-of-Indian-Folk-Songs,source_category_proxy_mapping,proxy_label_not_manual_style_verification,1,train
dataset\indian_folk_31\raw_sources\Indian-Folk-Songs\audio chunks\Assamese\Assamese4chunk(4).wav,Assamese4chunk(4).wav,Kamrupi_Lokgeet,Assamese,Assamese_4,4,A-dataset-of-Indian-Folk-Songs,source_category_proxy_mapping,proxy_label_not_manual_style_verification,1,train
dataset\indian_folk_31\raw_sources\Indian-Folk-Songs\audio chunks\Assamese\Assamese4chunk(5).wav,Assamese4chunk(5).wav,Kamrupi_Lokgeet,Assamese,Assamese_4,5,A-dataset-of-Indian-Folk-Songs,source_category_proxy_mapping,proxy_label_not_manual_style_verification,1,train
dataset\indian_folk_31\raw_sources\Indian-Folk-Songs\audio chunks\Assamese\Assamese44chunk(0).wav,Assamese44chunk(0).wav,Kamrupi_Lokgeet,Assamese,Assamese_44,0,A-dataset-of-Indian-Folk-Songs,source_category_proxy_mapping,proxy_label_not_manual_style_verification,1,train
dataset\indian_folk_31\raw_sources\Indian-Folk-Songs\audio chunks\Assamese\Assamese44chunk(1).wav,Assamese44chunk(1).wav,Kamrupi_Lokgeet,Assamese,Assamese_44,1,A-dataset-of-Indian-Folk-Songs,source_category_proxy_mapping,proxy_label_not_manual_style_verification,1,train
dataset\indian_folk_31\raw_sources\Indian-Folk-Songs\audio chunks\Assamese\Assamese44chunk(2).wav,Assamese44chunk(2).wav,Kamrupi_Lokgeet,Assamese,Assamese_44,2,A-dataset-of-Indian-Folk-Songs,source_category_proxy_mapping,proxy_label_not_manual_style_verification,1,train
dataset\indian_folk_31\raw_sources\Indian-Folk-Songs\audio chunks\Assamese\Assamese44chunk(3).wav,Assamese44chunk(3).wav,Kamrupi_Lokgeet,Assamese,Assamese_44,3,A-dataset-of-Indian-Folk-Songs,source_category_proxy_mapping,proxy_label_not_manual_style_verification,1,train
dataset\indian_folk_31\raw_sources\Indian-Folk-Songs\audio chunks\Assamese\Assamese44chunk(4).wav,Assamese44chunk(4).wav,Kamrupi_Lokgeet,Assamese,Assamese_44,4,A-dataset-of-Indian-Folk-Songs,source_category_proxy_mapping,proxy_label_not_manual_style_verification,1,train
dataset\indian_folk_31\raw_sources\Indian-Folk-Songs\audio chunks\Assamese\Assamese44chunk(5).wav,Assamese44chunk(5).wav,Kamrupi_Lokgeet,Assamese,Assamese_44,5,A-dataset-of-Indian-Folk-Songs,source_category_proxy_mapping,proxy_label_not_manual_style_verification,1,train
dataset\indian_folk_31\raw_sources\Indian-Folk-Songs\audio chunks\Assamese\Assamese46chunk(0).wav,Assamese46chunk(0).wav,Kamrupi_Lokgeet,Assamese,Assamese_46,0,A-dataset-of-Indian-Folk-Songs,source_category_proxy_mapping,proxy_label_not_manual_style_verification,1,train
dataset\indian_folk_31\raw_sources\Indian-Folk-Songs\audio chunks\Assamese\Assamese46chunk(1).wav,Assamese46chunk(1).wav,Kamrupi_Lokgeet,Assamese,Assamese_46,1,A-dataset-of-Indian-Folk-Songs,source_category_proxy_mapping,proxy_label_not_manual_style_verification,1,train
dataset\indian_folk_31\raw_sources\Indian-Folk-Songs\audio chunks\Assamese\Assamese46chunk(2).wav,Assamese46chunk(2).wav,Kamrupi_Lokgeet,Assamese,Assamese_46,2,A-dataset-of-Indian-Folk-Songs,source_category_proxy_mapping,proxy_label_not_manual_style_verification,1,train
dataset\indian_folk_31\raw_sources\Indian-Folk-Songs\audio chunks\Assamese\Assamese46chunk(3).wav,Assamese46chunk(3).wav,Kamrupi_Lokgeet,Assamese,Assamese_46,3,A-dataset-of-Indian-Folk-Songs,source_category_proxy_mapping,proxy_label_not_manual_style_verification,1,train
dataset\indian_folk_31\raw_sources\Indian-Folk-Songs\audio chunks\Assamese\Assamese46chunk(4).wav,Assamese46chunk(4).wav,Kamrupi_Lokgeet,Assamese,Assamese_46,4,A-dataset-of-Indian-Folk-Songs,source_category_proxy_mapping,proxy_label_not_manual_style_verification,1,train
dataset\indian_folk_31\raw_sources\Indian-Folk-Songs\audio chunks\Assamese\Assamese46chunk(5).wav,Assamese46chunk(5).wav,Kamrupi_Lokgeet,Assamese,Assamese_46,5,A-dataset-of-Indian-Folk-Songs,source_category_proxy_mapping,proxy_label_not_manual_style_verification,1,train
dataset\indian_folk_31\raw_sources\Indian-Folk-Songs\audio chunks\Assamese\Assamese48chunk(0).wav,Assamese48chunk(0).wav,Kamrupi_Lokgeet,Assamese,Assamese_48,0,A-dataset-of-Indian-Folk-Songs,source_category_proxy_mapping,proxy_label_not_manual_style_verification,1,train
dataset\indian_folk_31\raw_sources\Indian-Folk-Songs\audio chunks\Assamese\Assamese48chunk(1).wav,Assamese48chunk(1).wav,Kamrupi_Lokgeet,Assamese,Assamese_48,1,A-dataset-of-Indian-Folk-Songs,source_category_proxy_mapping,proxy_label_not_manual_style_verification,1,train
dataset\indian_folk_31\raw_sources\Indian-Folk-Songs\audio chunks\Assamese\Assamese48chunk(2).wav,Assamese48chunk(2).wav,Kamrupi_Lokgeet,Assamese,Assamese_48,2,A-dataset-of-Indian-Folk-Songs,source_category_proxy_mapping,proxy_label_not_manual_style_verification,1,train
dataset\indian_folk_31\raw_sources\Indian-Folk-Songs\audio chunks\Assamese\Assamese48chunk(3).wav,Assamese48chunk(3).wav,Kamrupi_Lokgeet,Assamese,Assamese_48,3,A-dataset-of-Indian-Folk-Songs,source_category_proxy_mapping,proxy_label_not_manual_style_verification,1,train
dataset\indian_folk_31\raw_sources\Indian-Folk-Songs\audio chunks\Assamese\Assamese48chunk(4).wav,Assamese48chunk(4).wav,Kamrupi_Lokgeet,Assamese,Assamese_48,4,A-dataset-of-Indian-Folk-Songs,source_category_proxy_mapping,proxy_label_not_manual_style_verification,1,train
dataset\indian_folk_31\raw_sources\Indian-Folk-Songs\audio chunks\Assamese\Assamese48chunk(5).wav,Assamese48chunk(5).wav,Kamrupi_Lokgeet,Assamese,Assamese_48,5,A-dataset-of-Indian-Folk-Songs,source_category_proxy_mapping,proxy_label_not_manual_style_verification,1,train
dataset\indian_folk_31\raw_sources\Indian-Folk-Songs\audio chunks\Assamese\Assamese55chunk(0).wav,Assamese55chunk(0).wav,Kamrupi_Lokgeet,Assamese,Assamese_55,0,A-dataset-of-Indian-Folk-Songs,source_category_proxy_mapping,proxy_label_not_manual_style_verification,1,train
dataset\indian_folk_31\raw_sources\Indian-Folk-Songs\audio chunks\Assamese\Assamese55chunk(1).wav,Assamese55chunk(1).wav,Kamrupi_Lokgeet,Assamese,Assamese_55,1,A-dataset-of-Indian-Folk-Songs,source_category_proxy_mapping,proxy_label_not_manual_style_verification,1,train
dataset\indian_folk_31\raw_sources\Indian-Folk-Songs\audio chunks\Assamese\Assamese55chunk(2).wav,Assamese55chunk(2).wav,Kamrupi_Lokgeet,Assamese,Assamese_55,2,A-dataset-of-Indian-Folk-Songs,source_category_proxy_mapping,proxy_label_not_manual_style_verification,1,train
dataset\indian_folk_31\raw_sources\Indian-Folk-Songs\audio chunks\Assamese\Assamese55chunk(3).wav,Assamese55chunk(3).wav,Kamrupi_Lokgeet,Assamese,Assamese_55,3,A-dataset-of-Indian-Folk-Songs,source_category_proxy_mapping,proxy_label_not_manual_style_verification,1,train
dataset\indian_folk_31\raw_sources\Indian-Folk-Songs\audio chunks\Assamese\Assamese55chunk(4).wav,Assamese55chunk(4).wav,Kamrupi_Lokgeet,Assamese,Assamese_55,4,A-dataset-of-Indian-Folk-Songs,source_category_proxy_mapping,proxy_label_not_manual_style_verification,1,train
dataset\indian_folk_31\raw_sources\Indian-Folk-Songs\audio chunks\Assamese\Assamese55chunk(5).wav,Assamese55chunk(5).wav,Kamrupi_Lokgeet,Assamese,Assamese_55,5,A-dataset-of-Indian-Folk-Songs,source_category_proxy_mapping,proxy_label_not_manual_style_verification,1,train
dataset\indian_folk_31\raw_sources\Indian-Folk-Songs\audio chunks\Assamese\Assamese6chunk(0).wav,Assamese6chunk(0).wav,Kamrupi_Lokgeet,Assamese,Assamese_6,0,A-dataset-of-Indian-Folk-Songs,source_category_proxy_mapping,proxy_label_not_manual_style_verification,1,train
dataset\indian_folk_31\raw_sources\Indian-Folk-Songs\audio chunks\Assamese\Assamese6chunk(1).wav,Assamese6chunk(1).wav,Kamrupi_Lokgeet,Assamese,Assamese_6,1,A-dataset-of-Indian-Folk-Songs,source_category_proxy_mapping,proxy_label_not_manual_style_verification,1,train
dataset\indian_folk_31\raw_sources\Indian-Folk-Songs\audio chunks\Assamese\Assamese6chunk(2).wav,Assamese6chunk(2).wav,Kamrupi_Lokgeet,Assamese,Assamese_6,2,A-dataset-of-Indian-Folk-Songs,source_category_proxy_mapping,proxy_label_not_manual_style_verification,1,train
dataset\indian_folk_31\raw_sources\Indian-Folk-Songs\audio chunks\Assamese\Assamese6chunk(3).wav,Assamese6chunk(3).wav,Kamrupi_Lokgeet,Assamese,Assamese_6,3,A-dataset-of-Indian-Folk-Songs,source_category_proxy_mapping,proxy_label_not_manual_style_verification,1,train
dataset\indian_folk_31\raw_sources\Indian-Folk-Songs\audio chunks\Assamese\Assamese6chunk(4).wav,Assamese6chunk(4).wav,Kamrupi_Lokgeet,Assamese,Assamese_6,4,A-dataset-of-Indian-Folk-Songs,source_category_proxy_mapping,proxy_label_not_manual_style_verification,1,train
dataset\indian_folk_31\raw_sources\Indian-Folk-Songs\audio chunks\Assamese\Assamese6chunk(5).wav,Assamese6chunk(5).wav,Kamrupi_Lokgeet,Assamese,Assamese_6,5,A-dataset-of-Indian-Folk-Songs,source_category_proxy_mapping,proxy_label_not_manual_style_verification,1,train
dataset\indian_folk_31\raw_sources\Indian-Folk-Songs\audio chunks\Assamese\Assamese62chunk(0).wav,Assamese62chunk(0).wav,Kamrupi_Lokgeet,Assamese,Assamese_62,0,A-dataset-of-Indian-Folk-Songs,source_category_proxy_mapping,proxy_label_not_manual_style_verification,1,train
dataset\indian_folk_31\raw_sources\Indian-Folk-Songs\audio chunks\Assamese\Assamese62chunk(1).wav,Assamese62chunk(1).wav,Kamrupi_Lokgeet,Assamese,Assamese_62,1,A-dataset-of-Indian-Folk-Songs,source_category_proxy_mapping,proxy_label_not_manual_style_verification,1,train
dataset\indian_folk_31\raw_sources\Indian-Folk-Songs\audio chunks\Assamese\Assamese62chunk(2).wav,Assamese62chunk(2).wav,Kamrupi_Lokgeet,Assamese,Assamese_62,2,A-dataset-of-Indian-Folk-Songs,source_category_proxy_mapping,proxy_label_not_manual_style_verification,1,train
dataset\indian_folk_31\raw_sources\Indian-Folk-Songs\audio chunks\Assamese\Assamese62chunk(3).wav,Assamese62chunk(3).wav,Kamrupi_Lokgeet,Assamese,Assamese_62,3,A-dataset-of-Indian-Folk-Songs,source_category_proxy_mapping,proxy_label_not_manual_style_verification,1,train
dataset\indian_folk_31\raw_sources\Indian-Folk-Songs\audio chunks\Assamese\Assamese62chunk(4).wav,Assamese62chunk(4).wav,Kamrupi_Lokgeet,Assamese,Assamese_62,4,A-dataset-of-Indian-Folk-Songs,source_category_proxy_mapping,proxy_label_not_manual_style_verification,1,train
dataset\indian_folk_31\raw_sources\Indian-Folk-Songs\audio chunks\Assamese\Assamese62chunk(5).wav,Assamese62chunk(5).wav,Kamrupi_Lokgeet,Assamese,Assamese_62,5,A-dataset-of-Indian-Folk-Songs,source_category_proxy_mapping,proxy_label_not_manual_style_verification,1,train
dataset\indian_folk_31\raw_sources\Indian-Folk-Songs\audio chunks\Assamese\Assamese64chunk(0).wav,Assamese64chunk(0).wav,Kamrupi_Lokgeet,Assamese,Assamese_64,0,A-dataset-of-Indian-Folk-Songs,source_category_proxy_mapping,proxy_label_not_manual_style_verification,1,train
dataset\indian_folk_31\raw_sources\Indian-Folk-Songs\audio chunks\Assamese\Assamese64chunk(1).wav,Assamese64chunk(1).wav,Kamrupi_Lokgeet,Assamese,Assamese_64,1,A-dataset-of-Indian-Folk-Songs,source_category_proxy_mapping,proxy_label_not_manual_style_verification,1,train
dataset\indian_folk_31\raw_sources\Indian-Folk-Songs\audio chunks\Assamese\Assamese64chunk(2).wav,Assamese64chunk(2).wav,Kamrupi_Lokgeet,Assamese,Assamese_64,2,A-dataset-of-Indian-Folk-Songs,source_category_proxy_mapping,proxy_label_not_manual_style_verification,1,train
dataset\indian_folk_31\raw_sources\Indian-Folk-Songs\audio chunks\Assamese\Assamese64chunk(3).wav,Assamese64chunk(3).wav,Kamrupi_Lokgeet,Assamese,Assamese_64,3,A-dataset-of-Indian-Folk-Songs,source_category_proxy_mapping,proxy_label_not_manual_style_verification,1,train
dataset\indian_folk_31\raw_sources\Indian-Folk-Songs\audio chunks\Assamese\Assamese64chunk(4).wav,Assamese64chunk(4).wav,Kamrupi_Lokgeet,Assamese,Assamese_64,4,A-dataset-of-Indian-Folk-Songs,source_category_proxy_mapping,proxy_label_not_manual_style_verification,1,train
dataset\indian_folk_31\raw_sources\Indian-Folk-Songs\audio chunks\Assamese\Assamese64chunk(5).wav,Assamese64chunk(5).wav,Kamrupi_Lokgeet,Assamese,Assamese_64,5,A-dataset-of-Indian-Folk-Songs,source_category_proxy_mapping,proxy_label_not_manual_style_verification,1,train
dataset\indian_folk_31\raw_sources\Indian-Folk-Songs\audio chunks\Assamese\Assamese68chunk(0).wav,Assamese68chunk(0).wav,Kamrupi_Lokgeet,Assamese,Assamese_68,0,A-dataset-of-Indian-Folk-Songs,source_category_proxy_mapping,proxy_label_not_manual_style_verification,1,train
dataset\indian_folk_31\raw_sources\Indian-Folk-Songs\audio chunks\Assamese\Assamese68chunk(1).wav,Assamese68chunk(1).wav,Kamrupi_Lokgeet,Assamese,Assamese_68,1,A-dataset-of-Indian-Folk-Songs,source_category_proxy_mapping,proxy_label_not_manual_style_verification,1,train
dataset\indian_folk_31\raw_sources\Indian-Folk-Songs\audio chunks\Assamese\Assamese68chunk(2).wav,Assamese68chunk(2).wav,Kamrupi_Lokgeet,Assamese,Assamese_68,2,A-dataset-of-Indian-Folk-Songs,source_category_proxy_mapping,proxy_label_not_manual_style_verification,1,train
dataset\indian_folk_31\raw_sources\Indian-Folk-Songs\audio chunks\Assamese\Assamese68chunk(3).wav,Assamese68chunk(3).wav,Kamrupi_Lokgeet,Assamese,Assamese_68,3,A-dataset-of-Indian-Folk-Songs,source_category_proxy_mapping,proxy_label_not_manual_style_verification,1,train
dataset\indian_folk_31\raw_sources\Indian-Folk-Songs\audio chunks\Assamese\Assamese68chunk(4).wav,Assamese68chunk(4).wav,Kamrupi_Lokgeet,Assamese,Assamese_68,4,A-dataset-of-Indian-Folk-Songs,source_category_proxy_mapping,proxy_label_not_manual_style_verification,1,train
dataset\indian_folk_31\raw_sources\Indian-Folk-Songs\audio chunks\Assamese\Assamese68chunk(5).wav,Assamese68chunk(5).wav,Kamrupi_Lokgeet,Assamese,Assamese_68,5,A-dataset-of-Indian-Folk-Songs,source_category_proxy_mapping,proxy_label_not_manual_style_verification,1,train
dataset\indian_folk_31\raw_sources\Indian-Folk-Songs\audio chunks\Assamese\Assamese70chunk(0).wav,Assamese70chunk(0).wav,Kamrupi_Lokgeet,Assamese,Assamese_70,0,A-dataset-of-Indian-Folk-Songs,source_category_proxy_mapping,proxy_label_not_manual_style_verification,1,train
dataset\indian_folk_31\raw_sources\Indian-Folk-Songs\audio chunks\Assamese\Assamese70chunk(1).wav,Assamese70chunk(1).wav,Kamrupi_Lokgeet,Assamese,Assamese_70,1,A-dataset-of-Indian-Folk-Songs,source_category_proxy_mapping,proxy_label_not_manual_style_verification,1,train
dataset\indian_folk_31\raw_sources\Indian-Folk-Songs\audio chunks\Assamese\Assamese70chunk(2).wav,Assamese70chunk(2).wav,Kamrupi_Lokgeet,Assamese,Assamese_70,2,A-dataset-of-Indian-Folk-Songs,source_category_proxy_mapping,proxy_label_not_manual_style_verification,1,train
dataset\indian_folk_31\raw_sources\Indian-Folk-Songs\audio chunks\Assamese\Assamese70chunk(3).wav,Assamese70chunk(3).wav,Kamrupi_Lokgeet,Assamese,Assamese_70,3,A-dataset-of-Indian-Folk-Songs,source_category_proxy_mapping,proxy_label_not_manual_style_verification,1,train
dataset\indian_folk_31\raw_sources\Indian-Folk-Songs\audio chunks\Assamese\Assamese70chunk(4).wav,Assamese70chunk(4).wav,Kamrupi_Lokgeet,Assamese,Assamese_70,4,A-dataset-of-Indian-Folk-Songs,source_category_proxy_mapping,proxy_label_not_manual_style_verification,1,train
dataset\indian_folk_31\raw_sources\Indian-Folk-Songs\audio chunks\Assamese\Assamese70chunk(5).wav,Assamese70chunk(5).wav,Kamrupi_Lokgeet,Assamese,Assamese_70,5,A-dataset-of-Indian-Folk-Songs,source_category_proxy_mapping,proxy_label_not_manual_style_verification,1,train
dataset\indian_folk_31\raw_sources\Indian-Folk-Songs\audio chunks\Assamese\Assamese8chunk(0).wav,Assamese8chunk(0).wav,Kamrupi_Lokgeet,Assamese,Assamese_8,0,A-dataset-of-Indian-Folk-Songs,source_category_proxy_mapping,proxy_label_not_manual_style_verification,1,train
dataset\indian_folk_31\raw_sources\Indian-Folk-Songs\audio chunks\Assamese\Assamese8chunk(1).wav,Assamese8chunk(1).wav,Kamrupi_Lokgeet,Assamese,Assamese_8,1,A-dataset-of-Indian-Folk-Songs,source_category_proxy_mapping,proxy_label_not_manual_style_verification,1,train
dataset\indian_folk_31\raw_sources\Indian-Folk-Songs\audio chunks\Assamese\Assamese8chunk(2).wav,Assamese8chunk(2).wav,Kamrupi_Lokgeet,Assamese,Assamese_8,2,A-dataset-of-Indian-Folk-Songs,source_category_proxy_mapping,proxy_label_not_manual_style_verification,1,train
dataset\indian_folk_31\raw_sources\Indian-Folk-Songs\audio chunks\Assamese\Assamese8chunk(3).wav,Assamese8chunk(3).wav,Kamrupi_Lokgeet,Assamese,Assamese_8,3,A-dataset-of-Indian-Folk-Songs,source_category_proxy_mapping,proxy_label_not_manual_style_verification,1,train
dataset\indian_folk_31\raw_sources\Indian-Folk-Songs\audio chunks\Assamese\Assamese8chunk(4).wav,Assamese8chunk(4).wav,Kamrupi_Lokgeet,Assamese,Assamese_8,4,A-dataset-of-Indian-Folk-Songs,source_category_proxy_mapping,proxy_label_not_manual_style_verification,1,train
dataset\indian_folk_31\raw_sources\Indian-Folk-Songs\audio chunks\Assamese\Assamese8chunk(5).wav,Assamese8chunk(5).wav,Kamrupi_Lokgeet,Assamese,Assamese_8,5,A-dataset-of-Indian-Folk-Songs,source_category_proxy_mapping,proxy_label_not_manual_style_verification,1,train
dataset\indian_folk_31\raw_sources\Indian-Folk-Songs\audio chunks\Assamese\Assamese80chunk(0).wav,Assamese80chunk(0).wav,Kamrupi_Lokgeet,Assamese,Assamese_80,0,A-dataset-of-Indian-Folk-Songs,source_category_proxy_mapping,proxy_label_not_manual_style_verification,1,train
dataset\indian_folk_31\raw_sources\Indian-Folk-Songs\audio chunks\Assamese\Assamese80chunk(1).wav,Assamese80chunk(1).wav,Kamrupi_Lokgeet,Assamese,Assamese_80,1,A-dataset-of-Indian-Folk-Songs,source_category_proxy_mapping,proxy_label_not_manual_style_verification,1,train
dataset\indian_folk_31\raw_sources\Indian-Folk-Songs\audio chunks\Assamese\Assamese80chunk(2).wav,Assamese80chunk(2).wav,Kamrupi_Lokgeet,Assamese,Assamese_80,2,A-dataset-of-Indian-Folk-Songs,source_category_proxy_mapping,proxy_label_not_manual_style_verification,1,train
dataset\indian_folk_31\raw_sources\Indian-Folk-Songs\audio chunks\Assamese\Assamese80chunk(3).wav,Assamese80chunk(3).wav,Kamrupi_Lokgeet,Assamese,Assamese_80,3,A-dataset-of-Indian-Folk-Songs,source_category_proxy_mapping,proxy_label_not_manual_style_verification,1,train
dataset\indian_folk_31\raw_sources\Indian-Folk-Songs\audio chunks\Assamese\Assamese80chunk(4).wav,Assamese80chunk(4).wav,Kamrupi_Lokgeet,Assamese,Assamese_80,4,A-dataset-of-Indian-Folk-Songs,source_category_proxy_mapping,proxy_label_not_manual_style_verification,1,train
dataset\indian_folk_31\raw_sources\Indian-Folk-Songs\audio chunks\Assamese\Assamese80chunk(5).wav,Assamese80chunk(5).wav,Kamrupi_Lokgeet,Assamese,Assamese_80,5,A-dataset-of-Indian-Folk-Songs,source_category_proxy_mapping,proxy_label_not_manual_style_verification,1,train
dataset\indian_folk_31\raw_sources\Indian-Folk-Songs\audio chunks\Assamese\Assamese82chunk(0).wav,Assamese82chunk(0).wav,Kamrupi_Lokgeet,Assamese,Assamese_82,0,A-dataset-of-Indian-Folk-Songs,source_category_proxy_mapping,proxy_label_not_manual_style_verification,1,train
dataset\indian_folk_31\raw_sources\Indian-Folk-Songs\audio chunks\Assamese\Assamese82chunk(1).wav,Assamese82chunk(1).wav,Kamrupi_Lokgeet,Assamese,Assamese_82,1,A-dataset-of-Indian-Folk-Songs,source_category_proxy_mapping,proxy_label_not_manual_style_verification,1,train
dataset\indian_folk_31\raw_sources\Indian-Folk-Songs\audio chunks\Assamese\Assamese82chunk(2).wav,Assamese82chunk(2).wav,Kamrupi_Lokgeet,Assamese,Assamese_82,2,A-dataset-of-Indian-Folk-Songs,source_category_proxy_mapping,proxy_label_not_manual_style_verification,1,train
dataset\indian_folk_31\raw_sources\Indian-Folk-Songs\audio chunks\Assamese\Assamese82chunk(3).wav,Assamese82chunk(3).wav,Kamrupi_Lokgeet,Assamese,Assamese_82,3,A-dataset-of-Indian-Folk-Songs,source_category_proxy_mapping,proxy_label_not_manual_style_verification,1,train
dataset\indian_folk_31\raw_sources\Indian-Folk-Songs\audio chunks\Assamese\Assamese82chunk(4).wav,Assamese82chunk(4).wav,Kamrupi_Lokgeet,Assamese,Assamese_82,4,A-dataset-of-Indian-Folk-Songs,source_category_proxy_mapping,proxy_label_not_manual_style_verification,1,train
dataset\indian_folk_31\raw_sources\Indian-Folk-Songs\audio chunks\Assamese\Assamese82chunk(5).wav,Assamese82chunk(5).wav,Kamrupi_Lokgeet,Assamese,Assamese_82,5,A-dataset-of-Indian-Folk-Songs,source_category_proxy_mapping,proxy_label_not_manual_style_verification,1,train
dataset\indian_folk_31\raw_sources\Indian-Folk-Songs\audio chunks\Assamese\Assamese84chunk(0).wav,Assamese84chunk(0).wav,Kamrupi_Lokgeet,Assamese,Assamese_84,0,A-dataset-of-Indian-Folk-Songs,source_category_proxy_mapping,proxy_label_not_manual_style_verification,1,train
dataset\indian_folk_31\raw_sources\Indian-Folk-Songs\audio chunks\Assamese\Assamese84chunk(1).wav,Assamese84chunk(1).wav,Kamrupi_Lokgeet,Assamese,Assamese_84,1,A-dataset-of-Indian-Folk-Songs,source_category_proxy_mapping,proxy_label_not_manual_style_verification,1,train
dataset\indian_folk_31\raw_sources\Indian-Folk-Songs\audio chunks\Assamese\Assamese84chunk(2).wav,Assamese84chunk(2).wav,Kamrupi_Lokgeet,Assamese,Assamese_84,2,A-dataset-of-Indian-Folk-Songs,source_category_proxy_mapping,proxy_label_not_manual_style_verification,1,train
dataset\indian_folk_31\raw_sources\Indian-Folk-Songs\audio chunks\Assamese\Assamese84chunk(3).wav,Assamese84chunk(3).wav,Kamrupi_Lokgeet,Assamese,Assamese_84,3,A-dataset-of-Indian-Folk-Songs,source_category_proxy_mapping,proxy_label_not_manual_style_verification,1,train
dataset\indian_folk_31\raw_sources\Indian-Folk-Songs\audio chunks\Assamese\Assamese84chunk(4).wav,Assamese84chunk(4).wav,Kamrupi_Lokgeet,Assamese,Assamese_84,4,A-dataset-of-Indian-Folk-Songs,source_category_proxy_mapping,proxy_label_not_manual_style_verification,1,train
dataset\indian_folk_31\raw_sources\Indian-Folk-Songs\audio chunks\Assamese\Assamese84chunk(5).wav,Assamese84chunk(5).wav,Kamrupi_Lokgeet,Assamese,Assamese_84,5,A-dataset-of-Indian-Folk-Songs,source_category_proxy_mapping,proxy_label_not_manual_style_verification,1,train
dataset\indian_folk_31\raw_sources\Indian-Folk-Songs\audio chunks\Assamese\Assamese85chunk(0).wav,Assamese85chunk(0).wav,Kamrupi_Lokgeet,Assamese,Assamese_85,0,A-dataset-of-Indian-Folk-Songs,source_category_proxy_mapping,proxy_label_not_manual_style_verification,1,train
dataset\indian_folk_31\raw_sources\Indian-Folk-Songs\audio chunks\Assamese\Assamese85chunk(1).wav,Assamese85chunk(1).wav,Kamrupi_Lokgeet,Assamese,Assamese_85,1,A-dataset-of-Indian-Folk-Songs,source_category_proxy_mapping,proxy_label_not_manual_style_verification,1,train
dataset\indian_folk_31\raw_sources\Indian-Folk-Songs\audio chunks\Assamese\Assamese85chunk(2).wav,Assamese85chunk(2).wav,Kamrupi_Lokgeet,Assamese,Assamese_85,2,A-dataset-of-Indian-Folk-Songs,source_category_proxy_mapping,proxy_label_not_manual_style_verification,1,train
dataset\indian_folk_31\raw_sources\Indian-Folk-Songs\audio chunks\Assamese\Assamese85chunk(3).wav,Assamese85chunk(3).wav,Kamrupi_Lokgeet,Assamese,Assamese_85,3,A-dataset-of-Indian-Folk-Songs,source_category_proxy_mapping,proxy_label_not_manual_style_verification,1,train
dataset\indian_folk_31\raw_sources\Indian-Folk-Songs\audio chunks\Assamese\Assamese85chunk(4).wav,Assamese85chunk(4).wav,Kamrupi_Lokgeet,Assamese,Assamese_85,4,A-dataset-of-Indian-Folk-Songs,source_category_proxy_mapping,proxy_label_not_manual_style_verification,1,train
dataset\indian_folk_31\raw_sources\Indian-Folk-Songs\audio chunks\Assamese\Assamese85chunk(5).wav,Assamese85chunk(5).wav,Kamrupi_Lokgeet,Assamese,Assamese_85,5,A-dataset-of-Indian-Folk-Songs,source_category_proxy_mapping,proxy_label_not_manual_style_verification,1,train
dataset\indian_folk_31\raw_sources\Indian-Folk-Songs\audio chunks\Assamese\Assamese87chunk(0).wav,Assamese87chunk(0).wav,Kamrupi_Lokgeet,Assamese,Assamese_87,0,A-dataset-of-Indian-Folk-Songs,source_category_proxy_mapping,proxy_label_not_manual_style_verification,1,train
dataset\indian_folk_31\raw_sources\Indian-Folk-Songs\audio chunks\Assamese\Assamese87chunk(1).wav,Assamese87chunk(1).wav,Kamrupi_Lokgeet,Assamese,Assamese_87,1,A-dataset-of-Indian-Folk-Songs,source_category_proxy_mapping,proxy_label_not_manual_style_verification,1,train
dataset\indian_folk_31\raw_sources\Indian-Folk-Songs\audio chunks\Assamese\Assamese87chunk(2).wav,Assamese87chunk(2).wav,Kamrupi_Lokgeet,Assamese,Assamese_87,2,A-dataset-of-Indian-Folk-Songs,source_category_proxy_mapping,proxy_label_not_manual_style_verification,1,train
dataset\indian_folk_31\raw_sources\Indian-Folk-Songs\audio chunks\Assamese\Assamese87chunk(3).wav,Assamese87chunk(3).wav,Kamrupi_Lokgeet,Assamese,Assamese_87,3,A-dataset-of-Indian-Folk-Songs,source_category_proxy_mapping,proxy_label_not_manual_style_verification,1,train
dataset\indian_folk_31\raw_sources\Indian-Folk-Songs\audio chunks\Assamese\Assamese87chunk(4).wav,Assamese87chunk(4).wav,Kamrupi_Lokgeet,Assamese,Assamese_87,4,A-dataset-of-Indian-Folk-Songs,source_category_proxy_mapping,proxy_label_not_manual_style_verification,1,train
dataset\indian_folk_31\raw_sources\Indian-Folk-Songs\audio chunks\Assamese\Assamese87chunk(5).wav,Assamese87chunk(5).wav,Kamrupi_Lokgeet,Assamese,Assamese_87,5,A-dataset-of-Indian-Folk-Songs,source_category_proxy_mapping,proxy_label_not_manual_style_verification,1,train
dataset\indian_folk_31\raw_sources\Indian-Folk-Songs\audio chunks\Assamese\Assamese88chunk(0).wav,Assamese88chunk(0).wav,Kamrupi_Lokgeet,Assamese,Assamese_88,0,A-dataset-of-Indian-Folk-Songs,source_category_proxy_mapping,proxy_label_not_manual_style_verification,1,train
dataset\indian_folk_31\raw_sources\Indian-Folk-Songs\audio chunks\Assamese\Assamese88chunk(1).wav,Assamese88chunk(1).wav,Kamrupi_Lokgeet,Assamese,Assamese_88,1,A-dataset-of-Indian-Folk-Songs,source_category_proxy_mapping,proxy_label_not_manual_style_verification,1,train
dataset\indian_folk_31\raw_sources\Indian-Folk-Songs\audio chunks\Assamese\Assamese88chunk(2).wav,Assamese88chunk(2).wav,Kamrupi_Lokgeet,Assamese,Assamese_88,2,A-dataset-of-Indian-Folk-Songs,source_category_proxy_mapping,proxy_label_not_manual_style_verification,1,train
dataset\indian_folk_31\raw_sources\Indian-Folk-Songs\audio chunks\Assamese\Assamese88chunk(3).wav,Assamese88chunk(3).wav,Kamrupi_Lokgeet,Assamese,Assamese_88,3,A-dataset-of-Indian-Folk-Songs,source_category_proxy_mapping,proxy_label_not_manual_style_verification,1,train
dataset\indian_folk_31\raw_sources\Indian-Folk-Songs\audio chunks\Assamese\Assamese88chunk(4).wav,Assamese88chunk(4).wav,Kamrupi_Lokgeet,Assamese,Assamese_88,4,A-dataset-of-Indian-Folk-Songs,source_category_proxy_mapping,proxy_label_not_manual_style_verification,1,train
dataset\indian_folk_31\raw_sources\Indian-Folk-Songs\audio chunks\Assamese\Assamese88chunk(5).wav,Assamese88chunk(5).wav,Kamrupi_Lokgeet,Assamese,Assamese_88,5,A-dataset-of-Indian-Folk-Songs,source_category_proxy_mapping,proxy_label_not_manual_style_verification,1,train
dataset\indian_folk_31\raw_sources\Indian-Folk-Songs\audio chunks\Assamese\Assamese9chunk(0).wav,Assamese9chunk(0).wav,Kamrupi_Lokgeet,Assamese,Assamese_9,0,A-dataset-of-Indian-Folk-Songs,source_category_proxy_mapping,proxy_label_not_manual_style_verification,1,train
dataset\indian_folk_31\raw_sources\Indian-Folk-Songs\audio chunks\Assamese\Assamese9chunk(1).wav,Assamese9chunk(1).wav,Kamrupi_Lokgeet,Assamese,Assamese_9,1,A-dataset-of-Indian-Folk-Songs,source_category_proxy_mapping,proxy_label_not_manual_style_verification,1,train
dataset\indian_folk_31\raw_sources\Indian-Folk-Songs\audio chunks\Assamese\Assamese9chunk(2).wav,Assamese9chunk(2).wav,Kamrupi_Lokgeet,Assamese,Assamese_9,2,A-dataset-of-Indian-Folk-Songs,source_category_proxy_mapping,proxy_label_not_manual_style_verification,1,train
dataset\indian_folk_31\raw_sources\Indian-Folk-Songs\audio chunks\Assamese\Assamese9chunk(3).wav,Assamese9chunk(3).wav,Kamrupi_Lokgeet,Assamese,Assamese_9,3,A-dataset-of-Indian-Folk-Songs,source_category_proxy_mapping,proxy_label_not_manual_style_verification,1,train
dataset\indian_folk_31\raw_sources\Indian-Folk-Songs\audio chunks\Assamese\Assamese9chunk(4).wav,Assamese9chunk(4).wav,Kamrupi_Lokgeet,Assamese,Assamese_9,4,A-dataset-of-Indian-Folk-Songs,source_category_proxy_mapping,proxy_label_not_manual_style_verification,1,train
dataset\indian_folk_31\raw_sources\Indian-Folk-Songs\audio chunks\Assamese\Assamese9chunk(5).wav,Assamese9chunk(5).wav,Kamrupi_Lokgeet,Assamese,Assamese_9,5,A-dataset-of-Indian-Folk-Songs,source_category_proxy_mapping,proxy_label_not_manual_style_verification,1,train
dataset\indian_folk_31\raw_sources\Indian-Folk-Songs\audio chunks\Assamese\Assamese90chunk(0).wav,Assamese90chunk(0).wav,Kamrupi_Lokgeet,Assamese,Assamese_90,0,A-dataset-of-Indian-Folk-Songs,source_category_proxy_mapping,proxy_label_not_manual_style_verification,1,train
dataset\indian_folk_31\raw_sources\Indian-Folk-Songs\audio chunks\Assamese\Assamese90chunk(1).wav,Assamese90chunk(1).wav,Kamrupi_Lokgeet,Assamese,Assamese_90,1,A-dataset-of-Indian-Folk-Songs,source_category_proxy_mapping,proxy_label_not_manual_style_verification,1,train
dataset\indian_folk_31\raw_sources\Indian-Folk-Songs\audio chunks\Assamese\Assamese90chunk(2).wav,Assamese90chunk(2).wav,Kamrupi_Lokgeet,Assamese,Assamese_90,2,A-dataset-of-Indian-Folk-Songs,source_category_proxy_mapping,proxy_label_not_manual_style_verification,1,train
dataset\indian_folk_31\raw_sources\Indian-Folk-Songs\audio chunks\Assamese\Assamese90chunk(3).wav,Assamese90chunk(3).wav,Kamrupi_Lokgeet,Assamese,Assamese_90,3,A-dataset-of-Indian-Folk-Songs,source_category_proxy_mapping,proxy_label_not_manual_style_verification,1,train
dataset\indian_folk_31\raw_sources\Indian-Folk-Songs\audio chunks\Assamese\Assamese90chunk(4).wav,Assamese90chunk(4).wav,Kamrupi_Lokgeet,Assamese,Assamese_90,4,A-dataset-of-Indian-Folk-Songs,source_category_proxy_mapping,proxy_label_not_manual_style_verification,1,train
dataset\indian_folk_31\raw_sources\Indian-Folk-Songs\audio chunks\Assamese\Assamese90chunk(5).wav,Assamese90chunk(5).wav,Kamrupi_Lokgeet,Assamese,Assamese_90,5,A-dataset-of-Indian-Folk-Songs,source_category_proxy_mapping,proxy_label_not_manual_style_verification,1,train
dataset\indian_folk_31\raw_sources\Indian-Folk-Songs\audio chunks\Assamese\Assamese93chunk(0).wav,Assamese93chunk(0).wav,Kamrupi_Lokgeet,Assamese,Assamese_93,0,A-dataset-of-Indian-Folk-Songs,source_category_proxy_mapping,proxy_label_not_manual_style_verification,1,train
dataset\indian_folk_31\raw_sources\Indian-Folk-Songs\audio chunks\Assamese\Assamese93chunk(1).wav,Assamese93chunk(1).wav,Kamrupi_Lokgeet,Assamese,Assamese_93,1,A-dataset-of-Indian-Folk-Songs,source_category_proxy_mapping,proxy_label_not_manual_style_verification,1,train
dataset\indian_folk_31\raw_sources\Indian-Folk-Songs\audio chunks\Assamese\Assamese93chunk(2).wav,Assamese93chunk(2).wav,Kamrupi_Lokgeet,Assamese,Assamese_93,2,A-dataset-of-Indian-Folk-Songs,source_category_proxy_mapping,proxy_label_not_manual_style_verification,1,train
dataset\indian_folk_31\raw_sources\Indian-Folk-Songs\audio chunks\Assamese\Assamese93chunk(3).wav,Assamese93chunk(3).wav,Kamrupi_Lokgeet,Assamese,Assamese_93,3,A-dataset-of-Indian-Folk-Songs,source_category_proxy_mapping,proxy_label_not_manual_style_verification,1,train
dataset\indian_folk_31\raw_sources\Indian-Folk-Songs\audio chunks\Assamese\Assamese93chunk(4).wav,Assamese93chunk(4).wav,Kamrupi_Lokgeet,Assamese,Assamese_93,4,A-dataset-of-Indian-Folk-Songs,source_category_proxy_mapping,proxy_label_not_manual_style_verification,1,train
dataset\indian_folk_31\raw_sources\Indian-Folk-Songs\audio chunks\Assamese\Assamese93chunk(5).wav,Assamese93chunk(5).wav,Kamrupi_Lokgeet,Assamese,Assamese_93,5,A-dataset-of-Indian-Folk-Songs,source_category_proxy_mapping,proxy_label_not_manual_style_verification,1,train
dataset\indian_folk_31\raw_sources\Indian-Folk-Songs\audio chunks\Assamese\Assamese94chunk(0).wav,Assamese94chunk(0).wav,Kamrupi_Lokgeet,Assamese,Assamese_94,0,A-dataset-of-Indian-Folk-Songs,source_category_proxy_mapping,proxy_label_not_manual_style_verification,1,train
dataset\indian_folk_31\raw_sources\Indian-Folk-Songs\audio chunks\Assamese\Assamese94chunk(1).wav,Assamese94chunk(1).wav,Kamrupi_Lokgeet,Assamese,Assamese_94,1,A-dataset-of-Indian-Folk-Songs,source_category_proxy_mapping,proxy_label_not_manual_style_verification,1,train
dataset\indian_folk_31\raw_sources\Indian-Folk-Songs\audio chunks\Assamese\Assamese94chunk(2).wav,Assamese94chunk(2).wav,Kamrupi_Lokgeet,Assamese,Assamese_94,2,A-dataset-of-Indian-Folk-Songs,source_category_proxy_mapping,proxy_label_not_manual_style_verification,1,train
dataset\indian_folk_31\raw_sources\Indian-Folk-Songs\audio chunks\Assamese\Assamese94chunk(3).wav,Assamese94chunk(3).wav,Kamrupi_Lokgeet,Assamese,Assamese_94,3,A-dataset-of-Indian-Folk-Songs,source_category_proxy_mapping,proxy_label_not_manual_style_verification,1,train
dataset\indian_folk_31\raw_sources\Indian-Folk-Songs\audio chunks\Assamese\Assamese94chunk(4).wav,Assamese94chunk(4).wav,Kamrupi_Lokgeet,Assamese,Assamese_94,4,A-dataset-of-Indian-Folk-Songs,source_category_proxy_mapping,proxy_label_not_manual_style_verification,1,train
dataset\indian_folk_31\raw_sources\Indian-Folk-Songs\audio chunks\Assamese\Assamese94chunk(5).wav,Assamese94chunk(5).wav,Kamrupi_Lokgeet,Assamese,Assamese_94,5,A-dataset-of-Indian-Folk-Songs,source_category_proxy_mapping,proxy_label_not_manual_style_verification,1,train
dataset\indian_folk_31\raw_sources\Indian-Folk-Songs\audio chunks\Assamese\Assamese96chunk(0).wav,Assamese96chunk(0).wav,Kamrupi_Lokgeet,Assamese,Assamese_96,0,A-dataset-of-Indian-Folk-Songs,source_category_proxy_mapping,proxy_label_not_manual_style_verification,1,train
dataset\indian_folk_31\raw_sources\Indian-Folk-Songs\audio chunks\Assamese\Assamese96chunk(1).wav,Assamese96chunk(1).wav,Kamrupi_Lokgeet,Assamese,Assamese_96,1,A-dataset-of-Indian-Folk-Songs,source_category_proxy_mapping,proxy_label_not_manual_style_verification,1,train
dataset\indian_folk_31\raw_sources\Indian-Folk-Songs\audio chunks\Assamese\Assamese96chunk(2).wav,Assamese96chunk(2).wav,Kamrupi_Lokgeet,Assamese,Assamese_96,2,A-dataset-of-Indian-Folk-Songs,source_category_proxy_mapping,proxy_label_not_manual_style_verification,1,train
dataset\indian_folk_31\raw_sources\Indian-Folk-Songs\audio chunks\Assamese\Assamese96chunk(3).wav,Assamese96chunk(3).wav,Kamrupi_Lokgeet,Assamese,Assamese_96,3,A-dataset-of-Indian-Folk-Songs,source_category_proxy_mapping,proxy_label_not_manual_style_verification,1,train
dataset\indian_folk_31\raw_sources\Indian-Folk-Songs\audio chunks\Assamese\Assamese96chunk(4).wav,Assamese96chunk(4).wav,Kamrupi_Lokgeet,Assamese,Assamese_96,4,A-dataset-of-Indian-Folk-Songs,source_category_proxy_mapping,proxy_label_not_manual_style_verification,1,train
dataset\indian_folk_31\raw_sources\Indian-Folk-Songs\audio chunks\Assamese\Assamese96chunk(5).wav,Assamese96chunk(5).wav,Kamrupi_Lokgeet,Assamese,Assamese_96,5,A-dataset-of-Indian-Folk-Songs,source_category_proxy_mapping,proxy_label_not_manual_style_verification,1,train
dataset\indian_folk_31\raw_sources\Indian-Folk-Songs\audio chunks\Assamese\Assamese98chunk(0).wav,Assamese98chunk(0).wav,Kamrupi_Lokgeet,Assamese,Assamese_98,0,A-dataset-of-Indian-Folk-Songs,source_category_proxy_mapping,proxy_label_not_manual_style_verification,1,train
dataset\indian_folk_31\raw_sources\Indian-Folk-Songs\audio chunks\Assamese\Assamese98chunk(1).wav,Assamese98chunk(1).wav,Kamrupi_Lokgeet,Assamese,Assamese_98,1,A-dataset-of-Indian-Folk-Songs,source_category_proxy_mapping,proxy_label_not_manual_style_verification,1,train
dataset\indian_folk_31\raw_sources\Indian-Folk-Songs\audio chunks\Assamese\Assamese98chunk(2).wav,Assamese98chunk(2).wav,Kamrupi_Lokgeet,Assamese,Assamese_98,2,A-dataset-of-Indian-Folk-Songs,source_category_proxy_mapping,proxy_label_not_manual_style_verification,1,train
dataset\indian_folk_31\raw_sources\Indian-Folk-Songs\audio chunks\Assamese\Assamese98chunk(3).wav,Assamese98chunk(3).wav,Kamrupi_Lokgeet,Assamese,Assamese_98,3,A-dataset-of-Indian-Folk-Songs,source_category_proxy_mapping,proxy_label_not_manual_style_verification,1,train
dataset\indian_folk_31\raw_sources\Indian-Folk-Songs\audio chunks\Assamese\Assamese98chunk(4).wav,Assamese98chunk(4).wav,Kamrupi_Lokgeet,Assamese,Assamese_98,4,A-dataset-of-Indian-Folk-Songs,source_category_proxy_mapping,proxy_label_not_manual_style_verification,1,train
dataset\indian_folk_31\raw_sources\Indian-Folk-Songs\audio chunks\Assamese\Assamese98chunk(5).wav,Assamese98chunk(5).wav,Kamrupi_Lokgeet,Assamese,Assamese_98,5,A-dataset-of-Indian-Folk-Songs,source_category_proxy_mapping,proxy_label_not_manual_style_verification,1,train
dataset\indian_folk_31\raw_sources\Indian-Folk-Songs\audio chunks\Kannada\Kannada10chunk(0).wav,Kannada10chunk(0).wav,Yakshagana,Kannada,Kannada_10,0,A-dataset-of-Indian-Folk-Songs,source_category_proxy_mapping,proxy_label_not_manual_style_verification,2,train
dataset\indian_folk_31\raw_sources\Indian-Folk-Songs\audio chunks\Kannada\Kannada10chunk(1).wav,Kannada10chunk(1).wav,Yakshagana,Kannada,Kannada_10,1,A-dataset-of-Indian-Folk-Songs,source_category_proxy_mapping,proxy_label_not_manual_style_verification,2,train
dataset\indian_folk_31\raw_sources\Indian-Folk-Songs\audio chunks\Kannada\Kannada10chunk(2).wav,Kannada10chunk(2).wav,Yakshagana,Kannada,Kannada_10,2,A-dataset-of-Indian-Folk-Songs,source_category_proxy_mapping,proxy_label_not_manual_style_verification,2,train
dataset\indian_folk_31\raw_sources\Indian-Folk-Songs\audio chunks\Kannada\Kannada10chunk(3).wav,Kannada10chunk(3).wav,Yakshagana,Kannada,Kannada_10,3,A-dataset-of-Indian-Folk-Songs,source_category_proxy_mapping,proxy_label_not_manual_style_verification,2,train
dataset\indian_folk_31\raw_sources\Indian-Folk-Songs\audio chunks\Kannada\Kannada10chunk(4).wav,Kannada10chunk(4).wav,Yakshagana,Kannada,Kannada_10,4,A-dataset-of-Indian-Folk-Songs,source_category_proxy_mapping,proxy_label_not_manual_style_verification,2,train
dataset\indian_folk_31\raw_sources\Indian-Folk-Songs\audio chunks\Kannada\Kannada10chunk(5).wav,Kannada10chunk(5).wav,Yakshagana,Kannada,Kannada_10,5,A-dataset-of-Indian-Folk-Songs,source_category_proxy_mapping,proxy_label_not_manual_style_verification,2,train
dataset\indian_folk_31\raw_sources\Indian-Folk-Songs\audio chunks\Kannada\Kannada12chunk(0).wav,Kannada12chunk(0).wav,Yakshagana,Kannada,Kannada_12,0,A-dataset-of-Indian-Folk-Songs,source_category_proxy_mapping,proxy_label_not_manual_style_verification,2,train
dataset\indian_folk_31\raw_sources\Indian-Folk-Songs\audio chunks\Kannada\Kannada12chunk(1).wav,Kannada12chunk(1).wav,Yakshagana,Kannada,Kannada_12,1,A-dataset-of-Indian-Folk-Songs,source_category_proxy_mapping,proxy_label_not_manual_style_verification,2,train
dataset\indian_folk_31\raw_sources\Indian-Folk-Songs\audio chunks\Kannada\Kannada12chunk(2).wav,Kannada12chunk(2).wav,Yakshagana,Kannada,Kannada_12,2,A-dataset-of-Indian-Folk-Songs,source_category_proxy_mapping,proxy_label_not_manual_style_verification,2,train
dataset\indian_folk_31\raw_sources\Indian-Folk-Songs\audio chunks\Kannada\Kannada12chunk(3).wav,Kannada12chunk(3).wav,Yakshagana,Kannada,Kannada_12,3,A-dataset-of-Indian-Folk-Songs,source_category_proxy_mapping,proxy_label_not_manual_style_verification,2,train
dataset\indian_folk_31\raw_sources\Indian-Folk-Songs\audio chunks\Kannada\Kannada12chunk(4).wav,Kannada12chunk(4).wav,Yakshagana,Kannada,Kannada_12,4,A-dataset-of-Indian-Folk-Songs,source_category_proxy_mapping,proxy_label_not_manual_style_verification,2,train
dataset\indian_folk_31\raw_sources\Indian-Folk-Songs\audio chunks\Kannada\Kannada12chunk(5).wav,Kannada12chunk(5).wav,Yakshagana,Kannada,Kannada_12,5,A-dataset-of-Indian-Folk-Songs,source_category_proxy_mapping,proxy_label_not_manual_style_verification,2,train
dataset\indian_folk_31\raw_sources\Indian-Folk-Songs\audio chunks\Kannada\Kannada14chunk(0).wav,Kannada14chunk(0).wav,Yakshagana,Kannada,Kannada_14,0,A-dataset-of-Indian-Folk-Songs,source_category_proxy_mapping,proxy_label_not_manual_style_verification,2,train
dataset\indian_folk_31\raw_sources\Indian-Folk-Songs\audio chunks\Kannada\Kannada14chunk(1).wav,Kannada14chunk(1).wav,Yakshagana,Kannada,Kannada_14,1,A-dataset-of-Indian-Folk-Songs,source_category_proxy_mapping,proxy_label_not_manual_style_verification,2,train
dataset\indian_folk_31\raw_sources\Indian-Folk-Songs\audio chunks\Kannada\Kannada14chunk(2).wav,Kannada14chunk(2).wav,Yakshagana,Kannada,Kannada_14,2,A-dataset-of-Indian-Folk-Songs,source_category_proxy_mapping,proxy_label_not_manual_style_verification,2,train
dataset\indian_folk_31\raw_sources\Indian-Folk-Songs\audio chunks\Kannada\Kannada14chunk(3).wav,Kannada14chunk(3).wav,Yakshagana,Kannada,Kannada_14,3,A-dataset-of-Indian-Folk-Songs,source_category_proxy_mapping,proxy_label_not_manual_style_verification,2,train
dataset\indian_folk_31\raw_sources\Indian-Folk-Songs\audio chunks\Kannada\Kannada14chunk(4).wav,Kannada14chunk(4).wav,Yakshagana,Kannada,Kannada_14,4,A-dataset-of-Indian-Folk-Songs,source_category_proxy_mapping,proxy_label_not_manual_style_verification,2,train
dataset\indian_folk_31\raw_sources\Indian-Folk-Songs\audio chunks\Kannada\Kannada14chunk(5).wav,Kannada14chunk(5).wav,Yakshagana,Kannada,Kannada_14,5,A-dataset-of-Indian-Folk-Songs,source_category_proxy_mapping,proxy_label_not_manual_style_verification,2,train
dataset\indian_folk_31\raw_sources\Indian-Folk-Songs\audio chunks\Kannada\Kannada15chunk(0).wav,Kannada15chunk(0).wav,Yakshagana,Kannada,Kannada_15,0,A-dataset-of-Indian-Folk-Songs,source_category_proxy_mapping,proxy_label_not_manual_style_verification,2,train
dataset\indian_folk_31\raw_sources\Indian-Folk-Songs\audio chunks\Kannada\Kannada15chunk(1).wav,Kannada15chunk(1).wav,Yakshagana,Kannada,Kannada_15,1,A-dataset-of-Indian-Folk-Songs,source_category_proxy_mapping,proxy_label_not_manual_style_verification,2,train
dataset\indian_folk_31\raw_sources\Indian-Folk-Songs\audio chunks\Kannada\Kannada15chunk(2).wav,Kannada15chunk(2).wav,Yakshagana,Kannada,Kannada_15,2,A-dataset-of-Indian-Folk-Songs,source_category_proxy_mapping,proxy_label_not_manual_style_verification,2,train
dataset\indian_folk_31\raw_sources\Indian-Folk-Songs\audio chunks\Kannada\Kannada15chunk(3).wav,Kannada15chunk(3).wav,Yakshagana,Kannada,Kannada_15,3,A-dataset-of-Indian-Folk-Songs,source_category_proxy_mapping,proxy_label_not_manual_style_verification,2,train
dataset\indian_folk_31\raw_sources\Indian-Folk-Songs\audio chunks\Kannada\Kannada15chunk(4).wav,Kannada15chunk(4).wav,Yakshagana,Kannada,Kannada_15,4,A-dataset-of-Indian-Folk-Songs,source_category_proxy_mapping,proxy_label_not_manual_style_verification,2,train
dataset\indian_folk_31\raw_sources\Indian-Folk-Songs\audio chunks\Kannada\Kannada15chunk(5).wav,Kannada15chunk(5).wav,Yakshagana,Kannada,Kannada_15,5,A-dataset-of-Indian-Folk-Songs,source_category_proxy_mapping,proxy_label_not_manual_style_verification,2,train
dataset\indian_folk_31\raw_sources\Indian-Folk-Songs\audio chunks\Kannada\Kannada16chunk(0).wav,Kannada16chunk(0).wav,Yakshagana,Kannada,Kannada_16,0,A-dataset-of-Indian-Folk-Songs,source_category_proxy_mapping,proxy_label_not_manual_style_verification,2,train
dataset\indian_folk_31\raw_sources\Indian-Folk-Songs\audio chunks\Kannada\Kannada16chunk(1).wav,Kannada16chunk(1).wav,Yakshagana,Kannada,Kannada_16,1,A-dataset-of-Indian-Folk-Songs,source_category_proxy_mapping,proxy_label_not_manual_style_verification,2,train
dataset\indian_folk_31\raw_sources\Indian-Folk-Songs\audio chunks\Kannada\Kannada16chunk(2).wav,Kannada16chunk(2).wav,Yakshagana,Kannada,Kannada_16,2,A-dataset-of-Indian-Folk-Songs,source_category_proxy_mapping,proxy_label_not_manual_style_verification,2,train
dataset\indian_folk_31\raw_sources\Indian-Folk-Songs\audio chunks\Kannada\Kannada16chunk(3).wav,Kannada16chunk(3).wav,Yakshagana,Kannada,Kannada_16,3,A-dataset-of-Indian-Folk-Songs,source_category_proxy_mapping,proxy_label_not_manual_style_verification,2,train
dataset\indian_folk_31\raw_sources\Indian-Folk-Songs\audio chunks\Kannada\Kannada16chunk(4).wav,Kannada16chunk(4).wav,Yakshagana,Kannada,Kannada_16,4,A-dataset-of-Indian-Folk-Songs,source_category_proxy_mapping,proxy_label_not_manual_style_verification,2,train
dataset\indian_folk_31\raw_sources\Indian-Folk-Songs\audio chunks\Kannada\Kannada16chunk(5).wav,Kannada16chunk(5).wav,Yakshagana,Kannada,Kannada_16,5,A-dataset-of-Indian-Folk-Songs,source_category_proxy_mapping,proxy_label_not_manual_style_verification,2,train
dataset\indian_folk_31\raw_sources\Indian-Folk-Songs\audio chunks\Kannada\Kannada18chunk(0).wav,Kannada18chunk(0).wav,Yakshagana,Kannada,Kannada_18,0,A-dataset-of-Indian-Folk-Songs,source_category_proxy_mapping,proxy_label_not_manual_style_verification,2,train
dataset\indian_folk_31\raw_sources\Indian-Folk-Songs\audio chunks\Kannada\Kannada18chunk(1).wav,Kannada18chunk(1).wav,Yakshagana,Kannada,Kannada_18,1,A-dataset-of-Indian-Folk-Songs,source_category_proxy_mapping,proxy_label_not_manual_style_verification,2,train
dataset\indian_folk_31\raw_sources\Indian-Folk-Songs\audio chunks\Kannada\Kannada18chunk(2).wav,Kannada18chunk(2).wav,Yakshagana,Kannada,Kannada_18,2,A-dataset-of-Indian-Folk-Songs,source_category_proxy_mapping,proxy_label_not_manual_style_verification,2,train
dataset\indian_folk_31\raw_sources\Indian-Folk-Songs\audio chunks\Kannada\Kannada18chunk(3).wav,Kannada18chunk(3).wav,Yakshagana,Kannada,Kannada_18,3,A-dataset-of-Indian-Folk-Songs,source_category_proxy_mapping,proxy_label_not_manual_style_verification,2,train
dataset\indian_folk_31\raw_sources\Indian-Folk-Songs\audio chunks\Kannada\Kannada18chunk(4).wav,Kannada18chunk(4).wav,Yakshagana,Kannada,Kannada_18,4,A-dataset-of-Indian-Folk-Songs,source_category_proxy_mapping,proxy_label_not_manual_style_verification,2,train
dataset\indian_folk_31\raw_sources\Indian-Folk-Songs\audio chunks\Kannada\Kannada18chunk(5).wav,Kannada18chunk(5).wav,Yakshagana,Kannada,Kannada_18,5,A-dataset-of-Indian-Folk-Songs,source_category_proxy_mapping,proxy_label_not_manual_style_verification,2,train
dataset\indian_folk_31\raw_sources\Indian-Folk-Songs\audio chunks\Kannada\Kannada19chunk(0).wav,Kannada19chunk(0).wav,Yakshagana,Kannada,Kannada_19,0,A-dataset-of-Indian-Folk-Songs,source_category_proxy_mapping,proxy_label_not_manual_style_verification,2,train
dataset\indian_folk_31\raw_sources\Indian-Folk-Songs\audio chunks\Kannada\Kannada19chunk(1).wav,Kannada19chunk(1).wav,Yakshagana,Kannada,Kannada_19,1,A-dataset-of-Indian-Folk-Songs,source_category_proxy_mapping,proxy_label_not_manual_style_verification,2,train
dataset\indian_folk_31\raw_sources\Indian-Folk-Songs\audio chunks\Kannada\Kannada19chunk(2).wav,Kannada19chunk(2).wav,Yakshagana,Kannada,Kannada_19,2,A-dataset-of-Indian-Folk-Songs,source_category_proxy_mapping,proxy_label_not_manual_style_verification,2,train
dataset\indian_folk_31\raw_sources\Indian-Folk-Songs\audio chunks\Kannada\Kannada19chunk(3).wav,Kannada19chunk(3).wav,Yakshagana,Kannada,Kannada_19,3,A-dataset-of-Indian-Folk-Songs,source_category_proxy_mapping,proxy_label_not_manual_style_verification,2,train
dataset\indian_folk_31\raw_sources\Indian-Folk-Songs\audio chunks\Kannada\Kannada19chunk(4).wav,Kannada19chunk(4).wav,Yakshagana,Kannada,Kannada_19,4,A-dataset-of-Indian-Folk-Songs,source_category_proxy_mapping,proxy_label_not_manual_style_verification,2,train
dataset\indian_folk_31\raw_sources\Indian-Folk-Songs\audio chunks\Kannada\Kannada19chunk(5).wav,Kannada19chunk(5).wav,Yakshagana,Kannada,Kannada_19,5,A-dataset-of-Indian-Folk-Songs,source_category_proxy_mapping,proxy_label_not_manual_style_verification,2,train
dataset\indian_folk_31\raw_sources\Indian-Folk-Songs\audio chunks\Kannada\Kannada2chunk(0).wav,Kannada2chunk(0).wav,Yakshagana,Kannada,Kannada_2,0,A-dataset-of-Indian-Folk-Songs,source_category_proxy_mapping,proxy_label_not_manual_style_verification,2,train
dataset\indian_folk_31\raw_sources\Indian-Folk-Songs\audio chunks\Kannada\Kannada2chunk(1).wav,Kannada2chunk(1).wav,Yakshagana,Kannada,Kannada_2,1,A-dataset-of-Indian-Folk-Songs,source_category_proxy_mapping,proxy_label_not_manual_style_verification,2,train
dataset\indian_folk_31\raw_sources\Indian-Folk-Songs\audio chunks\Kannada\Kannada2chunk(2).wav,Kannada2chunk(2).wav,Yakshagana,Kannada,Kannada_2,2,A-dataset-of-Indian-Folk-Songs,source_category_proxy_mapping,proxy_label_not_manual_style_verification,2,train
dataset\indian_folk_31\raw_sources\Indian-Folk-Songs\audio chunks\Kannada\Kannada2chunk(3).wav,Kannada2chunk(3).wav,Yakshagana,Kannada,Kannada_2,3,A-dataset-of-Indian-Folk-Songs,source_category_proxy_mapping,proxy_label_not_manual_style_verification,2,train
dataset\indian_folk_31\raw_sources\Indian-Folk-Songs\audio chunks\Kannada\Kannada2chunk(4).wav,Kannada2chunk(4).wav,Yakshagana,Kannada,Kannada_2,4,A-dataset-of-Indian-Folk-Songs,source_category_proxy_mapping,proxy_label_not_manual_style_verification,2,train
dataset\indian_folk_31\raw_sources\Indian-Folk-Songs\audio chunks\Kannada\Kannada2chunk(5).wav,Kannada2chunk(5).wav,Yakshagana,Kannada,Kannada_2,5,A-dataset-of-Indian-Folk-Songs,source_category_proxy_mapping,proxy_label_not_manual_style_verification,2,train
dataset\indian_folk_31\raw_sources\Indian-Folk-Songs\audio chunks\Kannada\Kannada23chunk(0).wav,Kannada23chunk(0).wav,Yakshagana,Kannada,Kannada_23,0,A-dataset-of-Indian-Folk-Songs,source_category_proxy_mapping,proxy_label_not_manual_style_verification,2,train
dataset\indian_folk_31\raw_sources\Indian-Folk-Songs\audio chunks\Kannada\Kannada23chunk(1).wav,Kannada23chunk(1).wav,Yakshagana,Kannada,Kannada_23,1,A-dataset-of-Indian-Folk-Songs,source_category_proxy_mapping,proxy_label_not_manual_style_verification,2,train
dataset\indian_folk_31\raw_sources\Indian-Folk-Songs\audio chunks\Kannada\Kannada23chunk(2).wav,Kannada23chunk(2).wav,Yakshagana,Kannada,Kannada_23,2,A-dataset-of-Indian-Folk-Songs,source_category_proxy_mapping,proxy_label_not_manual_style_verification,2,train
dataset\indian_folk_31\raw_sources\Indian-Folk-Songs\audio chunks\Kannada\Kannada23chunk(3).wav,Kannada23chunk(3).wav,Yakshagana,Kannada,Kannada_23,3,A-dataset-of-Indian-Folk-Songs,source_category_proxy_mapping,proxy_label_not_manual_style_verification,2,train
dataset\indian_folk_31\raw_sources\Indian-Folk-Songs\audio chunks\Kannada\Kannada23chunk(4).wav,Kannada23chunk(4).wav,Yakshagana,Kannada,Kannada_23,4,A-dataset-of-Indian-Folk-Songs,source_category_proxy_mapping,proxy_label_not_manual_style_verification,2,train
dataset\indian_folk_31\raw_sources\Indian-Folk-Songs\audio chunks\Kannada\Kannada23chunk(5).wav,Kannada23chunk(5).wav,Yakshagana,Kannada,Kannada_23,5,A-dataset-of-Indian-Folk-Songs,source_category_proxy_mapping,proxy_label_not_manual_style_verification,2,train
dataset\indian_folk_31\raw_sources\Indian-Folk-Songs\audio chunks\Kannada\Kannada24chunk(0).wav,Kannada24chunk(0).wav,Yakshagana,Kannada,Kannada_24,0,A-dataset-of-Indian-Folk-Songs,source_category_proxy_mapping,proxy_label_not_manual_style_verification,2,train
dataset\indian_folk_31\raw_sources\Indian-Folk-Songs\audio chunks\Kannada\Kannada24chunk(1).wav,Kannada24chunk(1).wav,Yakshagana,Kannada,Kannada_24,1,A-dataset-of-Indian-Folk-Songs,source_category_proxy_mapping,proxy_label_not_manual_style_verification,2,train
dataset\indian_folk_31\raw_sources\Indian-Folk-Songs\audio chunks\Kannada\Kannada24chunk(10).wav,Kannada24chunk(10).wav,Yakshagana,Kannada,Kannada_24,10,A-dataset-of-Indian-Folk-Songs,source_category_proxy_mapping,proxy_label_not_manual_style_verification,2,train
dataset\indian_folk_31\raw_sources\Indian-Folk-Songs\audio chunks\Kannada\Kannada24chunk(11).wav,Kannada24chunk(11).wav,Yakshagana,Kannada,Kannada_24,11,A-dataset-of-Indian-Folk-Songs,source_category_proxy_mapping,proxy_label_not_manual_style_verification,2,train
dataset\indian_folk_31\raw_sources\Indian-Folk-Songs\audio chunks\Kannada\Kannada24chunk(2).wav,Kannada24chunk(2).wav,Yakshagana,Kannada,Kannada_24,2,A-dataset-of-Indian-Folk-Songs,source_category_proxy_mapping,proxy_label_not_manual_style_verification,2,train
dataset\indian_folk_31\raw_sources\Indian-Folk-Songs\audio chunks\Kannada\Kannada24chunk(3).wav,Kannada24chunk(3).wav,Yakshagana,Kannada,Kannada_24,3,A-dataset-of-Indian-Folk-Songs,source_category_proxy_mapping,proxy_label_not_manual_style_verification,2,train
dataset\indian_folk_31\raw_sources\Indian-Folk-Songs\audio chunks\Kannada\Kannada24chunk(4).wav,Kannada24chunk(4).wav,Yakshagana,Kannada,Kannada_24,4,A-dataset-of-Indian-Folk-Songs,source_category_proxy_mapping,proxy_label_not_manual_style_verification,2,train
dataset\indian_folk_31\raw_sources\Indian-Folk-Songs\audio chunks\Kannada\Kannada24chunk(5).wav,Kannada24chunk(5).wav,Yakshagana,Kannada,Kannada_24,5,A-dataset-of-Indian-Folk-Songs,source_category_proxy_mapping,proxy_label_not_manual_style_verification,2,train
dataset\indian_folk_31\raw_sources\Indian-Folk-Songs\audio chunks\Kannada\Kannada24chunk(6).wav,Kannada24chunk(6).wav,Yakshagana,Kannada,Kannada_24,6,A-dataset-of-Indian-Folk-Songs,source_category_proxy_mapping,proxy_label_not_manual_style_verification,2,train
dataset\indian_folk_31\raw_sources\Indian-Folk-Songs\audio chunks\Kannada\Kannada24chunk(7).wav,Kannada24chunk(7).wav,Yakshagana,Kannada,Kannada_24,7,A-dataset-of-Indian-Folk-Songs,source_category_proxy_mapping,proxy_label_not_manual_style_verification,2,train
dataset\indian_folk_31\raw_sources\Indian-Folk-Songs\audio chunks\Kannada\Kannada24chunk(8).wav,Kannada24chunk(8).wav,Yakshagana,Kannada,Kannada_24,8,A-dataset-of-Indian-Folk-Songs,source_category_proxy_mapping,proxy_label_not_manual_style_verification,2,train
dataset\indian_folk_31\raw_sources\Indian-Folk-Songs\audio chunks\Kannada\Kannada24chunk(9).wav,Kannada24chunk(9).wav,Yakshagana,Kannada,Kannada_24,9,A-dataset-of-Indian-Folk-Songs,source_category_proxy_mapping,proxy_label_not_manual_style_verification,2,train
dataset\indian_folk_31\raw_sources\Indian-Folk-Songs\audio chunks\Kannada\Kannada25chunk(0).wav,Kannada25chunk(0).wav,Yakshagana,Kannada,Kannada_25,0,A-dataset-of-Indian-Folk-Songs,source_category_proxy_mapping,proxy_label_not_manual_style_verification,2,train
dataset\indian_folk_31\raw_sources\Indian-Folk-Songs\audio chunks\Kannada\Kannada25chunk(1).wav,Kannada25chunk(1).wav,Yakshagana,Kannada,Kannada_25,1,A-dataset-of-Indian-Folk-Songs,source_category_proxy_mapping,proxy_label_not_manual_style_verification,2,train
dataset\indian_folk_31\raw_sources\Indian-Folk-Songs\audio chunks\Kannada\Kannada25chunk(2).wav,Kannada25chunk(2).wav,Yakshagana,Kannada,Kannada_25,2,A-dataset-of-Indian-Folk-Songs,source_category_proxy_mapping,proxy_label_not_manual_style_verification,2,train
dataset\indian_folk_31\raw_sources\Indian-Folk-Songs\audio chunks\Kannada\Kannada25chunk(3).wav,Kannada25chunk(3).wav,Yakshagana,Kannada,Kannada_25,3,A-dataset-of-Indian-Folk-Songs,source_category_proxy_mapping,proxy_label_not_manual_style_verification,2,train
dataset\indian_folk_31\raw_sources\Indian-Folk-Songs\audio chunks\Kannada\Kannada25chunk(4).wav,Kannada25chunk(4).wav,Yakshagana,Kannada,Kannada_25,4,A-dataset-of-Indian-Folk-Songs,source_category_proxy_mapping,proxy_label_not_manual_style_verification,2,train
dataset\indian_folk_31\raw_sources\Indian-Folk-Songs\audio chunks\Kannada\Kannada25chunk(5).wav,Kannada25chunk(5).wav,Yakshagana,Kannada,Kannada_25,5,A-dataset-of-Indian-Folk-Songs,source_category_proxy_mapping,proxy_label_not_manual_style_verification,2,train
dataset\indian_folk_31\raw_sources\Indian-Folk-Songs\audio chunks\Kannada\Kannada26chunk(0).wav,Kannada26chunk(0).wav,Yakshagana,Kannada,Kannada_26,0,A-dataset-of-Indian-Folk-Songs,source_category_proxy_mapping,proxy_label_not_manual_style_verification,2,train
dataset\indian_folk_31\raw_sources\Indian-Folk-Songs\audio chunks\Kannada\Kannada26chunk(1).wav,Kannada26chunk(1).wav,Yakshagana,Kannada,Kannada_26,1,A-dataset-of-Indian-Folk-Songs,source_category_proxy_mapping,proxy_label_not_manual_style_verification,2,train
dataset\indian_folk_31\raw_sources\Indian-Folk-Songs\audio chunks\Kannada\Kannada26chunk(2).wav,Kannada26chunk(2).wav,Yakshagana,Kannada,Kannada_26,2,A-dataset-of-Indian-Folk-Songs,source_category_proxy_mapping,proxy_label_not_manual_style_verification,2,train
dataset\indian_folk_31\raw_sources\Indian-Folk-Songs\audio chunks\Kannada\Kannada26chunk(3).wav,Kannada26chunk(3).wav,Yakshagana,Kannada,Kannada_26,3,A-dataset-of-Indian-Folk-Songs,source_category_proxy_mapping,proxy_label_not_manual_style_verification,2,train
dataset\indian_folk_31\raw_sources\Indian-Folk-Songs\audio chunks\Kannada\Kannada26chunk(4).wav,Kannada26chunk(4).wav,Yakshagana,Kannada,Kannada_26,4,A-dataset-of-Indian-Folk-Songs,source_category_proxy_mapping,proxy_label_not_manual_style_verification,2,train
dataset\indian_folk_31\raw_sources\Indian-Folk-Songs\audio chunks\Kannada\Kannada26chunk(5).wav,Kannada26chunk(5).wav,Yakshagana,Kannada,Kannada_26,5,A-dataset-of-Indian-Folk-Songs,source_category_proxy_mapping,proxy_label_not_manual_style_verification,2,train
dataset\indian_folk_31\raw_sources\Indian-Folk-Songs\audio chunks\Kannada\Kannada27chunk(0).wav,Kannada27chunk(0).wav,Yakshagana,Kannada,Kannada_27,0,A-dataset-of-Indian-Folk-Songs,source_category_proxy_mapping,proxy_label_not_manual_style_verification,2,train
dataset\indian_folk_31\raw_sources\Indian-Folk-Songs\audio chunks\Kannada\Kannada27chunk(1).wav,Kannada27chunk(1).wav,Yakshagana,Kannada,Kannada_27,1,A-dataset-of-Indian-Folk-Songs,source_category_proxy_mapping,proxy_label_not_manual_style_verification,2,train
dataset\indian_folk_31\raw_sources\Indian-Folk-Songs\audio chunks\Kannada\Kannada27chunk(2).wav,Kannada27chunk(2).wav,Yakshagana,Kannada,Kannada_27,2,A-dataset-of-Indian-Folk-Songs,source_category_proxy_mapping,proxy_label_not_manual_style_verification,2,train
dataset\indian_folk_31\raw_sources\Indian-Folk-Songs\audio chunks\Kannada\Kannada27chunk(3).wav,Kannada27chunk(3).wav,Yakshagana,Kannada,Kannada_27,3,A-dataset-of-Indian-Folk-Songs,source_category_proxy_mapping,proxy_label_not_manual_style_verification,2,train
dataset\indian_folk_31\raw_sources\Indian-Folk-Songs\audio chunks\Kannada\Kannada27chunk(4).wav,Kannada27chunk(4).wav,Yakshagana,Kannada,Kannada_27,4,A-dataset-of-Indian-Folk-Songs,source_category_proxy_mapping,proxy_label_not_manual_style_verification,2,train
dataset\indian_folk_31\raw_sources\Indian-Folk-Songs\audio chunks\Kannada\Kannada27chunk(5).wav,Kannada27chunk(5).wav,Yakshagana,Kannada,Kannada_27,5,A-dataset-of-Indian-Folk-Songs,source_category_proxy_mapping,proxy_label_not_manual_style_verification,2,train
dataset\indian_folk_31\raw_sources\Indian-Folk-Songs\audio chunks\Kannada\Kannada28chunk(0).wav,Kannada28chunk(0).wav,Yakshagana,Kannada,Kannada_28,0,A-dataset-of-Indian-Folk-Songs,source_category_proxy_mapping,proxy_label_not_manual_style_verification,2,train
dataset\indian_folk_31\raw_sources\Indian-Folk-Songs\audio chunks\Kannada\Kannada28chunk(1).wav,Kannada28chunk(1).wav,Yakshagana,Kannada,Kannada_28,1,A-dataset-of-Indian-Folk-Songs,source_category_proxy_mapping,proxy_label_not_manual_style_verification,2,train
dataset\indian_folk_31\raw_sources\Indian-Folk-Songs\audio chunks\Kannada\Kannada28chunk(2).wav,Kannada28chunk(2).wav,Yakshagana,Kannada,Kannada_28,2,A-dataset-of-Indian-Folk-Songs,source_category_proxy_mapping,proxy_label_not_manual_style_verification,2,train
dataset\indian_folk_31\raw_sources\Indian-Folk-Songs\audio chunks\Kannada\Kannada28chunk(3).wav,Kannada28chunk(3).wav,Yakshagana,Kannada,Kannada_28,3,A-dataset-of-Indian-Folk-Songs,source_category_proxy_mapping,proxy_label_not_manual_style_verification,2,train
dataset\indian_folk_31\raw_sources\Indian-Folk-Songs\audio chunks\Kannada\Kannada28chunk(4).wav,Kannada28chunk(4).wav,Yakshagana,Kannada,Kannada_28,4,A-dataset-of-Indian-Folk-Songs,source_category_proxy_mapping,proxy_label_not_manual_style_verification,2,train
dataset\indian_folk_31\raw_sources\Indian-Folk-Songs\audio chunks\Kannada\Kannada28chunk(5).wav,Kannada28chunk(5).wav,Yakshagana,Kannada,Kannada_28,5,A-dataset-of-Indian-Folk-Songs,source_category_proxy_mapping,proxy_label_not_manual_style_verification,2,train
dataset\indian_folk_31\raw_sources\Indian-Folk-Songs\audio chunks\Kannada\Kannada29chunk(0).wav,Kannada29chunk(0).wav,Yakshagana,Kannada,Kannada_29,0,A-dataset-of-Indian-Folk-Songs,source_category_proxy_mapping,proxy_label_not_manual_style_verification,2,train
dataset\indian_folk_31\raw_sources\Indian-Folk-Songs\audio chunks\Kannada\Kannada29chunk(1).wav,Kannada29chunk(1).wav,Yakshagana,Kannada,Kannada_29,1,A-dataset-of-Indian-Folk-Songs,source_category_proxy_mapping,proxy_label_not_manual_style_verification,2,train
dataset\indian_folk_31\raw_sources\Indian-Folk-Songs\audio chunks\Kannada\Kannada29chunk(2).wav,Kannada29chunk(2).wav,Yakshagana,Kannada,Kannada_29,2,A-dataset-of-Indian-Folk-Songs,source_category_proxy_mapping,proxy_label_not_manual_style_verification,2,train
dataset\indian_folk_31\raw_sources\Indian-Folk-Songs\audio chunks\Kannada\Kannada29chunk(3).wav,Kannada29chunk(3).wav,Yakshagana,Kannada,Kannada_29,3,A-dataset-of-Indian-Folk-Songs,source_category_proxy_mapping,proxy_label_not_manual_style_verification,2,train
dataset\indian_folk_31\raw_sources\Indian-Folk-Songs\audio chunks\Kannada\Kannada29chunk(4).wav,Kannada29chunk(4).wav,Yakshagana,Kannada,Kannada_29,4,A-dataset-of-Indian-Folk-Songs,source_category_proxy_mapping,proxy_label_not_manual_style_verification,2,train
dataset\indian_folk_31\raw_sources\Indian-Folk-Songs\audio chunks\Kannada\Kannada29chunk(5).wav,Kannada29chunk(5).wav,Yakshagana,Kannada,Kannada_29,5,A-dataset-of-Indian-Folk-Songs,source_category_proxy_mapping,proxy_label_not_manual_style_verification,2,train
dataset\indian_folk_31\raw_sources\Indian-Folk-Songs\audio chunks\Kannada\Kannada3chunk(0).wav,Kannada3chunk(0).wav,Yakshagana,Kannada,Kannada_3,0,A-dataset-of-Indian-Folk-Songs,source_category_proxy_mapping,proxy_label_not_manual_style_verification,2,train
dataset\indian_folk_31\raw_sources\Indian-Folk-Songs\audio chunks\Kannada\Kannada3chunk(1).wav,Kannada3chunk(1).wav,Yakshagana,Kannada,Kannada_3,1,A-dataset-of-Indian-Folk-Songs,source_category_proxy_mapping,proxy_label_not_manual_style_verification,2,train
dataset\indian_folk_31\raw_sources\Indian-Folk-Songs\audio chunks\Kannada\Kannada3chunk(2).wav,Kannada3chunk(2).wav,Yakshagana,Kannada,Kannada_3,2,A-dataset-of-Indian-Folk-Songs,source_category_proxy_mapping,proxy_label_not_manual_style_verification,2,train
dataset\indian_folk_31\raw_sources\Indian-Folk-Songs\audio chunks\Kannada\Kannada3chunk(3).wav,Kannada3chunk(3).wav,Yakshagana,Kannada,Kannada_3,3,A-dataset-of-Indian-Folk-Songs,source_category_proxy_mapping,proxy_label_not_manual_style_verification,2,train
dataset\indian_folk_31\raw_sources\Indian-Folk-Songs\audio chunks\Kannada\Kannada3chunk(4).wav,Kannada3chunk(4).wav,Yakshagana,Kannada,Kannada_3,4,A-dataset-of-Indian-Folk-Songs,source_category_proxy_mapping,proxy_label_not_manual_style_verification,2,train
dataset\indian_folk_31\raw_sources\Indian-Folk-Songs\audio chunks\Kannada\Kannada3chunk(5).wav,Kannada3chunk(5).wav,Yakshagana,Kannada,Kannada_3,5,A-dataset-of-Indian-Folk-Songs,source_category_proxy_mapping,proxy_label_not_manual_style_verification,2,train
dataset\indian_folk_31\raw_sources\Indian-Folk-Songs\audio chunks\Kannada\Kannada30chunk(0).wav,Kannada30chunk(0).wav,Yakshagana,Kannada,Kannada_30,0,A-dataset-of-Indian-Folk-Songs,source_category_proxy_mapping,proxy_label_not_manual_style_verification,2,train
dataset\indian_folk_31\raw_sources\Indian-Folk-Songs\audio chunks\Kannada\Kannada30chunk(1).wav,Kannada30chunk(1).wav,Yakshagana,Kannada,Kannada_30,1,A-dataset-of-Indian-Folk-Songs,source_category_proxy_mapping,proxy_label_not_manual_style_verification,2,train
dataset\indian_folk_31\raw_sources\Indian-Folk-Songs\audio chunks\Kannada\Kannada30chunk(2).wav,Kannada30chunk(2).wav,Yakshagana,Kannada,Kannada_30,2,A-dataset-of-Indian-Folk-Songs,source_category_proxy_mapping,proxy_label_not_manual_style_verification,2,train
dataset\indian_folk_31\raw_sources\Indian-Folk-Songs\audio chunks\Kannada\Kannada30chunk(3).wav,Kannada30chunk(3).wav,Yakshagana,Kannada,Kannada_30,3,A-dataset-of-Indian-Folk-Songs,source_category_proxy_mapping,proxy_label_not_manual_style_verification,2,train
dataset\indian_folk_31\raw_sources\Indian-Folk-Songs\audio chunks\Kannada\Kannada30chunk(4).wav,Kannada30chunk(4).wav,Yakshagana,Kannada,Kannada_30,4,A-dataset-of-Indian-Folk-Songs,source_category_proxy_mapping,proxy_label_not_manual_style_verification,2,train
dataset\indian_folk_31\raw_sources\Indian-Folk-Songs\audio chunks\Kannada\Kannada30chunk(5).wav,Kannada30chunk(5).wav,Yakshagana,Kannada,Kannada_30,5,A-dataset-of-Indian-Folk-Songs,source_category_proxy_mapping,proxy_label_not_manual_style_verification,2,train
dataset\indian_folk_31\raw_sources\Indian-Folk-Songs\audio chunks\Kannada\Kannada31chunk(0).wav,Kannada31chunk(0).wav,Yakshagana,Kannada,Kannada_31,0,A-dataset-of-Indian-Folk-Songs,source_category_proxy_mapping,proxy_label_not_manual_style_verification,2,train
dataset\indian_folk_31\raw_sources\Indian-Folk-Songs\audio chunks\Kannada\Kannada31chunk(1).wav,Kannada31chunk(1).wav,Yakshagana,Kannada,Kannada_31,1,A-dataset-of-Indian-Folk-Songs,source_category_proxy_mapping,proxy_label_not_manual_style_verification,2,train
dataset\indian_folk_31\raw_sources\Indian-Folk-Songs\audio chunks\Kannada\Kannada31chunk(2).wav,Kannada31chunk(2).wav,Yakshagana,Kannada,Kannada_31,2,A-dataset-of-Indian-Folk-Songs,source_category_proxy_mapping,proxy_label_not_manual_style_verification,2,train
dataset\indian_folk_31\raw_sources\Indian-Folk-Songs\audio chunks\Kannada\Kannada31chunk(3).wav,Kannada31chunk(3).wav,Yakshagana,Kannada,Kannada_31,3,A-dataset-of-Indian-Folk-Songs,source_category_proxy_mapping,proxy_label_not_manual_style_verification,2,train
dataset\indian_folk_31\raw_sources\Indian-Folk-Songs\audio chunks\Kannada\Kannada31chunk(4).wav,Kannada31chunk(4).wav,Yakshagana,Kannada,Kannada_31,4,A-dataset-of-Indian-Folk-Songs,source_category_proxy_mapping,proxy_label_not_manual_style_verification,2,train
dataset\indian_folk_31\raw_sources\Indian-Folk-Songs\audio chunks\Kannada\Kannada31chunk(5).wav,Kannada31chunk(5).wav,Yakshagana,Kannada,Kannada_31,5,A-dataset-of-Indian-Folk-Songs,source_category_proxy_mapping,proxy_label_not_manual_style_verification,2,train
dataset\indian_folk_31\raw_sources\Indian-Folk-Songs\audio chunks\Kannada\Kannada34chunk(0).wav,Kannada34chunk(0).wav,Yakshagana,Kannada,Kannada_34,0,A-dataset-of-Indian-Folk-Songs,source_category_proxy_mapping,proxy_label_not_manual_style_verification,2,train
dataset\indian_folk_31\raw_sources\Indian-Folk-Songs\audio chunks\Kannada\Kannada34chunk(1).wav,Kannada34chunk(1).wav,Yakshagana,Kannada,Kannada_34,1,A-dataset-of-Indian-Folk-Songs,source_category_proxy_mapping,proxy_label_not_manual_style_verification,2,train
dataset\indian_folk_31\raw_sources\Indian-Folk-Songs\audio chunks\Kannada\Kannada34chunk(2).wav,Kannada34chunk(2).wav,Yakshagana,Kannada,Kannada_34,2,A-dataset-of-Indian-Folk-Songs,source_category_proxy_mapping,proxy_label_not_manual_style_verification,2,train
dataset\indian_folk_31\raw_sources\Indian-Folk-Songs\audio chunks\Kannada\Kannada34chunk(3).wav,Kannada34chunk(3).wav,Yakshagana,Kannada,Kannada_34,3,A-dataset-of-Indian-Folk-Songs,source_category_proxy_mapping,proxy_label_not_manual_style_verification,2,train
dataset\indian_folk_31\raw_sources\Indian-Folk-Songs\audio chunks\Kannada\Kannada34chunk(4).wav,Kannada34chunk(4).wav,Yakshagana,Kannada,Kannada_34,4,A-dataset-of-Indian-Folk-Songs,source_category_proxy_mapping,proxy_label_not_manual_style_verification,2,train
dataset\indian_folk_31\raw_sources\Indian-Folk-Songs\audio chunks\Kannada\Kannada34chunk(5).wav,Kannada34chunk(5).wav,Yakshagana,Kannada,Kannada_34,5,A-dataset-of-Indian-Folk-Songs,source_category_proxy_mapping,proxy_label_not_manual_style_verification,2,train
dataset\indian_folk_31\raw_sources\Indian-Folk-Songs\audio chunks\Kannada\Kannada35chunk(0).wav,Kannada35chunk(0).wav,Yakshagana,Kannada,Kannada_35,0,A-dataset-of-Indian-Folk-Songs,source_category_proxy_mapping,proxy_label_not_manual_style_verification,2,train
dataset\indian_folk_31\raw_sources\Indian-Folk-Songs\audio chunks\Kannada\Kannada35chunk(1).wav,Kannada35chunk(1).wav,Yakshagana,Kannada,Kannada_35,1,A-dataset-of-Indian-Folk-Songs,source_category_proxy_mapping,proxy_label_not_manual_style_verification,2,train
dataset\indian_folk_31\raw_sources\Indian-Folk-Songs\audio chunks\Kannada\Kannada35chunk(2).wav,Kannada35chunk(2).wav,Yakshagana,Kannada,Kannada_35,2,A-dataset-of-Indian-Folk-Songs,source_category_proxy_mapping,proxy_label_not_manual_style_verification,2,train
dataset\indian_folk_31\raw_sources\Indian-Folk-Songs\audio chunks\Kannada\Kannada35chunk(3).wav,Kannada35chunk(3).wav,Yakshagana,Kannada,Kannada_35,3,A-dataset-of-Indian-Folk-Songs,source_category_proxy_mapping,proxy_label_not_manual_style_verification,2,train
dataset\indian_folk_31\raw_sources\Indian-Folk-Songs\audio chunks\Kannada\Kannada35chunk(4).wav,Kannada35chunk(4).wav,Yakshagana,Kannada,Kannada_35,4,A-dataset-of-Indian-Folk-Songs,source_category_proxy_mapping,proxy_label_not_manual_style_verification,2,train
dataset\indian_folk_31\raw_sources\Indian-Folk-Songs\audio chunks\Kannada\Kannada35chunk(5).wav,Kannada35chunk(5).wav,Yakshagana,Kannada,Kannada_35,5,A-dataset-of-Indian-Folk-Songs,source_category_proxy_mapping,proxy_label_not_manual_style_verification,2,train
dataset\indian_folk_31\raw_sources\Indian-Folk-Songs\audio chunks\Kannada\Kannada36chunk(0).wav,Kannada36chunk(0).wav,Yakshagana,Kannada,Kannada_36,0,A-dataset-of-Indian-Folk-Songs,source_category_proxy_mapping,proxy_label_not_manual_style_verification,2,train
dataset\indian_folk_31\raw_sources\Indian-Folk-Songs\audio chunks\Kannada\Kannada36chunk(1).wav,Kannada36chunk(1).wav,Yakshagana,Kannada,Kannada_36,1,A-dataset-of-Indian-Folk-Songs,source_category_proxy_mapping,proxy_label_not_manual_style_verification,2,train
dataset\indian_folk_31\raw_sources\Indian-Folk-Songs\audio chunks\Kannada\Kannada36chunk(2).wav,Kannada36chunk(2).wav,Yakshagana,Kannada,Kannada_36,2,A-dataset-of-Indian-Folk-Songs,source_category_proxy_mapping,proxy_label_not_manual_style_verification,2,train
dataset\indian_folk_31\raw_sources\Indian-Folk-Songs\audio chunks\Kannada\Kannada36chunk(3).wav,Kannada36chunk(3).wav,Yakshagana,Kannada,Kannada_36,3,A-dataset-of-Indian-Folk-Songs,source_category_proxy_mapping,proxy_label_not_manual_style_verification,2,train
dataset\indian_folk_31\raw_sources\Indian-Folk-Songs\audio chunks\Kannada\Kannada36chunk(4).wav,Kannada36chunk(4).wav,Yakshagana,Kannada,Kannada_36,4,A-dataset-of-Indian-Folk-Songs,source_category_proxy_mapping,proxy_label_not_manual_style_verification,2,train
dataset\indian_folk_31\raw_sources\Indian-Folk-Songs\audio chunks\Kannada\Kannada36chunk(5).wav,Kannada36chunk(5).wav,Yakshagana,Kannada,Kannada_36,5,A-dataset-of-Indian-Folk-Songs,source_category_proxy_mapping,proxy_label_not_manual_style_verification,2,train
dataset\indian_folk_31\raw_sources\Indian-Folk-Songs\audio chunks\Kannada\Kannada37chunk(0).wav,Kannada37chunk(0).wav,Yakshagana,Kannada,Kannada_37,0,A-dataset-of-Indian-Folk-Songs,source_category_proxy_mapping,proxy_label_not_manual_style_verification,2,train
dataset\indian_folk_31\raw_sources\Indian-Folk-Songs\audio chunks\Kannada\Kannada37chunk(1).wav,Kannada37chunk(1).wav,Yakshagana,Kannada,Kannada_37,1,A-dataset-of-Indian-Folk-Songs,source_category_proxy_mapping,proxy_label_not_manual_style_verification,2,train
dataset\indian_folk_31\raw_sources\Indian-Folk-Songs\audio chunks\Kannada\Kannada37chunk(2).wav,Kannada37chunk(2).wav,Yakshagana,Kannada,Kannada_37,2,A-dataset-of-Indian-Folk-Songs,source_category_proxy_mapping,proxy_label_not_manual_style_verification,2,train
dataset\indian_folk_31\raw_sources\Indian-Folk-Songs\audio chunks\Kannada\Kannada37chunk(3).wav,Kannada37chunk(3).wav,Yakshagana,Kannada,Kannada_37,3,A-dataset-of-Indian-Folk-Songs,source_category_proxy_mapping,proxy_label_not_manual_style_verification,2,train
dataset\indian_folk_31\raw_sources\Indian-Folk-Songs\audio chunks\Kannada\Kannada37chunk(4).wav,Kannada37chunk(4).wav,Yakshagana,Kannada,Kannada_37,4,A-dataset-of-Indian-Folk-Songs,source_category_proxy_mapping,proxy_label_not_manual_style_verification,2,train
dataset\indian_folk_31\raw_sources\Indian-Folk-Songs\audio chunks\Kannada\Kannada37chunk(5).wav,Kannada37chunk(5).wav,Yakshagana,Kannada,Kannada_37,5,A-dataset-of-Indian-Folk-Songs,source_category_proxy_mapping,proxy_label_not_manual_style_verification,2,train
dataset\indian_folk_31\raw_sources\Indian-Folk-Songs\audio chunks\Kannada\Kannada38chunk(0).wav,Kannada38chunk(0).wav,Yakshagana,Kannada,Kannada_38,0,A-dataset-of-Indian-Folk-Songs,source_category_proxy_mapping,proxy_label_not_manual_style_verification,2,train
dataset\indian_folk_31\raw_sources\Indian-Folk-Songs\audio chunks\Kannada\Kannada38chunk(1).wav,Kannada38chunk(1).wav,Yakshagana,Kannada,Kannada_38,1,A-dataset-of-Indian-Folk-Songs,source_category_proxy_mapping,proxy_label_not_manual_style_verification,2,train
dataset\indian_folk_31\raw_sources\Indian-Folk-Songs\audio chunks\Kannada\Kannada38chunk(2).wav,Kannada38chunk(2).wav,Yakshagana,Kannada,Kannada_38,2,A-dataset-of-Indian-Folk-Songs,source_category_proxy_mapping,proxy_label_not_manual_style_verification,2,train
dataset\indian_folk_31\raw_sources\Indian-Folk-Songs\audio chunks\Kannada\Kannada38chunk(3).wav,Kannada38chunk(3).wav,Yakshagana,Kannada,Kannada_38,3,A-dataset-of-Indian-Folk-Songs,source_category_proxy_mapping,proxy_label_not_manual_style_verification,2,train
dataset\indian_folk_31\raw_sources\Indian-Folk-Songs\audio chunks\Kannada\Kannada38chunk(4).wav,Kannada38chunk(4).wav,Yakshagana,Kannada,Kannada_38,4,A-dataset-of-Indian-Folk-Songs,source_category_proxy_mapping,proxy_label_not_manual_style_verification,2,train
dataset\indian_folk_31\raw_sources\Indian-Folk-Songs\audio chunks\Kannada\Kannada38chunk(5).wav,Kannada38chunk(5).wav,Yakshagana,Kannada,Kannada_38,5,A-dataset-of-Indian-Folk-Songs,source_category_proxy_mapping,proxy_label_not_manual_style_verification,2,train
dataset\indian_folk_31\raw_sources\Indian-Folk-Songs\audio chunks\Kannada\Kannada39chunk(0).wav,Kannada39chunk(0).wav,Yakshagana,Kannada,Kannada_39,0,A-dataset-of-Indian-Folk-Songs,source_category_proxy_mapping,proxy_label_not_manual_style_verification,2,train
dataset\indian_folk_31\raw_sources\Indian-Folk-Songs\audio chunks\Kannada\Kannada39chunk(1).wav,Kannada39chunk(1).wav,Yakshagana,Kannada,Kannada_39,1,A-dataset-of-Indian-Folk-Songs,source_category_proxy_mapping,proxy_label_not_manual_style_verification,2,train
dataset\indian_folk_31\raw_sources\Indian-Folk-Songs\audio chunks\Kannada\Kannada39chunk(2).wav,Kannada39chunk(2).wav,Yakshagana,Kannada,Kannada_39,2,A-dataset-of-Indian-Folk-Songs,source_category_proxy_mapping,proxy_label_not_manual_style_verification,2,train
dataset\indian_folk_31\raw_sources\Indian-Folk-Songs\audio chunks\Kannada\Kannada39chunk(3).wav,Kannada39chunk(3).wav,Yakshagana,Kannada,Kannada_39,3,A-dataset-of-Indian-Folk-Songs,source_category_proxy_mapping,proxy_label_not_manual_style_verification,2,train
dataset\indian_folk_31\raw_sources\Indian-Folk-Songs\audio chunks\Kannada\Kannada39chunk(4).wav,Kannada39chunk(4).wav,Yakshagana,Kannada,Kannada_39,4,A-dataset-of-Indian-Folk-Songs,source_category_proxy_mapping,proxy_label_not_manual_style_verification,2,train
dataset\indian_folk_31\raw_sources\Indian-Folk-Songs\audio chunks\Kannada\Kannada39chunk(5).wav,Kannada39chunk(5).wav,Yakshagana,Kannada,Kannada_39,5,A-dataset-of-Indian-Folk-Songs,source_category_proxy_mapping,proxy_label_not_manual_style_verification,2,train
dataset\indian_folk_31\raw_sources\Indian-Folk-Songs\audio chunks\Kannada\Kannada4chunk(0).wav,Kannada4chunk(0).wav,Yakshagana,Kannada,Kannada_4,0,A-dataset-of-Indian-Folk-Songs,source_category_proxy_mapping,proxy_label_not_manual_style_verification,2,train
dataset\indian_folk_31\raw_sources\Indian-Folk-Songs\audio chunks\Kannada\Kannada4chunk(1).wav,Kannada4chunk(1).wav,Yakshagana,Kannada,Kannada_4,1,A-dataset-of-Indian-Folk-Songs,source_category_proxy_mapping,proxy_label_not_manual_style_verification,2,train
dataset\indian_folk_31\raw_sources\Indian-Folk-Songs\audio chunks\Kannada\Kannada4chunk(2).wav,Kannada4chunk(2).wav,Yakshagana,Kannada,Kannada_4,2,A-dataset-of-Indian-Folk-Songs,source_category_proxy_mapping,proxy_label_not_manual_style_verification,2,train
dataset\indian_folk_31\raw_sources\Indian-Folk-Songs\audio chunks\Kannada\Kannada4chunk(3).wav,Kannada4chunk(3).wav,Yakshagana,Kannada,Kannada_4,3,A-dataset-of-Indian-Folk-Songs,source_category_proxy_mapping,proxy_label_not_manual_style_verification,2,train
dataset\indian_folk_31\raw_sources\Indian-Folk-Songs\audio chunks\Kannada\Kannada4chunk(4).wav,Kannada4chunk(4).wav,Yakshagana,Kannada,Kannada_4,4,A-dataset-of-Indian-Folk-Songs,source_category_proxy_mapping,proxy_label_not_manual_style_verification,2,train
dataset\indian_folk_31\raw_sources\Indian-Folk-Songs\audio chunks\Kannada\Kannada4chunk(5).wav,Kannada4chunk(5).wav,Yakshagana,Kannada,Kannada_4,5,A-dataset-of-Indian-Folk-Songs,source_category_proxy_mapping,proxy_label_not_manual_style_verification,2,train
dataset\indian_folk_31\raw_sources\Indian-Folk-Songs\audio chunks\Kannada\Kannada41chunk(0).wav,Kannada41chunk(0).wav,Yakshagana,Kannada,Kannada_41,0,A-dataset-of-Indian-Folk-Songs,source_category_proxy_mapping,proxy_label_not_manual_style_verification,2,train
dataset\indian_folk_31\raw_sources\Indian-Folk-Songs\audio chunks\Kannada\Kannada41chunk(1).wav,Kannada41chunk(1).wav,Yakshagana,Kannada,Kannada_41,1,A-dataset-of-Indian-Folk-Songs,source_category_proxy_mapping,proxy_label_not_manual_style_verification,2,train
dataset\indian_folk_31\raw_sources\Indian-Folk-Songs\audio chunks\Kannada\Kannada41chunk(2).wav,Kannada41chunk(2).wav,Yakshagana,Kannada,Kannada_41,2,A-dataset-of-Indian-Folk-Songs,source_category_proxy_mapping,proxy_label_not_manual_style_verification,2,train
dataset\indian_folk_31\raw_sources\Indian-Folk-Songs\audio chunks\Kannada\Kannada41chunk(3).wav,Kannada41chunk(3).wav,Yakshagana,Kannada,Kannada_41,3,A-dataset-of-Indian-Folk-Songs,source_category_proxy_mapping,proxy_label_not_manual_style_verification,2,train
dataset\indian_folk_31\raw_sources\Indian-Folk-Songs\audio chunks\Kannada\Kannada41chunk(4).wav,Kannada41chunk(4).wav,Yakshagana,Kannada,Kannada_41,4,A-dataset-of-Indian-Folk-Songs,source_category_proxy_mapping,proxy_label_not_manual_style_verification,2,train
dataset\indian_folk_31\raw_sources\Indian-Folk-Songs\audio chunks\Kannada\Kannada41chunk(5).wav,Kannada41chunk(5).wav,Yakshagana,Kannada,Kannada_41,5,A-dataset-of-Indian-Folk-Songs,source_category_proxy_mapping,proxy_label_not_manual_style_verification,2,train
dataset\indian_folk_31\raw_sources\Indian-Folk-Songs\audio chunks\Kannada\Kannada43chunk(0).wav,Kannada43chunk(0).wav,Yakshagana,Kannada,Kannada_43,0,A-dataset-of-Indian-Folk-Songs,source_category_proxy_mapping,proxy_label_not_manual_style_verification,2,train
dataset\indian_folk_31\raw_sources\Indian-Folk-Songs\audio chunks\Kannada\Kannada43chunk(1).wav,Kannada43chunk(1).wav,Yakshagana,Kannada,Kannada_43,1,A-dataset-of-Indian-Folk-Songs,source_category_proxy_mapping,proxy_label_not_manual_style_verification,2,train
dataset\indian_folk_31\raw_sources\Indian-Folk-Songs\audio chunks\Kannada\Kannada43chunk(2).wav,Kannada43chunk(2).wav,Yakshagana,Kannada,Kannada_43,2,A-dataset-of-Indian-Folk-Songs,source_category_proxy_mapping,proxy_label_not_manual_style_verification,2,train
dataset\indian_folk_31\raw_sources\Indian-Folk-Songs\audio chunks\Kannada\Kannada43chunk(3).wav,Kannada43chunk(3).wav,Yakshagana,Kannada,Kannada_43,3,A-dataset-of-Indian-Folk-Songs,source_category_proxy_mapping,proxy_label_not_manual_style_verification,2,train
dataset\indian_folk_31\raw_sources\Indian-Folk-Songs\audio chunks\Kannada\Kannada43chunk(4).wav,Kannada43chunk(4).wav,Yakshagana,Kannada,Kannada_43,4,A-dataset-of-Indian-Folk-Songs,source_category_proxy_mapping,proxy_label_not_manual_style_verification,2,train
dataset\indian_folk_31\raw_sources\Indian-Folk-Songs\audio chunks\Kannada\Kannada43chunk(5).wav,Kannada43chunk(5).wav,Yakshagana,Kannada,Kannada_43,5,A-dataset-of-Indian-Folk-Songs,source_category_proxy_mapping,proxy_label_not_manual_style_verification,2,train
dataset\indian_folk_31\raw_sources\Indian-Folk-Songs\audio chunks\Kannada\Kannada45chunk(0).wav,Kannada45chunk(0).wav,Yakshagana,Kannada,Kannada_45,0,A-dataset-of-Indian-Folk-Songs,source_category_proxy_mapping,proxy_label_not_manual_style_verification,2,train
dataset\indian_folk_31\raw_sources\Indian-Folk-Songs\audio chunks\Kannada\Kannada45chunk(1).wav,Kannada45chunk(1).wav,Yakshagana,Kannada,Kannada_45,1,A-dataset-of-Indian-Folk-Songs,source_category_proxy_mapping,proxy_label_not_manual_style_verification,2,train
dataset\indian_folk_31\raw_sources\Indian-Folk-Songs\audio chunks\Kannada\Kannada45chunk(2).wav,Kannada45chunk(2).wav,Yakshagana,Kannada,Kannada_45,2,A-dataset-of-Indian-Folk-Songs,source_category_proxy_mapping,proxy_label_not_manual_style_verification,2,train
dataset\indian_folk_31\raw_sources\Indian-Folk-Songs\audio chunks\Kannada\Kannada45chunk(3).wav,Kannada45chunk(3).wav,Yakshagana,Kannada,Kannada_45,3,A-dataset-of-Indian-Folk-Songs,source_category_proxy_mapping,proxy_label_not_manual_style_verification,2,train
dataset\indian_folk_31\raw_sources\Indian-Folk-Songs\audio chunks\Kannada\Kannada45chunk(4).wav,Kannada45chunk(4).wav,Yakshagana,Kannada,Kannada_45,4,A-dataset-of-Indian-Folk-Songs,source_category_proxy_mapping,proxy_label_not_manual_style_verification,2,train
dataset\indian_folk_31\raw_sources\Indian-Folk-Songs\audio chunks\Kannada\Kannada45chunk(5).wav,Kannada45chunk(5).wav,Yakshagana,Kannada,Kannada_45,5,A-dataset-of-Indian-Folk-Songs,source_category_proxy_mapping,proxy_label_not_manual_style_verification,2,train
dataset\indian_folk_31\raw_sources\Indian-Folk-Songs\audio chunks\Kannada\Kannada46chunk(0).wav,Kannada46chunk(0).wav,Yakshagana,Kannada,Kannada_46,0,A-dataset-of-Indian-Folk-Songs,source_category_proxy_mapping,proxy_label_not_manual_style_verification,2,train
dataset\indian_folk_31\raw_sources\Indian-Folk-Songs\audio chunks\Kannada\Kannada46chunk(1).wav,Kannada46chunk(1).wav,Yakshagana,Kannada,Kannada_46,1,A-dataset-of-Indian-Folk-Songs,source_category_proxy_mapping,proxy_label_not_manual_style_verification,2,train
dataset\indian_folk_31\raw_sources\Indian-Folk-Songs\audio chunks\Kannada\Kannada46chunk(2).wav,Kannada46chunk(2).wav,Yakshagana,Kannada,Kannada_46,2,A-dataset-of-Indian-Folk-Songs,source_category_proxy_mapping,proxy_label_not_manual_style_verification,2,train
dataset\indian_folk_31\raw_sources\Indian-Folk-Songs\audio chunks\Kannada\Kannada46chunk(3).wav,Kannada46chunk(3).wav,Yakshagana,Kannada,Kannada_46,3,A-dataset-of-Indian-Folk-Songs,source_category_proxy_mapping,proxy_label_not_manual_style_verification,2,train
dataset\indian_folk_31\raw_sources\Indian-Folk-Songs\audio chunks\Kannada\Kannada46chunk(4).wav,Kannada46chunk(4).wav,Yakshagana,Kannada,Kannada_46,4,A-dataset-of-Indian-Folk-Songs,source_category_proxy_mapping,proxy_label_not_manual_style_verification,2,train
dataset\indian_folk_31\raw_sources\Indian-Folk-Songs\audio chunks\Kannada\Kannada46chunk(5).wav,Kannada46chunk(5).wav,Yakshagana,Kannada,Kannada_46,5,A-dataset-of-Indian-Folk-Songs,source_category_proxy_mapping,proxy_label_not_manual_style_verification,2,train
dataset\indian_folk_31\raw_sources\Indian-Folk-Songs\audio chunks\Kannada\Kannada48chunk(0).wav,Kannada48chunk(0).wav,Yakshagana,Kannada,Kannada_48,0,A-dataset-of-Indian-Folk-Songs,source_category_proxy_mapping,proxy_label_not_manual_style_verification,2,train
dataset\indian_folk_31\raw_sources\Indian-Folk-Songs\audio chunks\Kannada\Kannada48chunk(1).wav,Kannada48chunk(1).wav,Yakshagana,Kannada,Kannada_48,1,A-dataset-of-Indian-Folk-Songs,source_category_proxy_mapping,proxy_label_not_manual_style_verification,2,train
dataset\indian_folk_31\raw_sources\Indian-Folk-Songs\audio chunks\Kannada\Kannada48chunk(2).wav,Kannada48chunk(2).wav,Yakshagana,Kannada,Kannada_48,2,A-dataset-of-Indian-Folk-Songs,source_category_proxy_mapping,proxy_label_not_manual_style_verification,2,train
dataset\indian_folk_31\raw_sources\Indian-Folk-Songs\audio chunks\Kannada\Kannada48chunk(3).wav,Kannada48chunk(3).wav,Yakshagana,Kannada,Kannada_48,3,A-dataset-of-Indian-Folk-Songs,source_category_proxy_mapping,proxy_label_not_manual_style_verification,2,train
dataset\indian_folk_31\raw_sources\Indian-Folk-Songs\audio chunks\Kannada\Kannada48chunk(4).wav,Kannada48chunk(4).wav,Yakshagana,Kannada,Kannada_48,4,A-dataset-of-Indian-Folk-Songs,source_category_proxy_mapping,proxy_label_not_manual_style_verification,2,train
dataset\indian_folk_31\raw_sources\Indian-Folk-Songs\audio chunks\Kannada\Kannada48chunk(5).wav,Kannada48chunk(5).wav,Yakshagana,Kannada,Kannada_48,5,A-dataset-of-Indian-Folk-Songs,source_category_proxy_mapping,proxy_label_not_manual_style_verification,2,train
dataset\indian_folk_31\raw_sources\Indian-Folk-Songs\audio chunks\Kannada\Kannada49chunk(0).wav,Kannada49chunk(0).wav,Yakshagana,Kannada,Kannada_49,0,A-dataset-of-Indian-Folk-Songs,source_category_proxy_mapping,proxy_label_not_manual_style_verification,2,train
dataset\indian_folk_31\raw_sources\Indian-Folk-Songs\audio chunks\Kannada\Kannada49chunk(1).wav,Kannada49chunk(1).wav,Yakshagana,Kannada,Kannada_49,1,A-dataset-of-Indian-Folk-Songs,source_category_proxy_mapping,proxy_label_not_manual_style_verification,2,train
dataset\indian_folk_31\raw_sources\Indian-Folk-Songs\audio chunks\Kannada\Kannada49chunk(2).wav,Kannada49chunk(2).wav,Yakshagana,Kannada,Kannada_49,2,A-dataset-of-Indian-Folk-Songs,source_category_proxy_mapping,proxy_label_not_manual_style_verification,2,train
dataset\indian_folk_31\raw_sources\Indian-Folk-Songs\audio chunks\Kannada\Kannada49chunk(3).wav,Kannada49chunk(3).wav,Yakshagana,Kannada,Kannada_49,3,A-dataset-of-Indian-Folk-Songs,source_category_proxy_mapping,proxy_label_not_manual_style_verification,2,train
dataset\indian_folk_31\raw_sources\Indian-Folk-Songs\audio chunks\Kannada\Kannada49chunk(4).wav,Kannada49chunk(4).wav,Yakshagana,Kannada,Kannada_49,4,A-dataset-of-Indian-Folk-Songs,source_category_proxy_mapping,proxy_label_not_manual_style_verification,2,train
dataset\indian_folk_31\raw_sources\Indian-Folk-Songs\audio chunks\Kannada\Kannada49chunk(5).wav,Kannada49chunk(5).wav,Yakshagana,Kannada,Kannada_49,5,A-dataset-of-Indian-Folk-Songs,source_category_proxy_mapping,proxy_label_not_manual_style_verification,2,train
dataset\indian_folk_31\raw_sources\Indian-Folk-Songs\audio chunks\Kannada\Kannada5chunk(0).wav,Kannada5chunk(0).wav,Yakshagana,Kannada,Kannada_5,0,A-dataset-of-Indian-Folk-Songs,source_category_proxy_mapping,proxy_label_not_manual_style_verification,2,train
dataset\indian_folk_31\raw_sources\Indian-Folk-Songs\audio chunks\Kannada\Kannada5chunk(1).wav,Kannada5chunk(1).wav,Yakshagana,Kannada,Kannada_5,1,A-dataset-of-Indian-Folk-Songs,source_category_proxy_mapping,proxy_label_not_manual_style_verification,2,train
dataset\indian_folk_31\raw_sources\Indian-Folk-Songs\audio chunks\Kannada\Kannada5chunk(2).wav,Kannada5chunk(2).wav,Yakshagana,Kannada,Kannada_5,2,A-dataset-of-Indian-Folk-Songs,source_category_proxy_mapping,proxy_label_not_manual_style_verification,2,train
dataset\indian_folk_31\raw_sources\Indian-Folk-Songs\audio chunks\Kannada\Kannada5chunk(3).wav,Kannada5chunk(3).wav,Yakshagana,Kannada,Kannada_5,3,A-dataset-of-Indian-Folk-Songs,source_category_proxy_mapping,proxy_label_not_manual_style_verification,2,train
dataset\indian_folk_31\raw_sources\Indian-Folk-Songs\audio chunks\Kannada\Kannada5chunk(4).wav,Kannada5chunk(4).wav,Yakshagana,Kannada,Kannada_5,4,A-dataset-of-Indian-Folk-Songs,source_category_proxy_mapping,proxy_label_not_manual_style_verification,2,train
dataset\indian_folk_31\raw_sources\Indian-Folk-Songs\audio chunks\Kannada\Kannada5chunk(5).wav,Kannada5chunk(5).wav,Yakshagana,Kannada,Kannada_5,5,A-dataset-of-Indian-Folk-Songs,source_category_proxy_mapping,proxy_label_not_manual_style_verification,2,train
dataset\indian_folk_31\raw_sources\Indian-Folk-Songs\audio chunks\Kannada\Kannada50chunk(0).wav,Kannada50chunk(0).wav,Yakshagana,Kannada,Kannada_50,0,A-dataset-of-Indian-Folk-Songs,source_category_proxy_mapping,proxy_label_not_manual_style_verification,2,train
dataset\indian_folk_31\raw_sources\Indian-Folk-Songs\audio chunks\Kannada\Kannada50chunk(1).wav,Kannada50chunk(1).wav,Yakshagana,Kannada,Kannada_50,1,A-dataset-of-Indian-Folk-Songs,source_category_proxy_mapping,proxy_label_not_manual_style_verification,2,train
dataset\indian_folk_31\raw_sources\Indian-Folk-Songs\audio chunks\Kannada\Kannada50chunk(2).wav,Kannada50chunk(2).wav,Yakshagana,Kannada,Kannada_50,2,A-dataset-of-Indian-Folk-Songs,source_category_proxy_mapping,proxy_label_not_manual_style_verification,2,train
dataset\indian_folk_31\raw_sources\Indian-Folk-Songs\audio chunks\Kannada\Kannada50chunk(3).wav,Kannada50chunk(3).wav,Yakshagana,Kannada,Kannada_50,3,A-dataset-of-Indian-Folk-Songs,source_category_proxy_mapping,proxy_label_not_manual_style_verification,2,train
dataset\indian_folk_31\raw_sources\Indian-Folk-Songs\audio chunks\Kannada\Kannada50chunk(4).wav,Kannada50chunk(4).wav,Yakshagana,Kannada,Kannada_50,4,A-dataset-of-Indian-Folk-Songs,source_category_proxy_mapping,proxy_label_not_manual_style_verification,2,train
dataset\indian_folk_31\raw_sources\Indian-Folk-Songs\audio chunks\Kannada\Kannada50chunk(5).wav,Kannada50chunk(5).wav,Yakshagana,Kannada,Kannada_50,5,A-dataset-of-Indian-Folk-Songs,source_category_proxy_mapping,proxy_label_not_manual_style_verification,2,train
dataset\indian_folk_31\raw_sources\Indian-Folk-Songs\audio chunks\Kannada\Kannada52chunk(0).wav,Kannada52chunk(0).wav,Yakshagana,Kannada,Kannada_52,0,A-dataset-of-Indian-Folk-Songs,source_category_proxy_mapping,proxy_label_not_manual_style_verification,2,train
dataset\indian_folk_31\raw_sources\Indian-Folk-Songs\audio chunks\Kannada\Kannada52chunk(1).wav,Kannada52chunk(1).wav,Yakshagana,Kannada,Kannada_52,1,A-dataset-of-Indian-Folk-Songs,source_category_proxy_mapping,proxy_label_not_manual_style_verification,2,train
dataset\indian_folk_31\raw_sources\Indian-Folk-Songs\audio chunks\Kannada\Kannada52chunk(2).wav,Kannada52chunk(2).wav,Yakshagana,Kannada,Kannada_52,2,A-dataset-of-Indian-Folk-Songs,source_category_proxy_mapping,proxy_label_not_manual_style_verification,2,train
dataset\indian_folk_31\raw_sources\Indian-Folk-Songs\audio chunks\Kannada\Kannada52chunk(3).wav,Kannada52chunk(3).wav,Yakshagana,Kannada,Kannada_52,3,A-dataset-of-Indian-Folk-Songs,source_category_proxy_mapping,proxy_label_not_manual_style_verification,2,train
dataset\indian_folk_31\raw_sources\Indian-Folk-Songs\audio chunks\Kannada\Kannada52chunk(4).wav,Kannada52chunk(4).wav,Yakshagana,Kannada,Kannada_52,4,A-dataset-of-Indian-Folk-Songs,source_category_proxy_mapping,proxy_label_not_manual_style_verification,2,train
dataset\indian_folk_31\raw_sources\Indian-Folk-Songs\audio chunks\Kannada\Kannada52chunk(5).wav,Kannada52chunk(5).wav,Yakshagana,Kannada,Kannada_52,5,A-dataset-of-Indian-Folk-Songs,source_category_proxy_mapping,proxy_label_not_manual_style_verification,2,train
dataset\indian_folk_31\raw_sources\Indian-Folk-Songs\audio chunks\Kannada\Kannada54chunk(0).wav,Kannada54chunk(0).wav,Yakshagana,Kannada,Kannada_54,0,A-dataset-of-Indian-Folk-Songs,source_category_proxy_mapping,proxy_label_not_manual_style_verification,2,train
dataset\indian_folk_31\raw_sources\Indian-Folk-Songs\audio chunks\Kannada\Kannada54chunk(1).wav,Kannada54chunk(1).wav,Yakshagana,Kannada,Kannada_54,1,A-dataset-of-Indian-Folk-Songs,source_category_proxy_mapping,proxy_label_not_manual_style_verification,2,train
dataset\indian_folk_31\raw_sources\Indian-Folk-Songs\audio chunks\Kannada\Kannada54chunk(2).wav,Kannada54chunk(2).wav,Yakshagana,Kannada,Kannada_54,2,A-dataset-of-Indian-Folk-Songs,source_category_proxy_mapping,proxy_label_not_manual_style_verification,2,train
dataset\indian_folk_31\raw_sources\Indian-Folk-Songs\audio chunks\Kannada\Kannada54chunk(3).wav,Kannada54chunk(3).wav,Yakshagana,Kannada,Kannada_54,3,A-dataset-of-Indian-Folk-Songs,source_category_proxy_mapping,proxy_label_not_manual_style_verification,2,train
dataset\indian_folk_31\raw_sources\Indian-Folk-Songs\audio chunks\Kannada\Kannada54chunk(4).wav,Kannada54chunk(4).wav,Yakshagana,Kannada,Kannada_54,4,A-dataset-of-Indian-Folk-Songs,source_category_proxy_mapping,proxy_label_not_manual_style_verification,2,train
dataset\indian_folk_31\raw_sources\Indian-Folk-Songs\audio chunks\Kannada\Kannada54chunk(5).wav,Kannada54chunk(5).wav,Yakshagana,Kannada,Kannada_54,5,A-dataset-of-Indian-Folk-Songs,source_category_proxy_mapping,proxy_label_not_manual_style_verification,2,train
dataset\indian_folk_31\raw_sources\Indian-Folk-Songs\audio chunks\Kannada\Kannada55chunk(0).wav,Kannada55chunk(0).wav,Yakshagana,Kannada,Kannada_55,0,A-dataset-of-Indian-Folk-Songs,source_category_proxy_mapping,proxy_label_not_manual_style_verification,2,train
dataset\indian_folk_31\raw_sources\Indian-Folk-Songs\audio chunks\Kannada\Kannada55chunk(1).wav,Kannada55chunk(1).wav,Yakshagana,Kannada,Kannada_55,1,A-dataset-of-Indian-Folk-Songs,source_category_proxy_mapping,proxy_label_not_manual_style_verification,2,train
dataset\indian_folk_31\raw_sources\Indian-Folk-Songs\audio chunks\Kannada\Kannada55chunk(2).wav,Kannada55chunk(2).wav,Yakshagana,Kannada,Kannada_55,2,A-dataset-of-Indian-Folk-Songs,source_category_proxy_mapping,proxy_label_not_manual_style_verification,2,train
dataset\indian_folk_31\raw_sources\Indian-Folk-Songs\audio chunks\Kannada\Kannada55chunk(3).wav,Kannada55chunk(3).wav,Yakshagana,Kannada,Kannada_55,3,A-dataset-of-Indian-Folk-Songs,source_category_proxy_mapping,proxy_label_not_manual_style_verification,2,train
dataset\indian_folk_31\raw_sources\Indian-Folk-Songs\audio chunks\Kannada\Kannada55chunk(4).wav,Kannada55chunk(4).wav,Yakshagana,Kannada,Kannada_55,4,A-dataset-of-Indian-Folk-Songs,source_category_proxy_mapping,proxy_label_not_manual_style_verification,2,train
dataset\indian_folk_31\raw_sources\Indian-Folk-Songs\audio chunks\Kannada\Kannada55chunk(5).wav,Kannada55chunk(5).wav,Yakshagana,Kannada,Kannada_55,5,A-dataset-of-Indian-Folk-Songs,source_category_proxy_mapping,proxy_label_not_manual_style_verification,2,train
dataset\indian_folk_31\raw_sources\Indian-Folk-Songs\audio chunks\Kannada\Kannada56chunk(0).wav,Kannada56chunk(0).wav,Yakshagana,Kannada,Kannada_56,0,A-dataset-of-Indian-Folk-Songs,source_category_proxy_mapping,proxy_label_not_manual_style_verification,2,train
dataset\indian_folk_31\raw_sources\Indian-Folk-Songs\audio chunks\Kannada\Kannada56chunk(1).wav,Kannada56chunk(1).wav,Yakshagana,Kannada,Kannada_56,1,A-dataset-of-Indian-Folk-Songs,source_category_proxy_mapping,proxy_label_not_manual_style_verification,2,train
dataset\indian_folk_31\raw_sources\Indian-Folk-Songs\audio chunks\Kannada\Kannada56chunk(2).wav,Kannada56chunk(2).wav,Yakshagana,Kannada,Kannada_56,2,A-dataset-of-Indian-Folk-Songs,source_category_proxy_mapping,proxy_label_not_manual_style_verification,2,train
dataset\indian_folk_31\raw_sources\Indian-Folk-Songs\audio chunks\Kannada\Kannada56chunk(3).wav,Kannada56chunk(3).wav,Yakshagana,Kannada,Kannada_56,3,A-dataset-of-Indian-Folk-Songs,source_category_proxy_mapping,proxy_label_not_manual_style_verification,2,train
dataset\indian_folk_31\raw_sources\Indian-Folk-Songs\audio chunks\Kannada\Kannada56chunk(4).wav,Kannada56chunk(4).wav,Yakshagana,Kannada,Kannada_56,4,A-dataset-of-Indian-Folk-Songs,source_category_proxy_mapping,proxy_label_not_manual_style_verification,2,train
dataset\indian_folk_31\raw_sources\Indian-Folk-Songs\audio chunks\Kannada\Kannada56chunk(5).wav,Kannada56chunk(5).wav,Yakshagana,Kannada,Kannada_56,5,A-dataset-of-Indian-Folk-Songs,source_category_proxy_mapping,proxy_label_not_manual_style_verification,2,train
dataset\indian_folk_31\raw_sources\Indian-Folk-Songs\audio chunks\Kannada\Kannada57chunk(0).wav,Kannada57chunk(0).wav,Yakshagana,Kannada,Kannada_57,0,A-dataset-of-Indian-Folk-Songs,source_category_proxy_mapping,proxy_label_not_manual_style_verification,2,train
dataset\indian_folk_31\raw_sources\Indian-Folk-Songs\audio chunks\Kannada\Kannada57chunk(1).wav,Kannada57chunk(1).wav,Yakshagana,Kannada,Kannada_57,1,A-dataset-of-Indian-Folk-Songs,source_category_proxy_mapping,proxy_label_not_manual_style_verification,2,train
dataset\indian_folk_31\raw_sources\Indian-Folk-Songs\audio chunks\Kannada\Kannada57chunk(2).wav,Kannada57chunk(2).wav,Yakshagana,Kannada,Kannada_57,2,A-dataset-of-Indian-Folk-Songs,source_category_proxy_mapping,proxy_label_not_manual_style_verification,2,train
dataset\indian_folk_31\raw_sources\Indian-Folk-Songs\audio chunks\Kannada\Kannada57chunk(3).wav,Kannada57chunk(3).wav,Yakshagana,Kannada,Kannada_57,3,A-dataset-of-Indian-Folk-Songs,source_category_proxy_mapping,proxy_label_not_manual_style_verification,2,train
dataset\indian_folk_31\raw_sources\Indian-Folk-Songs\audio chunks\Kannada\Kannada57chunk(4).wav,Kannada57chunk(4).wav,Yakshagana,Kannada,Kannada_57,4,A-dataset-of-Indian-Folk-Songs,source_category_proxy_mapping,proxy_label_not_manual_style_verification,2,train
dataset\indian_folk_31\raw_sources\Indian-Folk-Songs\audio chunks\Kannada\Kannada57chunk(5).wav,Kannada57chunk(5).wav,Yakshagana,Kannada,Kannada_57,5,A-dataset-of-Indian-Folk-Songs,source_category_proxy_mapping,proxy_label_not_manual_style_verification,2,train
dataset\indian_folk_31\raw_sources\Indian-Folk-Songs\audio chunks\Kannada\Kannada59chunk(0).wav,Kannada59chunk(0).wav,Yakshagana,Kannada,Kannada_59,0,A-dataset-of-Indian-Folk-Songs,source_category_proxy_mapping,proxy_label_not_manual_style_verification,2,train
dataset\indian_folk_31\raw_sources\Indian-Folk-Songs\audio chunks\Kannada\Kannada59chunk(1).wav,Kannada59chunk(1).wav,Yakshagana,Kannada,Kannada_59,1,A-dataset-of-Indian-Folk-Songs,source_category_proxy_mapping,proxy_label_not_manual_style_verification,2,train
dataset\indian_folk_31\raw_sources\Indian-Folk-Songs\audio chunks\Kannada\Kannada59chunk(2).wav,Kannada59chunk(2).wav,Yakshagana,Kannada,Kannada_59,2,A-dataset-of-Indian-Folk-Songs,source_category_proxy_mapping,proxy_label_not_manual_style_verification,2,train
dataset\indian_folk_31\raw_sources\Indian-Folk-Songs\audio chunks\Kannada\Kannada59chunk(3).wav,Kannada59chunk(3).wav,Yakshagana,Kannada,Kannada_59,3,A-dataset-of-Indian-Folk-Songs,source_category_proxy_mapping,proxy_label_not_manual_style_verification,2,train
dataset\indian_folk_31\raw_sources\Indian-Folk-Songs\audio chunks\Kannada\Kannada59chunk(4).wav,Kannada59chunk(4).wav,Yakshagana,Kannada,Kannada_59,4,A-dataset-of-Indian-Folk-Songs,source_category_proxy_mapping,proxy_label_not_manual_style_verification,2,train
dataset\indian_folk_31\raw_sources\Indian-Folk-Songs\audio chunks\Kannada\Kannada59chunk(5).wav,Kannada59chunk(5).wav,Yakshagana,Kannada,Kannada_59,5,A-dataset-of-Indian-Folk-Songs,source_category_proxy_mapping,proxy_label_not_manual_style_verification,2,train
dataset\indian_folk_31\raw_sources\Indian-Folk-Songs\audio chunks\Kannada\Kannada6chunk(0).wav,Kannada6chunk(0).wav,Yakshagana,Kannada,Kannada_6,0,A-dataset-of-Indian-Folk-Songs,source_category_proxy_mapping,proxy_label_not_manual_style_verification,2,train
dataset\indian_folk_31\raw_sources\Indian-Folk-Songs\audio chunks\Kannada\Kannada6chunk(1).wav,Kannada6chunk(1).wav,Yakshagana,Kannada,Kannada_6,1,A-dataset-of-Indian-Folk-Songs,source_category_proxy_mapping,proxy_label_not_manual_style_verification,2,train
dataset\indian_folk_31\raw_sources\Indian-Folk-Songs\audio chunks\Kannada\Kannada6chunk(2).wav,Kannada6chunk(2).wav,Yakshagana,Kannada,Kannada_6,2,A-dataset-of-Indian-Folk-Songs,source_category_proxy_mapping,proxy_label_not_manual_style_verification,2,train
dataset\indian_folk_31\raw_sources\Indian-Folk-Songs\audio chunks\Kannada\Kannada6chunk(3).wav,Kannada6chunk(3).wav,Yakshagana,Kannada,Kannada_6,3,A-dataset-of-Indian-Folk-Songs,source_category_proxy_mapping,proxy_label_not_manual_style_verification,2,train
dataset\indian_folk_31\raw_sources\Indian-Folk-Songs\audio chunks\Kannada\Kannada6chunk(4).wav,Kannada6chunk(4).wav,Yakshagana,Kannada,Kannada_6,4,A-dataset-of-Indian-Folk-Songs,source_category_proxy_mapping,proxy_label_not_manual_style_verification,2,train
dataset\indian_folk_31\raw_sources\Indian-Folk-Songs\audio chunks\Kannada\Kannada6chunk(5).wav,Kannada6chunk(5).wav,Yakshagana,Kannada,Kannada_6,5,A-dataset-of-Indian-Folk-Songs,source_category_proxy_mapping,proxy_label_not_manual_style_verification,2,train
dataset\indian_folk_31\raw_sources\Indian-Folk-Songs\audio chunks\Kannada\Kannada60chunk(0).wav,Kannada60chunk(0).wav,Yakshagana,Kannada,Kannada_60,0,A-dataset-of-Indian-Folk-Songs,source_category_proxy_mapping,proxy_label_not_manual_style_verification,2,train
dataset\indian_folk_31\raw_sources\Indian-Folk-Songs\audio chunks\Kannada\Kannada60chunk(1).wav,Kannada60chunk(1).wav,Yakshagana,Kannada,Kannada_60,1,A-dataset-of-Indian-Folk-Songs,source_category_proxy_mapping,proxy_label_not_manual_style_verification,2,train
dataset\indian_folk_31\raw_sources\Indian-Folk-Songs\audio chunks\Kannada\Kannada60chunk(2).wav,Kannada60chunk(2).wav,Yakshagana,Kannada,Kannada_60,2,A-dataset-of-Indian-Folk-Songs,source_category_proxy_mapping,proxy_label_not_manual_style_verification,2,train
dataset\indian_folk_31\raw_sources\Indian-Folk-Songs\audio chunks\Kannada\Kannada60chunk(3).wav,Kannada60chunk(3).wav,Yakshagana,Kannada,Kannada_60,3,A-dataset-of-Indian-Folk-Songs,source_category_proxy_mapping,proxy_label_not_manual_style_verification,2,train
dataset\indian_folk_31\raw_sources\Indian-Folk-Songs\audio chunks\Kannada\Kannada60chunk(4).wav,Kannada60chunk(4).wav,Yakshagana,Kannada,Kannada_60,4,A-dataset-of-Indian-Folk-Songs,source_category_proxy_mapping,proxy_label_not_manual_style_verification,2,train
dataset\indian_folk_31\raw_sources\Indian-Folk-Songs\audio chunks\Kannada\Kannada60chunk(5).wav,Kannada60chunk(5).wav,Yakshagana,Kannada,Kannada_60,5,A-dataset-of-Indian-Folk-Songs,source_category_proxy_mapping,proxy_label_not_manual_style_verification,2,train
dataset\indian_folk_31\raw_sources\Indian-Folk-Songs\audio chunks\Kannada\Kannada62chunk(0).wav,Kannada62chunk(0).wav,Yakshagana,Kannada,Kannada_62,0,A-dataset-of-Indian-Folk-Songs,source_category_proxy_mapping,proxy_label_not_manual_style_verification,2,train
dataset\indian_folk_31\raw_sources\Indian-Folk-Songs\audio chunks\Kannada\Kannada62chunk(1).wav,Kannada62chunk(1).wav,Yakshagana,Kannada,Kannada_62,1,A-dataset-of-Indian-Folk-Songs,source_category_proxy_mapping,proxy_label_not_manual_style_verification,2,train
dataset\indian_folk_31\raw_sources\Indian-Folk-Songs\audio chunks\Kannada\Kannada62chunk(2).wav,Kannada62chunk(2).wav,Yakshagana,Kannada,Kannada_62,2,A-dataset-of-Indian-Folk-Songs,source_category_proxy_mapping,proxy_label_not_manual_style_verification,2,train
dataset\indian_folk_31\raw_sources\Indian-Folk-Songs\audio chunks\Kannada\Kannada62chunk(3).wav,Kannada62chunk(3).wav,Yakshagana,Kannada,Kannada_62,3,A-dataset-of-Indian-Folk-Songs,source_category_proxy_mapping,proxy_label_not_manual_style_verification,2,train
dataset\indian_folk_31\raw_sources\Indian-Folk-Songs\audio chunks\Kannada\Kannada62chunk(4).wav,Kannada62chunk(4).wav,Yakshagana,Kannada,Kannada_62,4,A-dataset-of-Indian-Folk-Songs,source_category_proxy_mapping,proxy_label_not_manual_style_verification,2,train
dataset\indian_folk_31\raw_sources\Indian-Folk-Songs\audio chunks\Kannada\Kannada62chunk(5).wav,Kannada62chunk(5).wav,Yakshagana,Kannada,Kannada_62,5,A-dataset-of-Indian-Folk-Songs,source_category_proxy_mapping,proxy_label_not_manual_style_verification,2,train
dataset\indian_folk_31\raw_sources\Indian-Folk-Songs\audio chunks\Kannada\Kannada63chunk(0).wav,Kannada63chunk(0).wav,Yakshagana,Kannada,Kannada_63,0,A-dataset-of-Indian-Folk-Songs,source_category_proxy_mapping,proxy_label_not_manual_style_verification,2,train
dataset\indian_folk_31\raw_sources\Indian-Folk-Songs\audio chunks\Kannada\Kannada63chunk(1).wav,Kannada63chunk(1).wav,Yakshagana,Kannada,Kannada_63,1,A-dataset-of-Indian-Folk-Songs,source_category_proxy_mapping,proxy_label_not_manual_style_verification,2,train
dataset\indian_folk_31\raw_sources\Indian-Folk-Songs\audio chunks\Kannada\Kannada63chunk(2).wav,Kannada63chunk(2).wav,Yakshagana,Kannada,Kannada_63,2,A-dataset-of-Indian-Folk-Songs,source_category_proxy_mapping,proxy_label_not_manual_style_verification,2,train
dataset\indian_folk_31\raw_sources\Indian-Folk-Songs\audio chunks\Kannada\Kannada63chunk(3).wav,Kannada63chunk(3).wav,Yakshagana,Kannada,Kannada_63,3,A-dataset-of-Indian-Folk-Songs,source_category_proxy_mapping,proxy_label_not_manual_style_verification,2,train
dataset\indian_folk_31\raw_sources\Indian-Folk-Songs\audio chunks\Kannada\Kannada63chunk(4).wav,Kannada63chunk(4).wav,Yakshagana,Kannada,Kannada_63,4,A-dataset-of-Indian-Folk-Songs,source_category_proxy_mapping,proxy_label_not_manual_style_verification,2,train
dataset\indian_folk_31\raw_sources\Indian-Folk-Songs\audio chunks\Kannada\Kannada63chunk(5).wav,Kannada63chunk(5).wav,Yakshagana,Kannada,Kannada_63,5,A-dataset-of-Indian-Folk-Songs,source_category_proxy_mapping,proxy_label_not_manual_style_verification,2,train
dataset\indian_folk_31\raw_sources\Indian-Folk-Songs\audio chunks\Kannada\Kannada7chunk(0).wav,Kannada7chunk(0).wav,Yakshagana,Kannada,Kannada_7,0,A-dataset-of-Indian-Folk-Songs,source_category_proxy_mapping,proxy_label_not_manual_style_verification,2,train
dataset\indian_folk_31\raw_sources\Indian-Folk-Songs\audio chunks\Kannada\Kannada7chunk(1).wav,Kannada7chunk(1).wav,Yakshagana,Kannada,Kannada_7,1,A-dataset-of-Indian-Folk-Songs,source_category_proxy_mapping,proxy_label_not_manual_style_verification,2,train
dataset\indian_folk_31\raw_sources\Indian-Folk-Songs\audio chunks\Kannada\Kannada7chunk(2).wav,Kannada7chunk(2).wav,Yakshagana,Kannada,Kannada_7,2,A-dataset-of-Indian-Folk-Songs,source_category_proxy_mapping,proxy_label_not_manual_style_verification,2,train
dataset\indian_folk_31\raw_sources\Indian-Folk-Songs\audio chunks\Kannada\Kannada7chunk(3).wav,Kannada7chunk(3).wav,Yakshagana,Kannada,Kannada_7,3,A-dataset-of-Indian-Folk-Songs,source_category_proxy_mapping,proxy_label_not_manual_style_verification,2,train
dataset\indian_folk_31\raw_sources\Indian-Folk-Songs\audio chunks\Kannada\Kannada7chunk(4).wav,Kannada7chunk(4).wav,Yakshagana,Kannada,Kannada_7,4,A-dataset-of-Indian-Folk-Songs,source_category_proxy_mapping,proxy_label_not_manual_style_verification,2,train
dataset\indian_folk_31\raw_sources\Indian-Folk-Songs\audio chunks\Kannada\Kannada7chunk(5).wav,Kannada7chunk(5).wav,Yakshagana,Kannada,Kannada_7,5,A-dataset-of-Indian-Folk-Songs,source_category_proxy_mapping,proxy_label_not_manual_style_verification,2,train
dataset\indian_folk_31\raw_sources\Indian-Folk-Songs\audio chunks\Kashmiri\kashmiri1chunk(0).wav,kashmiri1chunk(0).wav,Rouf,Kashmiri,Kashmiri_1,0,A-dataset-of-Indian-Folk-Songs,source_category_proxy_mapping,proxy_label_not_manual_style_verification,3,train
dataset\indian_folk_31\raw_sources\Indian-Folk-Songs\audio chunks\Kashmiri\kashmiri1chunk(1).wav,kashmiri1chunk(1).wav,Rouf,Kashmiri,Kashmiri_1,1,A-dataset-of-Indian-Folk-Songs,source_category_proxy_mapping,proxy_label_not_manual_style_verification,3,train
dataset\indian_folk_31\raw_sources\Indian-Folk-Songs\audio chunks\Kashmiri\kashmiri1chunk(2).wav,kashmiri1chunk(2).wav,Rouf,Kashmiri,Kashmiri_1,2,A-dataset-of-Indian-Folk-Songs,source_category_proxy_mapping,proxy_label_not_manual_style_verification,3,train
dataset\indian_folk_31\raw_sources\Indian-Folk-Songs\audio chunks\Kashmiri\kashmiri1chunk(3).wav,kashmiri1chunk(3).wav,Rouf,Kashmiri,Kashmiri_1,3,A-dataset-of-Indian-Folk-Songs,source_category_proxy_mapping,proxy_label_not_manual_style_verification,3,train
dataset\indian_folk_31\raw_sources\Indian-Folk-Songs\audio chunks\Kashmiri\kashmiri1chunk(4).wav,kashmiri1chunk(4).wav,Rouf,Kashmiri,Kashmiri_1,4,A-dataset-of-Indian-Folk-Songs,source_category_proxy_mapping,proxy_label_not_manual_style_verification,3,train
dataset\indian_folk_31\raw_sources\Indian-Folk-Songs\audio chunks\Kashmiri\kashmiri1chunk(5).wav,kashmiri1chunk(5).wav,Rouf,Kashmiri,Kashmiri_1,5,A-dataset-of-Indian-Folk-Songs,source_category_proxy_mapping,proxy_label_not_manual_style_verification,3,train
dataset\indian_folk_31\raw_sources\Indian-Folk-Songs\audio chunks\Kashmiri\kashmiri12chunk(0).wav,kashmiri12chunk(0).wav,Rouf,Kashmiri,Kashmiri_12,0,A-dataset-of-Indian-Folk-Songs,source_category_proxy_mapping,proxy_label_not_manual_style_verification,3,train
dataset\indian_folk_31\raw_sources\Indian-Folk-Songs\audio chunks\Kashmiri\kashmiri12chunk(1).wav,kashmiri12chunk(1).wav,Rouf,Kashmiri,Kashmiri_12,1,A-dataset-of-Indian-Folk-Songs,source_category_proxy_mapping,proxy_label_not_manual_style_verification,3,train
dataset\indian_folk_31\raw_sources\Indian-Folk-Songs\audio chunks\Kashmiri\kashmiri12chunk(2).wav,kashmiri12chunk(2).wav,Rouf,Kashmiri,Kashmiri_12,2,A-dataset-of-Indian-Folk-Songs,source_category_proxy_mapping,proxy_label_not_manual_style_verification,3,train
dataset\indian_folk_31\raw_sources\Indian-Folk-Songs\audio chunks\Kashmiri\kashmiri12chunk(3).wav,kashmiri12chunk(3).wav,Rouf,Kashmiri,Kashmiri_12,3,A-dataset-of-Indian-Folk-Songs,source_category_proxy_mapping,proxy_label_not_manual_style_verification,3,train
dataset\indian_folk_31\raw_sources\Indian-Folk-Songs\audio chunks\Kashmiri\kashmiri12chunk(4).wav,kashmiri12chunk(4).wav,Rouf,Kashmiri,Kashmiri_12,4,A-dataset-of-Indian-Folk-Songs,source_category_proxy_mapping,proxy_label_not_manual_style_verification,3,train
dataset\indian_folk_31\raw_sources\Indian-Folk-Songs\audio chunks\Kashmiri\kashmiri12chunk(5).wav,kashmiri12chunk(5).wav,Rouf,Kashmiri,Kashmiri_12,5,A-dataset-of-Indian-Folk-Songs,source_category_proxy_mapping,proxy_label_not_manual_style_verification,3,train
dataset\indian_folk_31\raw_sources\Indian-Folk-Songs\audio chunks\Kashmiri\kashmiri14chunk(0).wav,kashmiri14chunk(0).wav,Rouf,Kashmiri,Kashmiri_14,0,A-dataset-of-Indian-Folk-Songs,source_category_proxy_mapping,proxy_label_not_manual_style_verification,3,train
dataset\indian_folk_31\raw_sources\Indian-Folk-Songs\audio chunks\Kashmiri\kashmiri14chunk(1).wav,kashmiri14chunk(1).wav,Rouf,Kashmiri,Kashmiri_14,1,A-dataset-of-Indian-Folk-Songs,source_category_proxy_mapping,proxy_label_not_manual_style_verification,3,train
dataset\indian_folk_31\raw_sources\Indian-Folk-Songs\audio chunks\Kashmiri\kashmiri14chunk(2).wav,kashmiri14chunk(2).wav,Rouf,Kashmiri,Kashmiri_14,2,A-dataset-of-Indian-Folk-Songs,source_category_proxy_mapping,proxy_label_not_manual_style_verification,3,train
dataset\indian_folk_31\raw_sources\Indian-Folk-Songs\audio chunks\Kashmiri\kashmiri14chunk(3).wav,kashmiri14chunk(3).wav,Rouf,Kashmiri,Kashmiri_14,3,A-dataset-of-Indian-Folk-Songs,source_category_proxy_mapping,proxy_label_not_manual_style_verification,3,train
dataset\indian_folk_31\raw_sources\Indian-Folk-Songs\audio chunks\Kashmiri\kashmiri14chunk(4).wav,kashmiri14chunk(4).wav,Rouf,Kashmiri,Kashmiri_14,4,A-dataset-of-Indian-Folk-Songs,source_category_proxy_mapping,proxy_label_not_manual_style_verification,3,train
dataset\indian_folk_31\raw_sources\Indian-Folk-Songs\audio chunks\Kashmiri\kashmiri14chunk(5).wav,kashmiri14chunk(5).wav,Rouf,Kashmiri,Kashmiri_14,5,A-dataset-of-Indian-Folk-Songs,source_category_proxy_mapping,proxy_label_not_manual_style_verification,3,train
dataset\indian_folk_31\raw_sources\Indian-Folk-Songs\audio chunks\Kashmiri\kashmiri15chunk(0).wav,kashmiri15chunk(0).wav,Rouf,Kashmiri,Kashmiri_15,0,A-dataset-of-Indian-Folk-Songs,source_category_proxy_mapping,proxy_label_not_manual_style_verification,3,train
dataset\indian_folk_31\raw_sources\Indian-Folk-Songs\audio chunks\Kashmiri\kashmiri15chunk(1).wav,kashmiri15chunk(1).wav,Rouf,Kashmiri,Kashmiri_15,1,A-dataset-of-Indian-Folk-Songs,source_category_proxy_mapping,proxy_label_not_manual_style_verification,3,train
dataset\indian_folk_31\raw_sources\Indian-Folk-Songs\audio chunks\Kashmiri\kashmiri15chunk(2).wav,kashmiri15chunk(2).wav,Rouf,Kashmiri,Kashmiri_15,2,A-dataset-of-Indian-Folk-Songs,source_category_proxy_mapping,proxy_label_not_manual_style_verification,3,train
dataset\indian_folk_31\raw_sources\Indian-Folk-Songs\audio chunks\Kashmiri\kashmiri15chunk(3).wav,kashmiri15chunk(3).wav,Rouf,Kashmiri,Kashmiri_15,3,A-dataset-of-Indian-Folk-Songs,source_category_proxy_mapping,proxy_label_not_manual_style_verification,3,train
dataset\indian_folk_31\raw_sources\Indian-Folk-Songs\audio chunks\Kashmiri\kashmiri15chunk(4).wav,kashmiri15chunk(4).wav,Rouf,Kashmiri,Kashmiri_15,4,A-dataset-of-Indian-Folk-Songs,source_category_proxy_mapping,proxy_label_not_manual_style_verification,3,train
dataset\indian_folk_31\raw_sources\Indian-Folk-Songs\audio chunks\Kashmiri\kashmiri15chunk(5).wav,kashmiri15chunk(5).wav,Rouf,Kashmiri,Kashmiri_15,5,A-dataset-of-Indian-Folk-Songs,source_category_proxy_mapping,proxy_label_not_manual_style_verification,3,train
dataset\indian_folk_31\raw_sources\Indian-Folk-Songs\audio chunks\Kashmiri\kashmiri16chunk(0).wav,kashmiri16chunk(0).wav,Rouf,Kashmiri,Kashmiri_16,0,A-dataset-of-Indian-Folk-Songs,source_category_proxy_mapping,proxy_label_not_manual_style_verification,3,train
dataset\indian_folk_31\raw_sources\Indian-Folk-Songs\audio chunks\Kashmiri\kashmiri16chunk(1).wav,kashmiri16chunk(1).wav,Rouf,Kashmiri,Kashmiri_16,1,A-dataset-of-Indian-Folk-Songs,source_category_proxy_mapping,proxy_label_not_manual_style_verification,3,train
dataset\indian_folk_31\raw_sources\Indian-Folk-Songs\audio chunks\Kashmiri\kashmiri16chunk(2).wav,kashmiri16chunk(2).wav,Rouf,Kashmiri,Kashmiri_16,2,A-dataset-of-Indian-Folk-Songs,source_category_proxy_mapping,proxy_label_not_manual_style_verification,3,train
dataset\indian_folk_31\raw_sources\Indian-Folk-Songs\audio chunks\Kashmiri\kashmiri16chunk(3).wav,kashmiri16chunk(3).wav,Rouf,Kashmiri,Kashmiri_16,3,A-dataset-of-Indian-Folk-Songs,source_category_proxy_mapping,proxy_label_not_manual_style_verification,3,train
dataset\indian_folk_31\raw_sources\Indian-Folk-Songs\audio chunks\Kashmiri\kashmiri16chunk(4).wav,kashmiri16chunk(4).wav,Rouf,Kashmiri,Kashmiri_16,4,A-dataset-of-Indian-Folk-Songs,source_category_proxy_mapping,proxy_label_not_manual_style_verification,3,train
dataset\indian_folk_31\raw_sources\Indian-Folk-Songs\audio chunks\Kashmiri\kashmiri16chunk(5).wav,kashmiri16chunk(5).wav,Rouf,Kashmiri,Kashmiri_16,5,A-dataset-of-Indian-Folk-Songs,source_category_proxy_mapping,proxy_label_not_manual_style_verification,3,train
dataset\indian_folk_31\raw_sources\Indian-Folk-Songs\audio chunks\Kashmiri\kashmiri17chunk(0).wav,kashmiri17chunk(0).wav,Rouf,Kashmiri,Kashmiri_17,0,A-dataset-of-Indian-Folk-Songs,source_category_proxy_mapping,proxy_label_not_manual_style_verification,3,train
dataset\indian_folk_31\raw_sources\Indian-Folk-Songs\audio chunks\Kashmiri\kashmiri17chunk(1).wav,kashmiri17chunk(1).wav,Rouf,Kashmiri,Kashmiri_17,1,A-dataset-of-Indian-Folk-Songs,source_category_proxy_mapping,proxy_label_not_manual_style_verification,3,train
dataset\indian_folk_31\raw_sources\Indian-Folk-Songs\audio chunks\Kashmiri\kashmiri17chunk(2).wav,kashmiri17chunk(2).wav,Rouf,Kashmiri,Kashmiri_17,2,A-dataset-of-Indian-Folk-Songs,source_category_proxy_mapping,proxy_label_not_manual_style_verification,3,train
dataset\indian_folk_31\raw_sources\Indian-Folk-Songs\audio chunks\Kashmiri\kashmiri17chunk(3).wav,kashmiri17chunk(3).wav,Rouf,Kashmiri,Kashmiri_17,3,A-dataset-of-Indian-Folk-Songs,source_category_proxy_mapping,proxy_label_not_manual_style_verification,3,train
dataset\indian_folk_31\raw_sources\Indian-Folk-Songs\audio chunks\Kashmiri\kashmiri17chunk(4).wav,kashmiri17chunk(4).wav,Rouf,Kashmiri,Kashmiri_17,4,A-dataset-of-Indian-Folk-Songs,source_category_proxy_mapping,proxy_label_not_manual_style_verification,3,train
dataset\indian_folk_31\raw_sources\Indian-Folk-Songs\audio chunks\Kashmiri\kashmiri17chunk(5).wav,kashmiri17chunk(5).wav,Rouf,Kashmiri,Kashmiri_17,5,A-dataset-of-Indian-Folk-Songs,source_category_proxy_mapping,proxy_label_not_manual_style_verification,3,train
dataset\indian_folk_31\raw_sources\Indian-Folk-Songs\audio chunks\Kashmiri\kashmiri18chunk(0).wav,kashmiri18chunk(0).wav,Rouf,Kashmiri,Kashmiri_18,0,A-dataset-of-Indian-Folk-Songs,source_category_proxy_mapping,proxy_label_not_manual_style_verification,3,train
dataset\indian_folk_31\raw_sources\Indian-Folk-Songs\audio chunks\Kashmiri\kashmiri18chunk(1).wav,kashmiri18chunk(1).wav,Rouf,Kashmiri,Kashmiri_18,1,A-dataset-of-Indian-Folk-Songs,source_category_proxy_mapping,proxy_label_not_manual_style_verification,3,train
dataset\indian_folk_31\raw_sources\Indian-Folk-Songs\audio chunks\Kashmiri\kashmiri18chunk(2).wav,kashmiri18chunk(2).wav,Rouf,Kashmiri,Kashmiri_18,2,A-dataset-of-Indian-Folk-Songs,source_category_proxy_mapping,proxy_label_not_manual_style_verification,3,train
dataset\indian_folk_31\raw_sources\Indian-Folk-Songs\audio chunks\Kashmiri\kashmiri18chunk(3).wav,kashmiri18chunk(3).wav,Rouf,Kashmiri,Kashmiri_18,3,A-dataset-of-Indian-Folk-Songs,source_category_proxy_mapping,proxy_label_not_manual_style_verification,3,train
dataset\indian_folk_31\raw_sources\Indian-Folk-Songs\audio chunks\Kashmiri\kashmiri18chunk(4).wav,kashmiri18chunk(4).wav,Rouf,Kashmiri,Kashmiri_18,4,A-dataset-of-Indian-Folk-Songs,source_category_proxy_mapping,proxy_label_not_manual_style_verification,3,train
dataset\indian_folk_31\raw_sources\Indian-Folk-Songs\audio chunks\Kashmiri\kashmiri18chunk(5).wav,kashmiri18chunk(5).wav,Rouf,Kashmiri,Kashmiri_18,5,A-dataset-of-Indian-Folk-Songs,source_category_proxy_mapping,proxy_label_not_manual_style_verification,3,train
dataset\indian_folk_31\raw_sources\Indian-Folk-Songs\audio chunks\Kashmiri\kashmiri19chunk(0).wav,kashmiri19chunk(0).wav,Rouf,Kashmiri,Kashmiri_19,0,A-dataset-of-Indian-Folk-Songs,source_category_proxy_mapping,proxy_label_not_manual_style_verification,3,train
dataset\indian_folk_31\raw_sources\Indian-Folk-Songs\audio chunks\Kashmiri\kashmiri19chunk(1).wav,kashmiri19chunk(1).wav,Rouf,Kashmiri,Kashmiri_19,1,A-dataset-of-Indian-Folk-Songs,source_category_proxy_mapping,proxy_label_not_manual_style_verification,3,train
dataset\indian_folk_31\raw_sources\Indian-Folk-Songs\audio chunks\Kashmiri\kashmiri19chunk(2).wav,kashmiri19chunk(2).wav,Rouf,Kashmiri,Kashmiri_19,2,A-dataset-of-Indian-Folk-Songs,source_category_proxy_mapping,proxy_label_not_manual_style_verification,3,train
dataset\indian_folk_31\raw_sources\Indian-Folk-Songs\audio chunks\Kashmiri\kashmiri19chunk(3).wav,kashmiri19chunk(3).wav,Rouf,Kashmiri,Kashmiri_19,3,A-dataset-of-Indian-Folk-Songs,source_category_proxy_mapping,proxy_label_not_manual_style_verification,3,train
dataset\indian_folk_31\raw_sources\Indian-Folk-Songs\audio chunks\Kashmiri\kashmiri19chunk(4).wav,kashmiri19chunk(4).wav,Rouf,Kashmiri,Kashmiri_19,4,A-dataset-of-Indian-Folk-Songs,source_category_proxy_mapping,proxy_label_not_manual_style_verification,3,train
dataset\indian_folk_31\raw_sources\Indian-Folk-Songs\audio chunks\Kashmiri\kashmiri19chunk(5).wav,kashmiri19chunk(5).wav,Rouf,Kashmiri,Kashmiri_19,5,A-dataset-of-Indian-Folk-Songs,source_category_proxy_mapping,proxy_label_not_manual_style_verification,3,train
dataset\indian_folk_31\raw_sources\Indian-Folk-Songs\audio chunks\Kashmiri\kashmiri20chunk(0).wav,kashmiri20chunk(0).wav,Rouf,Kashmiri,Kashmiri_20,0,A-dataset-of-Indian-Folk-Songs,source_category_proxy_mapping,proxy_label_not_manual_style_verification,3,train
dataset\indian_folk_31\raw_sources\Indian-Folk-Songs\audio chunks\Kashmiri\kashmiri20chunk(1).wav,kashmiri20chunk(1).wav,Rouf,Kashmiri,Kashmiri_20,1,A-dataset-of-Indian-Folk-Songs,source_category_proxy_mapping,proxy_label_not_manual_style_verification,3,train
dataset\indian_folk_31\raw_sources\Indian-Folk-Songs\audio chunks\Kashmiri\kashmiri20chunk(2).wav,kashmiri20chunk(2).wav,Rouf,Kashmiri,Kashmiri_20,2,A-dataset-of-Indian-Folk-Songs,source_category_proxy_mapping,proxy_label_not_manual_style_verification,3,train
dataset\indian_folk_31\raw_sources\Indian-Folk-Songs\audio chunks\Kashmiri\kashmiri20chunk(3).wav,kashmiri20chunk(3).wav,Rouf,Kashmiri,Kashmiri_20,3,A-dataset-of-Indian-Folk-Songs,source_category_proxy_mapping,proxy_label_not_manual_style_verification,3,train
dataset\indian_folk_31\raw_sources\Indian-Folk-Songs\audio chunks\Kashmiri\kashmiri20chunk(4).wav,kashmiri20chunk(4).wav,Rouf,Kashmiri,Kashmiri_20,4,A-dataset-of-Indian-Folk-Songs,source_category_proxy_mapping,proxy_label_not_manual_style_verification,3,train
dataset\indian_folk_31\raw_sources\Indian-Folk-Songs\audio chunks\Kashmiri\kashmiri20chunk(5).wav,kashmiri20chunk(5).wav,Rouf,Kashmiri,Kashmiri_20,5,A-dataset-of-Indian-Folk-Songs,source_category_proxy_mapping,proxy_label_not_manual_style_verification,3,train
dataset\indian_folk_31\raw_sources\Indian-Folk-Songs\audio chunks\Kashmiri\kashmiri21chunk(0).wav,kashmiri21chunk(0).wav,Rouf,Kashmiri,Kashmiri_21,0,A-dataset-of-Indian-Folk-Songs,source_category_proxy_mapping,proxy_label_not_manual_style_verification,3,train
dataset\indian_folk_31\raw_sources\Indian-Folk-Songs\audio chunks\Kashmiri\kashmiri21chunk(1).wav,kashmiri21chunk(1).wav,Rouf,Kashmiri,Kashmiri_21,1,A-dataset-of-Indian-Folk-Songs,source_category_proxy_mapping,proxy_label_not_manual_style_verification,3,train
dataset\indian_folk_31\raw_sources\Indian-Folk-Songs\audio chunks\Kashmiri\kashmiri21chunk(2).wav,kashmiri21chunk(2).wav,Rouf,Kashmiri,Kashmiri_21,2,A-dataset-of-Indian-Folk-Songs,source_category_proxy_mapping,proxy_label_not_manual_style_verification,3,train
dataset\indian_folk_31\raw_sources\Indian-Folk-Songs\audio chunks\Kashmiri\kashmiri21chunk(3).wav,kashmiri21chunk(3).wav,Rouf,Kashmiri,Kashmiri_21,3,A-dataset-of-Indian-Folk-Songs,source_category_proxy_mapping,proxy_label_not_manual_style_verification,3,train
dataset\indian_folk_31\raw_sources\Indian-Folk-Songs\audio chunks\Kashmiri\kashmiri21chunk(4).wav,kashmiri21chunk(4).wav,Rouf,Kashmiri,Kashmiri_21,4,A-dataset-of-Indian-Folk-Songs,source_category_proxy_mapping,proxy_label_not_manual_style_verification,3,train
dataset\indian_folk_31\raw_sources\Indian-Folk-Songs\audio chunks\Kashmiri\kashmiri21chunk(5).wav,kashmiri21chunk(5).wav,Rouf,Kashmiri,Kashmiri_21,5,A-dataset-of-Indian-Folk-Songs,source_category_proxy_mapping,proxy_label_not_manual_style_verification,3,train
dataset\indian_folk_31\raw_sources\Indian-Folk-Songs\audio chunks\Kashmiri\kashmiri23chunk(0).wav,kashmiri23chunk(0).wav,Rouf,Kashmiri,Kashmiri_23,0,A-dataset-of-Indian-Folk-Songs,source_category_proxy_mapping,proxy_label_not_manual_style_verification,3,train
dataset\indian_folk_31\raw_sources\Indian-Folk-Songs\audio chunks\Kashmiri\kashmiri23chunk(1).wav,kashmiri23chunk(1).wav,Rouf,Kashmiri,Kashmiri_23,1,A-dataset-of-Indian-Folk-Songs,source_category_proxy_mapping,proxy_label_not_manual_style_verification,3,train
dataset\indian_folk_31\raw_sources\Indian-Folk-Songs\audio chunks\Kashmiri\kashmiri23chunk(2).wav,kashmiri23chunk(2).wav,Rouf,Kashmiri,Kashmiri_23,2,A-dataset-of-Indian-Folk-Songs,source_category_proxy_mapping,proxy_label_not_manual_style_verification,3,train
dataset\indian_folk_31\raw_sources\Indian-Folk-Songs\audio chunks\Kashmiri\kashmiri23chunk(3).wav,kashmiri23chunk(3).wav,Rouf,Kashmiri,Kashmiri_23,3,A-dataset-of-Indian-Folk-Songs,source_category_proxy_mapping,proxy_label_not_manual_style_verification,3,train
dataset\indian_folk_31\raw_sources\Indian-Folk-Songs\audio chunks\Kashmiri\kashmiri23chunk(4).wav,kashmiri23chunk(4).wav,Rouf,Kashmiri,Kashmiri_23,4,A-dataset-of-Indian-Folk-Songs,source_category_proxy_mapping,proxy_label_not_manual_style_verification,3,train
dataset\indian_folk_31\raw_sources\Indian-Folk-Songs\audio chunks\Kashmiri\kashmiri23chunk(5).wav,kashmiri23chunk(5).wav,Rouf,Kashmiri,Kashmiri_23,5,A-dataset-of-Indian-Folk-Songs,source_category_proxy_mapping,proxy_label_not_manual_style_verification,3,train
dataset\indian_folk_31\raw_sources\Indian-Folk-Songs\audio chunks\Kashmiri\kashmiri25chunk(0).wav,kashmiri25chunk(0).wav,Rouf,Kashmiri,Kashmiri_25,0,A-dataset-of-Indian-Folk-Songs,source_category_proxy_mapping,proxy_label_not_manual_style_verification,3,train
dataset\indian_folk_31\raw_sources\Indian-Folk-Songs\audio chunks\Kashmiri\kashmiri25chunk(1).wav,kashmiri25chunk(1).wav,Rouf,Kashmiri,Kashmiri_25,1,A-dataset-of-Indian-Folk-Songs,source_category_proxy_mapping,proxy_label_not_manual_style_verification,3,train
dataset\indian_folk_31\raw_sources\Indian-Folk-Songs\audio chunks\Kashmiri\kashmiri25chunk(2).wav,kashmiri25chunk(2).wav,Rouf,Kashmiri,Kashmiri_25,2,A-dataset-of-Indian-Folk-Songs,source_category_proxy_mapping,proxy_label_not_manual_style_verification,3,train
dataset\indian_folk_31\raw_sources\Indian-Folk-Songs\audio chunks\Kashmiri\kashmiri25chunk(3).wav,kashmiri25chunk(3).wav,Rouf,Kashmiri,Kashmiri_25,3,A-dataset-of-Indian-Folk-Songs,source_category_proxy_mapping,proxy_label_not_manual_style_verification,3,train
dataset\indian_folk_31\raw_sources\Indian-Folk-Songs\audio chunks\Kashmiri\kashmiri25chunk(4).wav,kashmiri25chunk(4).wav,Rouf,Kashmiri,Kashmiri_25,4,A-dataset-of-Indian-Folk-Songs,source_category_proxy_mapping,proxy_label_not_manual_style_verification,3,train
dataset\indian_folk_31\raw_sources\Indian-Folk-Songs\audio chunks\Kashmiri\kashmiri25chunk(5).wav,kashmiri25chunk(5).wav,Rouf,Kashmiri,Kashmiri_25,5,A-dataset-of-Indian-Folk-Songs,source_category_proxy_mapping,proxy_label_not_manual_style_verification,3,train
dataset\indian_folk_31\raw_sources\Indian-Folk-Songs\audio chunks\Kashmiri\kashmiri26chunk(0).wav,kashmiri26chunk(0).wav,Rouf,Kashmiri,Kashmiri_26,0,A-dataset-of-Indian-Folk-Songs,source_category_proxy_mapping,proxy_label_not_manual_style_verification,3,train
dataset\indian_folk_31\raw_sources\Indian-Folk-Songs\audio chunks\Kashmiri\kashmiri26chunk(1).wav,kashmiri26chunk(1).wav,Rouf,Kashmiri,Kashmiri_26,1,A-dataset-of-Indian-Folk-Songs,source_category_proxy_mapping,proxy_label_not_manual_style_verification,3,train
dataset\indian_folk_31\raw_sources\Indian-Folk-Songs\audio chunks\Kashmiri\kashmiri26chunk(2).wav,kashmiri26chunk(2).wav,Rouf,Kashmiri,Kashmiri_26,2,A-dataset-of-Indian-Folk-Songs,source_category_proxy_mapping,proxy_label_not_manual_style_verification,3,train
dataset\indian_folk_31\raw_sources\Indian-Folk-Songs\audio chunks\Kashmiri\kashmiri26chunk(3).wav,kashmiri26chunk(3).wav,Rouf,Kashmiri,Kashmiri_26,3,A-dataset-of-Indian-Folk-Songs,source_category_proxy_mapping,proxy_label_not_manual_style_verification,3,train
dataset\indian_folk_31\raw_sources\Indian-Folk-Songs\audio chunks\Kashmiri\kashmiri26chunk(4).wav,kashmiri26chunk(4).wav,Rouf,Kashmiri,Kashmiri_26,4,A-dataset-of-Indian-Folk-Songs,source_category_proxy_mapping,proxy_label_not_manual_style_verification,3,train
dataset\indian_folk_31\raw_sources\Indian-Folk-Songs\audio chunks\Kashmiri\kashmiri26chunk(5).wav,kashmiri26chunk(5).wav,Rouf,Kashmiri,Kashmiri_26,5,A-dataset-of-Indian-Folk-Songs,source_category_proxy_mapping,proxy_label_not_manual_style_verification,3,train
dataset\indian_folk_31\raw_sources\Indian-Folk-Songs\audio chunks\Kashmiri\kashmiri27chunk(0).wav,kashmiri27chunk(0).wav,Rouf,Kashmiri,Kashmiri_27,0,A-dataset-of-Indian-Folk-Songs,source_category_proxy_mapping,proxy_label_not_manual_style_verification,3,train
dataset\indian_folk_31\raw_sources\Indian-Folk-Songs\audio chunks\Kashmiri\kashmiri27chunk(1).wav,kashmiri27chunk(1).wav,Rouf,Kashmiri,Kashmiri_27,1,A-dataset-of-Indian-Folk-Songs,source_category_proxy_mapping,proxy_label_not_manual_style_verification,3,train
dataset\indian_folk_31\raw_sources\Indian-Folk-Songs\audio chunks\Kashmiri\kashmiri27chunk(2).wav,kashmiri27chunk(2).wav,Rouf,Kashmiri,Kashmiri_27,2,A-dataset-of-Indian-Folk-Songs,source_category_proxy_mapping,proxy_label_not_manual_style_verification,3,train
dataset\indian_folk_31\raw_sources\Indian-Folk-Songs\audio chunks\Kashmiri\kashmiri27chunk(3).wav,kashmiri27chunk(3).wav,Rouf,Kashmiri,Kashmiri_27,3,A-dataset-of-Indian-Folk-Songs,source_category_proxy_mapping,proxy_label_not_manual_style_verification,3,train
dataset\indian_folk_31\raw_sources\Indian-Folk-Songs\audio chunks\Kashmiri\kashmiri27chunk(4).wav,kashmiri27chunk(4).wav,Rouf,Kashmiri,Kashmiri_27,4,A-dataset-of-Indian-Folk-Songs,source_category_proxy_mapping,proxy_label_not_manual_style_verification,3,train
dataset\indian_folk_31\raw_sources\Indian-Folk-Songs\audio chunks\Kashmiri\kashmiri27chunk(5).wav,kashmiri27chunk(5).wav,Rouf,Kashmiri,Kashmiri_27,5,A-dataset-of-Indian-Folk-Songs,source_category_proxy_mapping,proxy_label_not_manual_style_verification,3,train
dataset\indian_folk_31\raw_sources\Indian-Folk-Songs\audio chunks\Kashmiri\kashmiri28chunk(0).wav,kashmiri28chunk(0).wav,Rouf,Kashmiri,Kashmiri_28,0,A-dataset-of-Indian-Folk-Songs,source_category_proxy_mapping,proxy_label_not_manual_style_verification,3,train
dataset\indian_folk_31\raw_sources\Indian-Folk-Songs\audio chunks\Kashmiri\kashmiri28chunk(1).wav,kashmiri28chunk(1).wav,Rouf,Kashmiri,Kashmiri_28,1,A-dataset-of-Indian-Folk-Songs,source_category_proxy_mapping,proxy_label_not_manual_style_verification,3,train
dataset\indian_folk_31\raw_sources\Indian-Folk-Songs\audio chunks\Kashmiri\kashmiri28chunk(2).wav,kashmiri28chunk(2).wav,Rouf,Kashmiri,Kashmiri_28,2,A-dataset-of-Indian-Folk-Songs,source_category_proxy_mapping,proxy_label_not_manual_style_verification,3,train
dataset\indian_folk_31\raw_sources\Indian-Folk-Songs\audio chunks\Kashmiri\kashmiri28chunk(3).wav,kashmiri28chunk(3).wav,Rouf,Kashmiri,Kashmiri_28,3,A-dataset-of-Indian-Folk-Songs,source_category_proxy_mapping,proxy_label_not_manual_style_verification,3,train
dataset\indian_folk_31\raw_sources\Indian-Folk-Songs\audio chunks\Kashmiri\kashmiri28chunk(4).wav,kashmiri28chunk(4).wav,Rouf,Kashmiri,Kashmiri_28,4,A-dataset-of-Indian-Folk-Songs,source_category_proxy_mapping,proxy_label_not_manual_style_verification,3,train
dataset\indian_folk_31\raw_sources\Indian-Folk-Songs\audio chunks\Kashmiri\kashmiri28chunk(5).wav,kashmiri28chunk(5).wav,Rouf,Kashmiri,Kashmiri_28,5,A-dataset-of-Indian-Folk-Songs,source_category_proxy_mapping,proxy_label_not_manual_style_verification,3,train
dataset\indian_folk_31\raw_sources\Indian-Folk-Songs\audio chunks\Kashmiri\kashmiri29chunk(0).wav,kashmiri29chunk(0).wav,Rouf,Kashmiri,Kashmiri_29,0,A-dataset-of-Indian-Folk-Songs,source_category_proxy_mapping,proxy_label_not_manual_style_verification,3,train
dataset\indian_folk_31\raw_sources\Indian-Folk-Songs\audio chunks\Kashmiri\kashmiri29chunk(1).wav,kashmiri29chunk(1).wav,Rouf,Kashmiri,Kashmiri_29,1,A-dataset-of-Indian-Folk-Songs,source_category_proxy_mapping,proxy_label_not_manual_style_verification,3,train
dataset\indian_folk_31\raw_sources\Indian-Folk-Songs\audio chunks\Kashmiri\kashmiri29chunk(10).wav,kashmiri29chunk(10).wav,Rouf,Kashmiri,Kashmiri_29,10,A-dataset-of-Indian-Folk-Songs,source_category_proxy_mapping,proxy_label_not_manual_style_verification,3,train
dataset\indian_folk_31\raw_sources\Indian-Folk-Songs\audio chunks\Kashmiri\kashmiri29chunk(11).wav,kashmiri29chunk(11).wav,Rouf,Kashmiri,Kashmiri_29,11,A-dataset-of-Indian-Folk-Songs,source_category_proxy_mapping,proxy_label_not_manual_style_verification,3,train
dataset\indian_folk_31\raw_sources\Indian-Folk-Songs\audio chunks\Kashmiri\kashmiri29chunk(12).wav,kashmiri29chunk(12).wav,Rouf,Kashmiri,Kashmiri_29,12,A-dataset-of-Indian-Folk-Songs,source_category_proxy_mapping,proxy_label_not_manual_style_verification,3,train
dataset\indian_folk_31\raw_sources\Indian-Folk-Songs\audio chunks\Kashmiri\kashmiri29chunk(2).wav,kashmiri29chunk(2).wav,Rouf,Kashmiri,Kashmiri_29,2,A-dataset-of-Indian-Folk-Songs,source_category_proxy_mapping,proxy_label_not_manual_style_verification,3,train
dataset\indian_folk_31\raw_sources\Indian-Folk-Songs\audio chunks\Kashmiri\kashmiri29chunk(3).wav,kashmiri29chunk(3).wav,Rouf,Kashmiri,Kashmiri_29,3,A-dataset-of-Indian-Folk-Songs,source_category_proxy_mapping,proxy_label_not_manual_style_verification,3,train
dataset\indian_folk_31\raw_sources\Indian-Folk-Songs\audio chunks\Kashmiri\kashmiri29chunk(4).wav,kashmiri29chunk(4).wav,Rouf,Kashmiri,Kashmiri_29,4,A-dataset-of-Indian-Folk-Songs,source_category_proxy_mapping,proxy_label_not_manual_style_verification,3,train
dataset\indian_folk_31\raw_sources\Indian-Folk-Songs\audio chunks\Kashmiri\kashmiri29chunk(5).wav,kashmiri29chunk(5).wav,Rouf,Kashmiri,Kashmiri_29,5,A-dataset-of-Indian-Folk-Songs,source_category_proxy_mapping,proxy_label_not_manual_style_verification,3,train
dataset\indian_folk_31\raw_sources\Indian-Folk-Songs\audio chunks\Kashmiri\kashmiri29chunk(6).wav,kashmiri29chunk(6).wav,Rouf,Kashmiri,Kashmiri_29,6,A-dataset-of-Indian-Folk-Songs,source_category_proxy_mapping,proxy_label_not_manual_style_verification,3,train
dataset\indian_folk_31\raw_sources\Indian-Folk-Songs\audio chunks\Kashmiri\kashmiri29chunk(7).wav,kashmiri29chunk(7).wav,Rouf,Kashmiri,Kashmiri_29,7,A-dataset-of-Indian-Folk-Songs,source_category_proxy_mapping,proxy_label_not_manual_style_verification,3,train
dataset\indian_folk_31\raw_sources\Indian-Folk-Songs\audio chunks\Kashmiri\kashmiri29chunk(8).wav,kashmiri29chunk(8).wav,Rouf,Kashmiri,Kashmiri_29,8,A-dataset-of-Indian-Folk-Songs,source_category_proxy_mapping,proxy_label_not_manual_style_verification,3,train
dataset\indian_folk_31\raw_sources\Indian-Folk-Songs\audio chunks\Kashmiri\kashmiri29chunk(9).wav,kashmiri29chunk(9).wav,Rouf,Kashmiri,Kashmiri_29,9,A-dataset-of-Indian-Folk-Songs,source_category_proxy_mapping,proxy_label_not_manual_style_verification,3,train
dataset\indian_folk_31\raw_sources\Indian-Folk-Songs\audio chunks\Kashmiri\kashmiri3chunk(0).wav,kashmiri3chunk(0).wav,Rouf,Kashmiri,Kashmiri_3,0,A-dataset-of-Indian-Folk-Songs,source_category_proxy_mapping,proxy_label_not_manual_style_verification,3,train
dataset\indian_folk_31\raw_sources\Indian-Folk-Songs\audio chunks\Kashmiri\kashmiri3chunk(1).wav,kashmiri3chunk(1).wav,Rouf,Kashmiri,Kashmiri_3,1,A-dataset-of-Indian-Folk-Songs,source_category_proxy_mapping,proxy_label_not_manual_style_verification,3,train
dataset\indian_folk_31\raw_sources\Indian-Folk-Songs\audio chunks\Kashmiri\kashmiri3chunk(2).wav,kashmiri3chunk(2).wav,Rouf,Kashmiri,Kashmiri_3,2,A-dataset-of-Indian-Folk-Songs,source_category_proxy_mapping,proxy_label_not_manual_style_verification,3,train
dataset\indian_folk_31\raw_sources\Indian-Folk-Songs\audio chunks\Kashmiri\kashmiri3chunk(3).wav,kashmiri3chunk(3).wav,Rouf,Kashmiri,Kashmiri_3,3,A-dataset-of-Indian-Folk-Songs,source_category_proxy_mapping,proxy_label_not_manual_style_verification,3,train
dataset\indian_folk_31\raw_sources\Indian-Folk-Songs\audio chunks\Kashmiri\kashmiri3chunk(4).wav,kashmiri3chunk(4).wav,Rouf,Kashmiri,Kashmiri_3,4,A-dataset-of-Indian-Folk-Songs,source_category_proxy_mapping,proxy_label_not_manual_style_verification,3,train
dataset\indian_folk_31\raw_sources\Indian-Folk-Songs\audio chunks\Kashmiri\kashmiri3chunk(5).wav,kashmiri3chunk(5).wav,Rouf,Kashmiri,Kashmiri_3,5,A-dataset-of-Indian-Folk-Songs,source_category_proxy_mapping,proxy_label_not_manual_style_verification,3,train
dataset\indian_folk_31\raw_sources\Indian-Folk-Songs\audio chunks\Kashmiri\kashmiri31chunk(0).wav,kashmiri31chunk(0).wav,Rouf,Kashmiri,Kashmiri_31,0,A-dataset-of-Indian-Folk-Songs,source_category_proxy_mapping,proxy_label_not_manual_style_verification,3,train
dataset\indian_folk_31\raw_sources\Indian-Folk-Songs\audio chunks\Kashmiri\kashmiri31chunk(1).wav,kashmiri31chunk(1).wav,Rouf,Kashmiri,Kashmiri_31,1,A-dataset-of-Indian-Folk-Songs,source_category_proxy_mapping,proxy_label_not_manual_style_verification,3,train
dataset\indian_folk_31\raw_sources\Indian-Folk-Songs\audio chunks\Kashmiri\kashmiri31chunk(2).wav,kashmiri31chunk(2).wav,Rouf,Kashmiri,Kashmiri_31,2,A-dataset-of-Indian-Folk-Songs,source_category_proxy_mapping,proxy_label_not_manual_style_verification,3,train
dataset\indian_folk_31\raw_sources\Indian-Folk-Songs\audio chunks\Kashmiri\kashmiri31chunk(3).wav,kashmiri31chunk(3).wav,Rouf,Kashmiri,Kashmiri_31,3,A-dataset-of-Indian-Folk-Songs,source_category_proxy_mapping,proxy_label_not_manual_style_verification,3,train
dataset\indian_folk_31\raw_sources\Indian-Folk-Songs\audio chunks\Kashmiri\kashmiri31chunk(4).wav,kashmiri31chunk(4).wav,Rouf,Kashmiri,Kashmiri_31,4,A-dataset-of-Indian-Folk-Songs,source_category_proxy_mapping,proxy_label_not_manual_style_verification,3,train
dataset\indian_folk_31\raw_sources\Indian-Folk-Songs\audio chunks\Kashmiri\kashmiri31chunk(5).wav,kashmiri31chunk(5).wav,Rouf,Kashmiri,Kashmiri_31,5,A-dataset-of-Indian-Folk-Songs,source_category_proxy_mapping,proxy_label_not_manual_style_verification,3,train
dataset\indian_folk_31\raw_sources\Indian-Folk-Songs\audio chunks\Kashmiri\kashmiri32chunk(0).wav,kashmiri32chunk(0).wav,Rouf,Kashmiri,Kashmiri_32,0,A-dataset-of-Indian-Folk-Songs,source_category_proxy_mapping,proxy_label_not_manual_style_verification,3,train
dataset\indian_folk_31\raw_sources\Indian-Folk-Songs\audio chunks\Kashmiri\kashmiri32chunk(1).wav,kashmiri32chunk(1).wav,Rouf,Kashmiri,Kashmiri_32,1,A-dataset-of-Indian-Folk-Songs,source_category_proxy_mapping,proxy_label_not_manual_style_verification,3,train
dataset\indian_folk_31\raw_sources\Indian-Folk-Songs\audio chunks\Kashmiri\kashmiri32chunk(2).wav,kashmiri32chunk(2).wav,Rouf,Kashmiri,Kashmiri_32,2,A-dataset-of-Indian-Folk-Songs,source_category_proxy_mapping,proxy_label_not_manual_style_verification,3,train
dataset\indian_folk_31\raw_sources\Indian-Folk-Songs\audio chunks\Kashmiri\kashmiri32chunk(3).wav,kashmiri32chunk(3).wav,Rouf,Kashmiri,Kashmiri_32,3,A-dataset-of-Indian-Folk-Songs,source_category_proxy_mapping,proxy_label_not_manual_style_verification,3,train
dataset\indian_folk_31\raw_sources\Indian-Folk-Songs\audio chunks\Kashmiri\kashmiri32chunk(4).wav,kashmiri32chunk(4).wav,Rouf,Kashmiri,Kashmiri_32,4,A-dataset-of-Indian-Folk-Songs,source_category_proxy_mapping,proxy_label_not_manual_style_verification,3,train
dataset\indian_folk_31\raw_sources\Indian-Folk-Songs\audio chunks\Kashmiri\kashmiri32chunk(5).wav,kashmiri32chunk(5).wav,Rouf,Kashmiri,Kashmiri_32,5,A-dataset-of-Indian-Folk-Songs,source_category_proxy_mapping,proxy_label_not_manual_style_verification,3,train
dataset\indian_folk_31\raw_sources\Indian-Folk-Songs\audio chunks\Kashmiri\kashmiri33chunk(0).wav,kashmiri33chunk(0).wav,Rouf,Kashmiri,Kashmiri_33,0,A-dataset-of-Indian-Folk-Songs,source_category_proxy_mapping,proxy_label_not_manual_style_verification,3,train
dataset\indian_folk_31\raw_sources\Indian-Folk-Songs\audio chunks\Kashmiri\kashmiri33chunk(1).wav,kashmiri33chunk(1).wav,Rouf,Kashmiri,Kashmiri_33,1,A-dataset-of-Indian-Folk-Songs,source_category_proxy_mapping,proxy_label_not_manual_style_verification,3,train
dataset\indian_folk_31\raw_sources\Indian-Folk-Songs\audio chunks\Kashmiri\kashmiri33chunk(2).wav,kashmiri33chunk(2).wav,Rouf,Kashmiri,Kashmiri_33,2,A-dataset-of-Indian-Folk-Songs,source_category_proxy_mapping,proxy_label_not_manual_style_verification,3,train
dataset\indian_folk_31\raw_sources\Indian-Folk-Songs\audio chunks\Kashmiri\kashmiri33chunk(3).wav,kashmiri33chunk(3).wav,Rouf,Kashmiri,Kashmiri_33,3,A-dataset-of-Indian-Folk-Songs,source_category_proxy_mapping,proxy_label_not_manual_style_verification,3,train
dataset\indian_folk_31\raw_sources\Indian-Folk-Songs\audio chunks\Kashmiri\kashmiri33chunk(4).wav,kashmiri33chunk(4).wav,Rouf,Kashmiri,Kashmiri_33,4,A-dataset-of-Indian-Folk-Songs,source_category_proxy_mapping,proxy_label_not_manual_style_verification,3,train
dataset\indian_folk_31\raw_sources\Indian-Folk-Songs\audio chunks\Kashmiri\kashmiri33chunk(5).wav,kashmiri33chunk(5).wav,Rouf,Kashmiri,Kashmiri_33,5,A-dataset-of-Indian-Folk-Songs,source_category_proxy_mapping,proxy_label_not_manual_style_verification,3,train
dataset\indian_folk_31\raw_sources\Indian-Folk-Songs\audio chunks\Kashmiri\kashmiri34chunk(0).wav,kashmiri34chunk(0).wav,Rouf,Kashmiri,Kashmiri_34,0,A-dataset-of-Indian-Folk-Songs,source_category_proxy_mapping,proxy_label_not_manual_style_verification,3,train
dataset\indian_folk_31\raw_sources\Indian-Folk-Songs\audio chunks\Kashmiri\kashmiri34chunk(1).wav,kashmiri34chunk(1).wav,Rouf,Kashmiri,Kashmiri_34,1,A-dataset-of-Indian-Folk-Songs,source_category_proxy_mapping,proxy_label_not_manual_style_verification,3,train
dataset\indian_folk_31\raw_sources\Indian-Folk-Songs\audio chunks\Kashmiri\kashmiri34chunk(2).wav,kashmiri34chunk(2).wav,Rouf,Kashmiri,Kashmiri_34,2,A-dataset-of-Indian-Folk-Songs,source_category_proxy_mapping,proxy_label_not_manual_style_verification,3,train
dataset\indian_folk_31\raw_sources\Indian-Folk-Songs\audio chunks\Kashmiri\kashmiri34chunk(3).wav,kashmiri34chunk(3).wav,Rouf,Kashmiri,Kashmiri_34,3,A-dataset-of-Indian-Folk-Songs,source_category_proxy_mapping,proxy_label_not_manual_style_verification,3,train
dataset\indian_folk_31\raw_sources\Indian-Folk-Songs\audio chunks\Kashmiri\kashmiri34chunk(4).wav,kashmiri34chunk(4).wav,Rouf,Kashmiri,Kashmiri_34,4,A-dataset-of-Indian-Folk-Songs,source_category_proxy_mapping,proxy_label_not_manual_style_verification,3,train
dataset\indian_folk_31\raw_sources\Indian-Folk-Songs\audio chunks\Kashmiri\kashmiri34chunk(5).wav,kashmiri34chunk(5).wav,Rouf,Kashmiri,Kashmiri_34,5,A-dataset-of-Indian-Folk-Songs,source_category_proxy_mapping,proxy_label_not_manual_style_verification,3,train
dataset\indian_folk_31\raw_sources\Indian-Folk-Songs\audio chunks\Kashmiri\kashmiri35chunk(0).wav,kashmiri35chunk(0).wav,Rouf,Kashmiri,Kashmiri_35,0,A-dataset-of-Indian-Folk-Songs,source_category_proxy_mapping,proxy_label_not_manual_style_verification,3,train
dataset\indian_folk_31\raw_sources\Indian-Folk-Songs\audio chunks\Kashmiri\kashmiri35chunk(1).wav,kashmiri35chunk(1).wav,Rouf,Kashmiri,Kashmiri_35,1,A-dataset-of-Indian-Folk-Songs,source_category_proxy_mapping,proxy_label_not_manual_style_verification,3,train
dataset\indian_folk_31\raw_sources\Indian-Folk-Songs\audio chunks\Kashmiri\kashmiri35chunk(2).wav,kashmiri35chunk(2).wav,Rouf,Kashmiri,Kashmiri_35,2,A-dataset-of-Indian-Folk-Songs,source_category_proxy_mapping,proxy_label_not_manual_style_verification,3,train
dataset\indian_folk_31\raw_sources\Indian-Folk-Songs\audio chunks\Kashmiri\kashmiri35chunk(3).wav,kashmiri35chunk(3).wav,Rouf,Kashmiri,Kashmiri_35,3,A-dataset-of-Indian-Folk-Songs,source_category_proxy_mapping,proxy_label_not_manual_style_verification,3,train
dataset\indian_folk_31\raw_sources\Indian-Folk-Songs\audio chunks\Kashmiri\kashmiri35chunk(4).wav,kashmiri35chunk(4).wav,Rouf,Kashmiri,Kashmiri_35,4,A-dataset-of-Indian-Folk-Songs,source_category_proxy_mapping,proxy_label_not_manual_style_verification,3,train
dataset\indian_folk_31\raw_sources\Indian-Folk-Songs\audio chunks\Kashmiri\kashmiri35chunk(5).wav,kashmiri35chunk(5).wav,Rouf,Kashmiri,Kashmiri_35,5,A-dataset-of-Indian-Folk-Songs,source_category_proxy_mapping,proxy_label_not_manual_style_verification,3,train
dataset\indian_folk_31\raw_sources\Indian-Folk-Songs\audio chunks\Kashmiri\kashmiri36chunk(0).wav,kashmiri36chunk(0).wav,Rouf,Kashmiri,Kashmiri_36,0,A-dataset-of-Indian-Folk-Songs,source_category_proxy_mapping,proxy_label_not_manual_style_verification,3,train
dataset\indian_folk_31\raw_sources\Indian-Folk-Songs\audio chunks\Kashmiri\kashmiri36chunk(1).wav,kashmiri36chunk(1).wav,Rouf,Kashmiri,Kashmiri_36,1,A-dataset-of-Indian-Folk-Songs,source_category_proxy_mapping,proxy_label_not_manual_style_verification,3,train
dataset\indian_folk_31\raw_sources\Indian-Folk-Songs\audio chunks\Kashmiri\kashmiri36chunk(2).wav,kashmiri36chunk(2).wav,Rouf,Kashmiri,Kashmiri_36,2,A-dataset-of-Indian-Folk-Songs,source_category_proxy_mapping,proxy_label_not_manual_style_verification,3,train
dataset\indian_folk_31\raw_sources\Indian-Folk-Songs\audio chunks\Kashmiri\kashmiri36chunk(3).wav,kashmiri36chunk(3).wav,Rouf,Kashmiri,Kashmiri_36,3,A-dataset-of-Indian-Folk-Songs,source_category_proxy_mapping,proxy_label_not_manual_style_verification,3,train
dataset\indian_folk_31\raw_sources\Indian-Folk-Songs\audio chunks\Kashmiri\kashmiri36chunk(4).wav,kashmiri36chunk(4).wav,Rouf,Kashmiri,Kashmiri_36,4,A-dataset-of-Indian-Folk-Songs,source_category_proxy_mapping,proxy_label_not_manual_style_verification,3,train
dataset\indian_folk_31\raw_sources\Indian-Folk-Songs\audio chunks\Kashmiri\kashmiri36chunk(5).wav,kashmiri36chunk(5).wav,Rouf,Kashmiri,Kashmiri_36,5,A-dataset-of-Indian-Folk-Songs,source_category_proxy_mapping,proxy_label_not_manual_style_verification,3,train
dataset\indian_folk_31\raw_sources\Indian-Folk-Songs\audio chunks\Kashmiri\kashmiri39chunk(0).wav,kashmiri39chunk(0).wav,Rouf,Kashmiri,Kashmiri_39,0,A-dataset-of-Indian-Folk-Songs,source_category_proxy_mapping,proxy_label_not_manual_style_verification,3,train
dataset\indian_folk_31\raw_sources\Indian-Folk-Songs\audio chunks\Kashmiri\kashmiri39chunk(1).wav,kashmiri39chunk(1).wav,Rouf,Kashmiri,Kashmiri_39,1,A-dataset-of-Indian-Folk-Songs,source_category_proxy_mapping,proxy_label_not_manual_style_verification,3,train
dataset\indian_folk_31\raw_sources\Indian-Folk-Songs\audio chunks\Kashmiri\kashmiri39chunk(2).wav,kashmiri39chunk(2).wav,Rouf,Kashmiri,Kashmiri_39,2,A-dataset-of-Indian-Folk-Songs,source_category_proxy_mapping,proxy_label_not_manual_style_verification,3,train
dataset\indian_folk_31\raw_sources\Indian-Folk-Songs\audio chunks\Kashmiri\kashmiri39chunk(3).wav,kashmiri39chunk(3).wav,Rouf,Kashmiri,Kashmiri_39,3,A-dataset-of-Indian-Folk-Songs,source_category_proxy_mapping,proxy_label_not_manual_style_verification,3,train
dataset\indian_folk_31\raw_sources\Indian-Folk-Songs\audio chunks\Kashmiri\kashmiri39chunk(4).wav,kashmiri39chunk(4).wav,Rouf,Kashmiri,Kashmiri_39,4,A-dataset-of-Indian-Folk-Songs,source_category_proxy_mapping,proxy_label_not_manual_style_verification,3,train
dataset\indian_folk_31\raw_sources\Indian-Folk-Songs\audio chunks\Kashmiri\kashmiri39chunk(5).wav,kashmiri39chunk(5).wav,Rouf,Kashmiri,Kashmiri_39,5,A-dataset-of-Indian-Folk-Songs,source_category_proxy_mapping,proxy_label_not_manual_style_verification,3,train
dataset\indian_folk_31\raw_sources\Indian-Folk-Songs\audio chunks\Kashmiri\kashmiri4chunk(0).wav,kashmiri4chunk(0).wav,Rouf,Kashmiri,Kashmiri_4,0,A-dataset-of-Indian-Folk-Songs,source_category_proxy_mapping,proxy_label_not_manual_style_verification,3,train
dataset\indian_folk_31\raw_sources\Indian-Folk-Songs\audio chunks\Kashmiri\kashmiri4chunk(1).wav,kashmiri4chunk(1).wav,Rouf,Kashmiri,Kashmiri_4,1,A-dataset-of-Indian-Folk-Songs,source_category_proxy_mapping,proxy_label_not_manual_style_verification,3,train
dataset\indian_folk_31\raw_sources\Indian-Folk-Songs\audio chunks\Kashmiri\kashmiri4chunk(2).wav,kashmiri4chunk(2).wav,Rouf,Kashmiri,Kashmiri_4,2,A-dataset-of-Indian-Folk-Songs,source_category_proxy_mapping,proxy_label_not_manual_style_verification,3,train
dataset\indian_folk_31\raw_sources\Indian-Folk-Songs\audio chunks\Kashmiri\kashmiri4chunk(3).wav,kashmiri4chunk(3).wav,Rouf,Kashmiri,Kashmiri_4,3,A-dataset-of-Indian-Folk-Songs,source_category_proxy_mapping,proxy_label_not_manual_style_verification,3,train
dataset\indian_folk_31\raw_sources\Indian-Folk-Songs\audio chunks\Kashmiri\kashmiri4chunk(4).wav,kashmiri4chunk(4).wav,Rouf,Kashmiri,Kashmiri_4,4,A-dataset-of-Indian-Folk-Songs,source_category_proxy_mapping,proxy_label_not_manual_style_verification,3,train
dataset\indian_folk_31\raw_sources\Indian-Folk-Songs\audio chunks\Kashmiri\kashmiri4chunk(5).wav,kashmiri4chunk(5).wav,Rouf,Kashmiri,Kashmiri_4,5,A-dataset-of-Indian-Folk-Songs,source_category_proxy_mapping,proxy_label_not_manual_style_verification,3,train
dataset\indian_folk_31\raw_sources\Indian-Folk-Songs\audio chunks\Kashmiri\kashmiri6chunk(0).wav,kashmiri6chunk(0).wav,Rouf,Kashmiri,Kashmiri_6,0,A-dataset-of-Indian-Folk-Songs,source_category_proxy_mapping,proxy_label_not_manual_style_verification,3,train
dataset\indian_folk_31\raw_sources\Indian-Folk-Songs\audio chunks\Kashmiri\kashmiri6chunk(1).wav,kashmiri6chunk(1).wav,Rouf,Kashmiri,Kashmiri_6,1,A-dataset-of-Indian-Folk-Songs,source_category_proxy_mapping,proxy_label_not_manual_style_verification,3,train
dataset\indian_folk_31\raw_sources\Indian-Folk-Songs\audio chunks\Kashmiri\kashmiri6chunk(2).wav,kashmiri6chunk(2).wav,Rouf,Kashmiri,Kashmiri_6,2,A-dataset-of-Indian-Folk-Songs,source_category_proxy_mapping,proxy_label_not_manual_style_verification,3,train
dataset\indian_folk_31\raw_sources\Indian-Folk-Songs\audio chunks\Kashmiri\kashmiri6chunk(3).wav,kashmiri6chunk(3).wav,Rouf,Kashmiri,Kashmiri_6,3,A-dataset-of-Indian-Folk-Songs,source_category_proxy_mapping,proxy_label_not_manual_style_verification,3,train
dataset\indian_folk_31\raw_sources\Indian-Folk-Songs\audio chunks\Kashmiri\kashmiri6chunk(4).wav,kashmiri6chunk(4).wav,Rouf,Kashmiri,Kashmiri_6,4,A-dataset-of-Indian-Folk-Songs,source_category_proxy_mapping,proxy_label_not_manual_style_verification,3,train
dataset\indian_folk_31\raw_sources\Indian-Folk-Songs\audio chunks\Kashmiri\kashmiri6chunk(5).wav,kashmiri6chunk(5).wav,Rouf,Kashmiri,Kashmiri_6,5,A-dataset-of-Indian-Folk-Songs,source_category_proxy_mapping,proxy_label_not_manual_style_verification,3,train
dataset\indian_folk_31\raw_sources\Indian-Folk-Songs\audio chunks\Kashmiri\kashmiri8chunk(0).wav,kashmiri8chunk(0).wav,Rouf,Kashmiri,Kashmiri_8,0,A-dataset-of-Indian-Folk-Songs,source_category_proxy_mapping,proxy_label_not_manual_style_verification,3,train
dataset\indian_folk_31\raw_sources\Indian-Folk-Songs\audio chunks\Kashmiri\kashmiri8chunk(1).wav,kashmiri8chunk(1).wav,Rouf,Kashmiri,Kashmiri_8,1,A-dataset-of-Indian-Folk-Songs,source_category_proxy_mapping,proxy_label_not_manual_style_verification,3,train
dataset\indian_folk_31\raw_sources\Indian-Folk-Songs\audio chunks\Kashmiri\kashmiri8chunk(2).wav,kashmiri8chunk(2).wav,Rouf,Kashmiri,Kashmiri_8,2,A-dataset-of-Indian-Folk-Songs,source_category_proxy_mapping,proxy_label_not_manual_style_verification,3,train
dataset\indian_folk_31\raw_sources\Indian-Folk-Songs\audio chunks\Kashmiri\kashmiri8chunk(3).wav,kashmiri8chunk(3).wav,Rouf,Kashmiri,Kashmiri_8,3,A-dataset-of-Indian-Folk-Songs,source_category_proxy_mapping,proxy_label_not_manual_style_verification,3,train
dataset\indian_folk_31\raw_sources\Indian-Folk-Songs\audio chunks\Kashmiri\kashmiri8chunk(4).wav,kashmiri8chunk(4).wav,Rouf,Kashmiri,Kashmiri_8,4,A-dataset-of-Indian-Folk-Songs,source_category_proxy_mapping,proxy_label_not_manual_style_verification,3,train
dataset\indian_folk_31\raw_sources\Indian-Folk-Songs\audio chunks\Kashmiri\kashmiri8chunk(5).wav,kashmiri8chunk(5).wav,Rouf,Kashmiri,Kashmiri_8,5,A-dataset-of-Indian-Folk-Songs,source_category_proxy_mapping,proxy_label_not_manual_style_verification,3,train
dataset\indian_folk_31\raw_sources\Indian-Folk-Songs\audio chunks\Marathi\marathi1chunk(0).wav,marathi1chunk(0).wav,Lavani,Marathi,Marathi_1,0,A-dataset-of-Indian-Folk-Songs,source_category_proxy_mapping,proxy_label_not_manual_style_verification,4,train
dataset\indian_folk_31\raw_sources\Indian-Folk-Songs\audio chunks\Marathi\marathi1chunk(1).wav,marathi1chunk(1).wav,Lavani,Marathi,Marathi_1,1,A-dataset-of-Indian-Folk-Songs,source_category_proxy_mapping,proxy_label_not_manual_style_verification,4,train
dataset\indian_folk_31\raw_sources\Indian-Folk-Songs\audio chunks\Marathi\marathi1chunk(2).wav,marathi1chunk(2).wav,Lavani,Marathi,Marathi_1,2,A-dataset-of-Indian-Folk-Songs,source_category_proxy_mapping,proxy_label_not_manual_style_verification,4,train
dataset\indian_folk_31\raw_sources\Indian-Folk-Songs\audio chunks\Marathi\marathi1chunk(3).wav,marathi1chunk(3).wav,Lavani,Marathi,Marathi_1,3,A-dataset-of-Indian-Folk-Songs,source_category_proxy_mapping,proxy_label_not_manual_style_verification,4,train
dataset\indian_folk_31\raw_sources\Indian-Folk-Songs\audio chunks\Marathi\marathi1chunk(4).wav,marathi1chunk(4).wav,Lavani,Marathi,Marathi_1,4,A-dataset-of-Indian-Folk-Songs,source_category_proxy_mapping,proxy_label_not_manual_style_verification,4,train
dataset\indian_folk_31\raw_sources\Indian-Folk-Songs\audio chunks\Marathi\marathi1chunk(5).wav,marathi1chunk(5).wav,Lavani,Marathi,Marathi_1,5,A-dataset-of-Indian-Folk-Songs,source_category_proxy_mapping,proxy_label_not_manual_style_verification,4,train
dataset\indian_folk_31\raw_sources\Indian-Folk-Songs\audio chunks\Marathi\marathi10chunk(0).wav,marathi10chunk(0).wav,Lavani,Marathi,Marathi_10,0,A-dataset-of-Indian-Folk-Songs,source_category_proxy_mapping,proxy_label_not_manual_style_verification,4,train
dataset\indian_folk_31\raw_sources\Indian-Folk-Songs\audio chunks\Marathi\marathi10chunk(1).wav,marathi10chunk(1).wav,Lavani,Marathi,Marathi_10,1,A-dataset-of-Indian-Folk-Songs,source_category_proxy_mapping,proxy_label_not_manual_style_verification,4,train
dataset\indian_folk_31\raw_sources\Indian-Folk-Songs\audio chunks\Marathi\marathi10chunk(2).wav,marathi10chunk(2).wav,Lavani,Marathi,Marathi_10,2,A-dataset-of-Indian-Folk-Songs,source_category_proxy_mapping,proxy_label_not_manual_style_verification,4,train
dataset\indian_folk_31\raw_sources\Indian-Folk-Songs\audio chunks\Marathi\marathi10chunk(3).wav,marathi10chunk(3).wav,Lavani,Marathi,Marathi_10,3,A-dataset-of-Indian-Folk-Songs,source_category_proxy_mapping,proxy_label_not_manual_style_verification,4,train
dataset\indian_folk_31\raw_sources\Indian-Folk-Songs\audio chunks\Marathi\marathi10chunk(4).wav,marathi10chunk(4).wav,Lavani,Marathi,Marathi_10,4,A-dataset-of-Indian-Folk-Songs,source_category_proxy_mapping,proxy_label_not_manual_style_verification,4,train
dataset\indian_folk_31\raw_sources\Indian-Folk-Songs\audio chunks\Marathi\marathi10chunk(5).wav,marathi10chunk(5).wav,Lavani,Marathi,Marathi_10,5,A-dataset-of-Indian-Folk-Songs,source_category_proxy_mapping,proxy_label_not_manual_style_verification,4,train
dataset\indian_folk_31\raw_sources\Indian-Folk-Songs\audio chunks\Marathi\marathi12chunk(0).wav,marathi12chunk(0).wav,Lavani,Marathi,Marathi_12,0,A-dataset-of-Indian-Folk-Songs,source_category_proxy_mapping,proxy_label_not_manual_style_verification,4,train
dataset\indian_folk_31\raw_sources\Indian-Folk-Songs\audio chunks\Marathi\marathi12chunk(1).wav,marathi12chunk(1).wav,Lavani,Marathi,Marathi_12,1,A-dataset-of-Indian-Folk-Songs,source_category_proxy_mapping,proxy_label_not_manual_style_verification,4,train
dataset\indian_folk_31\raw_sources\Indian-Folk-Songs\audio chunks\Marathi\marathi12chunk(2).wav,marathi12chunk(2).wav,Lavani,Marathi,Marathi_12,2,A-dataset-of-Indian-Folk-Songs,source_category_proxy_mapping,proxy_label_not_manual_style_verification,4,train
dataset\indian_folk_31\raw_sources\Indian-Folk-Songs\audio chunks\Marathi\marathi12chunk(3).wav,marathi12chunk(3).wav,Lavani,Marathi,Marathi_12,3,A-dataset-of-Indian-Folk-Songs,source_category_proxy_mapping,proxy_label_not_manual_style_verification,4,train
dataset\indian_folk_31\raw_sources\Indian-Folk-Songs\audio chunks\Marathi\marathi12chunk(4).wav,marathi12chunk(4).wav,Lavani,Marathi,Marathi_12,4,A-dataset-of-Indian-Folk-Songs,source_category_proxy_mapping,proxy_label_not_manual_style_verification,4,train
dataset\indian_folk_31\raw_sources\Indian-Folk-Songs\audio chunks\Marathi\marathi12chunk(5).wav,marathi12chunk(5).wav,Lavani,Marathi,Marathi_12,5,A-dataset-of-Indian-Folk-Songs,source_category_proxy_mapping,proxy_label_not_manual_style_verification,4,train
dataset\indian_folk_31\raw_sources\Indian-Folk-Songs\audio chunks\Marathi\marathi13chunk(0).wav,marathi13chunk(0).wav,Lavani,Marathi,Marathi_13,0,A-dataset-of-Indian-Folk-Songs,source_category_proxy_mapping,proxy_label_not_manual_style_verification,4,train
dataset\indian_folk_31\raw_sources\Indian-Folk-Songs\audio chunks\Marathi\marathi13chunk(1).wav,marathi13chunk(1).wav,Lavani,Marathi,Marathi_13,1,A-dataset-of-Indian-Folk-Songs,source_category_proxy_mapping,proxy_label_not_manual_style_verification,4,train
dataset\indian_folk_31\raw_sources\Indian-Folk-Songs\audio chunks\Marathi\marathi13chunk(2).wav,marathi13chunk(2).wav,Lavani,Marathi,Marathi_13,2,A-dataset-of-Indian-Folk-Songs,source_category_proxy_mapping,proxy_label_not_manual_style_verification,4,train
dataset\indian_folk_31\raw_sources\Indian-Folk-Songs\audio chunks\Marathi\marathi13chunk(3).wav,marathi13chunk(3).wav,Lavani,Marathi,Marathi_13,3,A-dataset-of-Indian-Folk-Songs,source_category_proxy_mapping,proxy_label_not_manual_style_verification,4,train
dataset\indian_folk_31\raw_sources\Indian-Folk-Songs\audio chunks\Marathi\marathi13chunk(4).wav,marathi13chunk(4).wav,Lavani,Marathi,Marathi_13,4,A-dataset-of-Indian-Folk-Songs,source_category_proxy_mapping,proxy_label_not_manual_style_verification,4,train
dataset\indian_folk_31\raw_sources\Indian-Folk-Songs\audio chunks\Marathi\marathi13chunk(5).wav,marathi13chunk(5).wav,Lavani,Marathi,Marathi_13,5,A-dataset-of-Indian-Folk-Songs,source_category_proxy_mapping,proxy_label_not_manual_style_verification,4,train
dataset\indian_folk_31\raw_sources\Indian-Folk-Songs\audio chunks\Marathi\marathi15chunk(0).wav,marathi15chunk(0).wav,Lavani,Marathi,Marathi_15,0,A-dataset-of-Indian-Folk-Songs,source_category_proxy_mapping,proxy_label_not_manual_style_verification,4,train
dataset\indian_folk_31\raw_sources\Indian-Folk-Songs\audio chunks\Marathi\marathi15chunk(1).wav,marathi15chunk(1).wav,Lavani,Marathi,Marathi_15,1,A-dataset-of-Indian-Folk-Songs,source_category_proxy_mapping,proxy_label_not_manual_style_verification,4,train
dataset\indian_folk_31\raw_sources\Indian-Folk-Songs\audio chunks\Marathi\marathi15chunk(2).wav,marathi15chunk(2).wav,Lavani,Marathi,Marathi_15,2,A-dataset-of-Indian-Folk-Songs,source_category_proxy_mapping,proxy_label_not_manual_style_verification,4,train
dataset\indian_folk_31\raw_sources\Indian-Folk-Songs\audio chunks\Marathi\marathi15chunk(3).wav,marathi15chunk(3).wav,Lavani,Marathi,Marathi_15,3,A-dataset-of-Indian-Folk-Songs,source_category_proxy_mapping,proxy_label_not_manual_style_verification,4,train
dataset\indian_folk_31\raw_sources\Indian-Folk-Songs\audio chunks\Marathi\marathi15chunk(4).wav,marathi15chunk(4).wav,Lavani,Marathi,Marathi_15,4,A-dataset-of-Indian-Folk-Songs,source_category_proxy_mapping,proxy_label_not_manual_style_verification,4,train
dataset\indian_folk_31\raw_sources\Indian-Folk-Songs\audio chunks\Marathi\marathi15chunk(5).wav,marathi15chunk(5).wav,Lavani,Marathi,Marathi_15,5,A-dataset-of-Indian-Folk-Songs,source_category_proxy_mapping,proxy_label_not_manual_style_verification,4,train
dataset\indian_folk_31\raw_sources\Indian-Folk-Songs\audio chunks\Marathi\marathi16chunk(0).wav,marathi16chunk(0).wav,Lavani,Marathi,Marathi_16,0,A-dataset-of-Indian-Folk-Songs,source_category_proxy_mapping,proxy_label_not_manual_style_verification,4,train
dataset\indian_folk_31\raw_sources\Indian-Folk-Songs\audio chunks\Marathi\marathi16chunk(1).wav,marathi16chunk(1).wav,Lavani,Marathi,Marathi_16,1,A-dataset-of-Indian-Folk-Songs,source_category_proxy_mapping,proxy_label_not_manual_style_verification,4,train
dataset\indian_folk_31\raw_sources\Indian-Folk-Songs\audio chunks\Marathi\marathi16chunk(2).wav,marathi16chunk(2).wav,Lavani,Marathi,Marathi_16,2,A-dataset-of-Indian-Folk-Songs,source_category_proxy_mapping,proxy_label_not_manual_style_verification,4,train
dataset\indian_folk_31\raw_sources\Indian-Folk-Songs\audio chunks\Marathi\marathi16chunk(3).wav,marathi16chunk(3).wav,Lavani,Marathi,Marathi_16,3,A-dataset-of-Indian-Folk-Songs,source_category_proxy_mapping,proxy_label_not_manual_style_verification,4,train
dataset\indian_folk_31\raw_sources\Indian-Folk-Songs\audio chunks\Marathi\marathi16chunk(4).wav,marathi16chunk(4).wav,Lavani,Marathi,Marathi_16,4,A-dataset-of-Indian-Folk-Songs,source_category_proxy_mapping,proxy_label_not_manual_style_verification,4,train
dataset\indian_folk_31\raw_sources\Indian-Folk-Songs\audio chunks\Marathi\marathi16chunk(5).wav,marathi16chunk(5).wav,Lavani,Marathi,Marathi_16,5,A-dataset-of-Indian-Folk-Songs,source_category_proxy_mapping,proxy_label_not_manual_style_verification,4,train
dataset\indian_folk_31\raw_sources\Indian-Folk-Songs\audio chunks\Marathi\marathi18chunk(0).wav,marathi18chunk(0).wav,Lavani,Marathi,Marathi_18,0,A-dataset-of-Indian-Folk-Songs,source_category_proxy_mapping,proxy_label_not_manual_style_verification,4,train
dataset\indian_folk_31\raw_sources\Indian-Folk-Songs\audio chunks\Marathi\marathi18chunk(1).wav,marathi18chunk(1).wav,Lavani,Marathi,Marathi_18,1,A-dataset-of-Indian-Folk-Songs,source_category_proxy_mapping,proxy_label_not_manual_style_verification,4,train
dataset\indian_folk_31\raw_sources\Indian-Folk-Songs\audio chunks\Marathi\marathi18chunk(2).wav,marathi18chunk(2).wav,Lavani,Marathi,Marathi_18,2,A-dataset-of-Indian-Folk-Songs,source_category_proxy_mapping,proxy_label_not_manual_style_verification,4,train
dataset\indian_folk_31\raw_sources\Indian-Folk-Songs\audio chunks\Marathi\marathi18chunk(3).wav,marathi18chunk(3).wav,Lavani,Marathi,Marathi_18,3,A-dataset-of-Indian-Folk-Songs,source_category_proxy_mapping,proxy_label_not_manual_style_verification,4,train
dataset\indian_folk_31\raw_sources\Indian-Folk-Songs\audio chunks\Marathi\marathi18chunk(4).wav,marathi18chunk(4).wav,Lavani,Marathi,Marathi_18,4,A-dataset-of-Indian-Folk-Songs,source_category_proxy_mapping,proxy_label_not_manual_style_verification,4,train
dataset\indian_folk_31\raw_sources\Indian-Folk-Songs\audio chunks\Marathi\marathi18chunk(5).wav,marathi18chunk(5).wav,Lavani,Marathi,Marathi_18,5,A-dataset-of-Indian-Folk-Songs,source_category_proxy_mapping,proxy_label_not_manual_style_verification,4,train
dataset\indian_folk_31\raw_sources\Indian-Folk-Songs\audio chunks\Marathi\marathi2chunk(0).wav,marathi2chunk(0).wav,Lavani,Marathi,Marathi_2,0,A-dataset-of-Indian-Folk-Songs,source_category_proxy_mapping,proxy_label_not_manual_style_verification,4,train
dataset\indian_folk_31\raw_sources\Indian-Folk-Songs\audio chunks\Marathi\marathi2chunk(1).wav,marathi2chunk(1).wav,Lavani,Marathi,Marathi_2,1,A-dataset-of-Indian-Folk-Songs,source_category_proxy_mapping,proxy_label_not_manual_style_verification,4,train
dataset\indian_folk_31\raw_sources\Indian-Folk-Songs\audio chunks\Marathi\marathi2chunk(2).wav,marathi2chunk(2).wav,Lavani,Marathi,Marathi_2,2,A-dataset-of-Indian-Folk-Songs,source_category_proxy_mapping,proxy_label_not_manual_style_verification,4,train
dataset\indian_folk_31\raw_sources\Indian-Folk-Songs\audio chunks\Marathi\marathi2chunk(3).wav,marathi2chunk(3).wav,Lavani,Marathi,Marathi_2,3,A-dataset-of-Indian-Folk-Songs,source_category_proxy_mapping,proxy_label_not_manual_style_verification,4,train
dataset\indian_folk_31\raw_sources\Indian-Folk-Songs\audio chunks\Marathi\marathi2chunk(4).wav,marathi2chunk(4).wav,Lavani,Marathi,Marathi_2,4,A-dataset-of-Indian-Folk-Songs,source_category_proxy_mapping,proxy_label_not_manual_style_verification,4,train
dataset\indian_folk_31\raw_sources\Indian-Folk-Songs\audio chunks\Marathi\marathi2chunk(5).wav,marathi2chunk(5).wav,Lavani,Marathi,Marathi_2,5,A-dataset-of-Indian-Folk-Songs,source_category_proxy_mapping,proxy_label_not_manual_style_verification,4,train
dataset\indian_folk_31\raw_sources\Indian-Folk-Songs\audio chunks\Marathi\marathi20chunk(0).wav,marathi20chunk(0).wav,Lavani,Marathi,Marathi_20,0,A-dataset-of-Indian-Folk-Songs,source_category_proxy_mapping,proxy_label_not_manual_style_verification,4,train
dataset\indian_folk_31\raw_sources\Indian-Folk-Songs\audio chunks\Marathi\marathi20chunk(1).wav,marathi20chunk(1).wav,Lavani,Marathi,Marathi_20,1,A-dataset-of-Indian-Folk-Songs,source_category_proxy_mapping,proxy_label_not_manual_style_verification,4,train
dataset\indian_folk_31\raw_sources\Indian-Folk-Songs\audio chunks\Marathi\marathi20chunk(2).wav,marathi20chunk(2).wav,Lavani,Marathi,Marathi_20,2,A-dataset-of-Indian-Folk-Songs,source_category_proxy_mapping,proxy_label_not_manual_style_verification,4,train
dataset\indian_folk_31\raw_sources\Indian-Folk-Songs\audio chunks\Marathi\marathi20chunk(3).wav,marathi20chunk(3).wav,Lavani,Marathi,Marathi_20,3,A-dataset-of-Indian-Folk-Songs,source_category_proxy_mapping,proxy_label_not_manual_style_verification,4,train
dataset\indian_folk_31\raw_sources\Indian-Folk-Songs\audio chunks\Marathi\marathi20chunk(4).wav,marathi20chunk(4).wav,Lavani,Marathi,Marathi_20,4,A-dataset-of-Indian-Folk-Songs,source_category_proxy_mapping,proxy_label_not_manual_style_verification,4,train
dataset\indian_folk_31\raw_sources\Indian-Folk-Songs\audio chunks\Marathi\marathi20chunk(5).wav,marathi20chunk(5).wav,Lavani,Marathi,Marathi_20,5,A-dataset-of-Indian-Folk-Songs,source_category_proxy_mapping,proxy_label_not_manual_style_verification,4,train
dataset\indian_folk_31\raw_sources\Indian-Folk-Songs\audio chunks\Marathi\marathi21chunk(0).wav,marathi21chunk(0).wav,Lavani,Marathi,Marathi_21,0,A-dataset-of-Indian-Folk-Songs,source_category_proxy_mapping,proxy_label_not_manual_style_verification,4,train
dataset\indian_folk_31\raw_sources\Indian-Folk-Songs\audio chunks\Marathi\marathi21chunk(1).wav,marathi21chunk(1).wav,Lavani,Marathi,Marathi_21,1,A-dataset-of-Indian-Folk-Songs,source_category_proxy_mapping,proxy_label_not_manual_style_verification,4,train
dataset\indian_folk_31\raw_sources\Indian-Folk-Songs\audio chunks\Marathi\marathi21chunk(2).wav,marathi21chunk(2).wav,Lavani,Marathi,Marathi_21,2,A-dataset-of-Indian-Folk-Songs,source_category_proxy_mapping,proxy_label_not_manual_style_verification,4,train
dataset\indian_folk_31\raw_sources\Indian-Folk-Songs\audio chunks\Marathi\marathi21chunk(3).wav,marathi21chunk(3).wav,Lavani,Marathi,Marathi_21,3,A-dataset-of-Indian-Folk-Songs,source_category_proxy_mapping,proxy_label_not_manual_style_verification,4,train
dataset\indian_folk_31\raw_sources\Indian-Folk-Songs\audio chunks\Marathi\marathi21chunk(4).wav,marathi21chunk(4).wav,Lavani,Marathi,Marathi_21,4,A-dataset-of-Indian-Folk-Songs,source_category_proxy_mapping,proxy_label_not_manual_style_verification,4,train
dataset\indian_folk_31\raw_sources\Indian-Folk-Songs\audio chunks\Marathi\marathi21chunk(5).wav,marathi21chunk(5).wav,Lavani,Marathi,Marathi_21,5,A-dataset-of-Indian-Folk-Songs,source_category_proxy_mapping,proxy_label_not_manual_style_verification,4,train
dataset\indian_folk_31\raw_sources\Indian-Folk-Songs\audio chunks\Marathi\marathi22chunk(0).wav,marathi22chunk(0).wav,Lavani,Marathi,Marathi_22,0,A-dataset-of-Indian-Folk-Songs,source_category_proxy_mapping,proxy_label_not_manual_style_verification,4,train
dataset\indian_folk_31\raw_sources\Indian-Folk-Songs\audio chunks\Marathi\marathi22chunk(1).wav,marathi22chunk(1).wav,Lavani,Marathi,Marathi_22,1,A-dataset-of-Indian-Folk-Songs,source_category_proxy_mapping,proxy_label_not_manual_style_verification,4,train
dataset\indian_folk_31\raw_sources\Indian-Folk-Songs\audio chunks\Marathi\marathi22chunk(2).wav,marathi22chunk(2).wav,Lavani,Marathi,Marathi_22,2,A-dataset-of-Indian-Folk-Songs,source_category_proxy_mapping,proxy_label_not_manual_style_verification,4,train
dataset\indian_folk_31\raw_sources\Indian-Folk-Songs\audio chunks\Marathi\marathi22chunk(3).wav,marathi22chunk(3).wav,Lavani,Marathi,Marathi_22,3,A-dataset-of-Indian-Folk-Songs,source_category_proxy_mapping,proxy_label_not_manual_style_verification,4,train
dataset\indian_folk_31\raw_sources\Indian-Folk-Songs\audio chunks\Marathi\marathi22chunk(4).wav,marathi22chunk(4).wav,Lavani,Marathi,Marathi_22,4,A-dataset-of-Indian-Folk-Songs,source_category_proxy_mapping,proxy_label_not_manual_style_verification,4,train
dataset\indian_folk_31\raw_sources\Indian-Folk-Songs\audio chunks\Marathi\marathi22chunk(5).wav,marathi22chunk(5).wav,Lavani,Marathi,Marathi_22,5,A-dataset-of-Indian-Folk-Songs,source_category_proxy_mapping,proxy_label_not_manual_style_verification,4,train
dataset\indian_folk_31\raw_sources\Indian-Folk-Songs\audio chunks\Marathi\marathi24chunk(0).wav,marathi24chunk(0).wav,Lavani,Marathi,Marathi_24,0,A-dataset-of-Indian-Folk-Songs,source_category_proxy_mapping,proxy_label_not_manual_style_verification,4,train
dataset\indian_folk_31\raw_sources\Indian-Folk-Songs\audio chunks\Marathi\marathi24chunk(1).wav,marathi24chunk(1).wav,Lavani,Marathi,Marathi_24,1,A-dataset-of-Indian-Folk-Songs,source_category_proxy_mapping,proxy_label_not_manual_style_verification,4,train
dataset\indian_folk_31\raw_sources\Indian-Folk-Songs\audio chunks\Marathi\marathi24chunk(2).wav,marathi24chunk(2).wav,Lavani,Marathi,Marathi_24,2,A-dataset-of-Indian-Folk-Songs,source_category_proxy_mapping,proxy_label_not_manual_style_verification,4,train
dataset\indian_folk_31\raw_sources\Indian-Folk-Songs\audio chunks\Marathi\marathi24chunk(3).wav,marathi24chunk(3).wav,Lavani,Marathi,Marathi_24,3,A-dataset-of-Indian-Folk-Songs,source_category_proxy_mapping,proxy_label_not_manual_style_verification,4,train
dataset\indian_folk_31\raw_sources\Indian-Folk-Songs\audio chunks\Marathi\marathi24chunk(4).wav,marathi24chunk(4).wav,Lavani,Marathi,Marathi_24,4,A-dataset-of-Indian-Folk-Songs,source_category_proxy_mapping,proxy_label_not_manual_style_verification,4,train
dataset\indian_folk_31\raw_sources\Indian-Folk-Songs\audio chunks\Marathi\marathi24chunk(5).wav,marathi24chunk(5).wav,Lavani,Marathi,Marathi_24,5,A-dataset-of-Indian-Folk-Songs,source_category_proxy_mapping,proxy_label_not_manual_style_verification,4,train
dataset\indian_folk_31\raw_sources\Indian-Folk-Songs\audio chunks\Marathi\marathi25chunk(0).wav,marathi25chunk(0).wav,Lavani,Marathi,Marathi_25,0,A-dataset-of-Indian-Folk-Songs,source_category_proxy_mapping,proxy_label_not_manual_style_verification,4,train
dataset\indian_folk_31\raw_sources\Indian-Folk-Songs\audio chunks\Marathi\marathi25chunk(1).wav,marathi25chunk(1).wav,Lavani,Marathi,Marathi_25,1,A-dataset-of-Indian-Folk-Songs,source_category_proxy_mapping,proxy_label_not_manual_style_verification,4,train
dataset\indian_folk_31\raw_sources\Indian-Folk-Songs\audio chunks\Marathi\marathi25chunk(2).wav,marathi25chunk(2).wav,Lavani,Marathi,Marathi_25,2,A-dataset-of-Indian-Folk-Songs,source_category_proxy_mapping,proxy_label_not_manual_style_verification,4,train
dataset\indian_folk_31\raw_sources\Indian-Folk-Songs\audio chunks\Marathi\marathi25chunk(3).wav,marathi25chunk(3).wav,Lavani,Marathi,Marathi_25,3,A-dataset-of-Indian-Folk-Songs,source_category_proxy_mapping,proxy_label_not_manual_style_verification,4,train
dataset\indian_folk_31\raw_sources\Indian-Folk-Songs\audio chunks\Marathi\marathi25chunk(4).wav,marathi25chunk(4).wav,Lavani,Marathi,Marathi_25,4,A-dataset-of-Indian-Folk-Songs,source_category_proxy_mapping,proxy_label_not_manual_style_verification,4,train
dataset\indian_folk_31\raw_sources\Indian-Folk-Songs\audio chunks\Marathi\marathi25chunk(5).wav,marathi25chunk(5).wav,Lavani,Marathi,Marathi_25,5,A-dataset-of-Indian-Folk-Songs,source_category_proxy_mapping,proxy_label_not_manual_style_verification,4,train
dataset\indian_folk_31\raw_sources\Indian-Folk-Songs\audio chunks\Marathi\marathi26chunk(0).wav,marathi26chunk(0).wav,Lavani,Marathi,Marathi_26,0,A-dataset-of-Indian-Folk-Songs,source_category_proxy_mapping,proxy_label_not_manual_style_verification,4,train
dataset\indian_folk_31\raw_sources\Indian-Folk-Songs\audio chunks\Marathi\marathi26chunk(1).wav,marathi26chunk(1).wav,Lavani,Marathi,Marathi_26,1,A-dataset-of-Indian-Folk-Songs,source_category_proxy_mapping,proxy_label_not_manual_style_verification,4,train
dataset\indian_folk_31\raw_sources\Indian-Folk-Songs\audio chunks\Marathi\marathi26chunk(2).wav,marathi26chunk(2).wav,Lavani,Marathi,Marathi_26,2,A-dataset-of-Indian-Folk-Songs,source_category_proxy_mapping,proxy_label_not_manual_style_verification,4,train
dataset\indian_folk_31\raw_sources\Indian-Folk-Songs\audio chunks\Marathi\marathi26chunk(3).wav,marathi26chunk(3).wav,Lavani,Marathi,Marathi_26,3,A-dataset-of-Indian-Folk-Songs,source_category_proxy_mapping,proxy_label_not_manual_style_verification,4,train
dataset\indian_folk_31\raw_sources\Indian-Folk-Songs\audio chunks\Marathi\marathi26chunk(4).wav,marathi26chunk(4).wav,Lavani,Marathi,Marathi_26,4,A-dataset-of-Indian-Folk-Songs,source_category_proxy_mapping,proxy_label_not_manual_style_verification,4,train
dataset\indian_folk_31\raw_sources\Indian-Folk-Songs\audio chunks\Marathi\marathi26chunk(5).wav,marathi26chunk(5).wav,Lavani,Marathi,Marathi_26,5,A-dataset-of-Indian-Folk-Songs,source_category_proxy_mapping,proxy_label_not_manual_style_verification,4,train
dataset\indian_folk_31\raw_sources\Indian-Folk-Songs\audio chunks\Marathi\marathi28chunk(0).wav,marathi28chunk(0).wav,Lavani,Marathi,Marathi_28,0,A-dataset-of-Indian-Folk-Songs,source_category_proxy_mapping,proxy_label_not_manual_style_verification,4,train
dataset\indian_folk_31\raw_sources\Indian-Folk-Songs\audio chunks\Marathi\marathi28chunk(1).wav,marathi28chunk(1).wav,Lavani,Marathi,Marathi_28,1,A-dataset-of-Indian-Folk-Songs,source_category_proxy_mapping,proxy_label_not_manual_style_verification,4,train
dataset\indian_folk_31\raw_sources\Indian-Folk-Songs\audio chunks\Marathi\marathi28chunk(2).wav,marathi28chunk(2).wav,Lavani,Marathi,Marathi_28,2,A-dataset-of-Indian-Folk-Songs,source_category_proxy_mapping,proxy_label_not_manual_style_verification,4,train
dataset\indian_folk_31\raw_sources\Indian-Folk-Songs\audio chunks\Marathi\marathi28chunk(3).wav,marathi28chunk(3).wav,Lavani,Marathi,Marathi_28,3,A-dataset-of-Indian-Folk-Songs,source_category_proxy_mapping,proxy_label_not_manual_style_verification,4,train
dataset\indian_folk_31\raw_sources\Indian-Folk-Songs\audio chunks\Marathi\marathi28chunk(4).wav,marathi28chunk(4).wav,Lavani,Marathi,Marathi_28,4,A-dataset-of-Indian-Folk-Songs,source_category_proxy_mapping,proxy_label_not_manual_style_verification,4,train
dataset\indian_folk_31\raw_sources\Indian-Folk-Songs\audio chunks\Marathi\marathi28chunk(5).wav,marathi28chunk(5).wav,Lavani,Marathi,Marathi_28,5,A-dataset-of-Indian-Folk-Songs,source_category_proxy_mapping,proxy_label_not_manual_style_verification,4,train
dataset\indian_folk_31\raw_sources\Indian-Folk-Songs\audio chunks\Marathi\marathi29chunk(0).wav,marathi29chunk(0).wav,Lavani,Marathi,Marathi_29,0,A-dataset-of-Indian-Folk-Songs,source_category_proxy_mapping,proxy_label_not_manual_style_verification,4,train
dataset\indian_folk_31\raw_sources\Indian-Folk-Songs\audio chunks\Marathi\marathi29chunk(1).wav,marathi29chunk(1).wav,Lavani,Marathi,Marathi_29,1,A-dataset-of-Indian-Folk-Songs,source_category_proxy_mapping,proxy_label_not_manual_style_verification,4,train
dataset\indian_folk_31\raw_sources\Indian-Folk-Songs\audio chunks\Marathi\marathi29chunk(2).wav,marathi29chunk(2).wav,Lavani,Marathi,Marathi_29,2,A-dataset-of-Indian-Folk-Songs,source_category_proxy_mapping,proxy_label_not_manual_style_verification,4,train
dataset\indian_folk_31\raw_sources\Indian-Folk-Songs\audio chunks\Marathi\marathi29chunk(3).wav,marathi29chunk(3).wav,Lavani,Marathi,Marathi_29,3,A-dataset-of-Indian-Folk-Songs,source_category_proxy_mapping,proxy_label_not_manual_style_verification,4,train
dataset\indian_folk_31\raw_sources\Indian-Folk-Songs\audio chunks\Marathi\marathi29chunk(4).wav,marathi29chunk(4).wav,Lavani,Marathi,Marathi_29,4,A-dataset-of-Indian-Folk-Songs,source_category_proxy_mapping,proxy_label_not_manual_style_verification,4,train
dataset\indian_folk_31\raw_sources\Indian-Folk-Songs\audio chunks\Marathi\marathi29chunk(5).wav,marathi29chunk(5).wav,Lavani,Marathi,Marathi_29,5,A-dataset-of-Indian-Folk-Songs,source_category_proxy_mapping,proxy_label_not_manual_style_verification,4,train
dataset\indian_folk_31\raw_sources\Indian-Folk-Songs\audio chunks\Marathi\marathi3chunk(0).wav,marathi3chunk(0).wav,Lavani,Marathi,Marathi_3,0,A-dataset-of-Indian-Folk-Songs,source_category_proxy_mapping,proxy_label_not_manual_style_verification,4,train
dataset\indian_folk_31\raw_sources\Indian-Folk-Songs\audio chunks\Marathi\marathi3chunk(1).wav,marathi3chunk(1).wav,Lavani,Marathi,Marathi_3,1,A-dataset-of-Indian-Folk-Songs,source_category_proxy_mapping,proxy_label_not_manual_style_verification,4,train
dataset\indian_folk_31\raw_sources\Indian-Folk-Songs\audio chunks\Marathi\marathi3chunk(2).wav,marathi3chunk(2).wav,Lavani,Marathi,Marathi_3,2,A-dataset-of-Indian-Folk-Songs,source_category_proxy_mapping,proxy_label_not_manual_style_verification,4,train
dataset\indian_folk_31\raw_sources\Indian-Folk-Songs\audio chunks\Marathi\marathi3chunk(3).wav,marathi3chunk(3).wav,Lavani,Marathi,Marathi_3,3,A-dataset-of-Indian-Folk-Songs,source_category_proxy_mapping,proxy_label_not_manual_style_verification,4,train
dataset\indian_folk_31\raw_sources\Indian-Folk-Songs\audio chunks\Marathi\marathi3chunk(4).wav,marathi3chunk(4).wav,Lavani,Marathi,Marathi_3,4,A-dataset-of-Indian-Folk-Songs,source_category_proxy_mapping,proxy_label_not_manual_style_verification,4,train
dataset\indian_folk_31\raw_sources\Indian-Folk-Songs\audio chunks\Marathi\marathi3chunk(5).wav,marathi3chunk(5).wav,Lavani,Marathi,Marathi_3,5,A-dataset-of-Indian-Folk-Songs,source_category_proxy_mapping,proxy_label_not_manual_style_verification,4,train
dataset\indian_folk_31\raw_sources\Indian-Folk-Songs\audio chunks\Marathi\marathi30chunk(0).wav,marathi30chunk(0).wav,Lavani,Marathi,Marathi_30,0,A-dataset-of-Indian-Folk-Songs,source_category_proxy_mapping,proxy_label_not_manual_style_verification,4,train
dataset\indian_folk_31\raw_sources\Indian-Folk-Songs\audio chunks\Marathi\marathi30chunk(1).wav,marathi30chunk(1).wav,Lavani,Marathi,Marathi_30,1,A-dataset-of-Indian-Folk-Songs,source_category_proxy_mapping,proxy_label_not_manual_style_verification,4,train
dataset\indian_folk_31\raw_sources\Indian-Folk-Songs\audio chunks\Marathi\marathi30chunk(2).wav,marathi30chunk(2).wav,Lavani,Marathi,Marathi_30,2,A-dataset-of-Indian-Folk-Songs,source_category_proxy_mapping,proxy_label_not_manual_style_verification,4,train
dataset\indian_folk_31\raw_sources\Indian-Folk-Songs\audio chunks\Marathi\marathi30chunk(3).wav,marathi30chunk(3).wav,Lavani,Marathi,Marathi_30,3,A-dataset-of-Indian-Folk-Songs,source_category_proxy_mapping,proxy_label_not_manual_style_verification,4,train
dataset\indian_folk_31\raw_sources\Indian-Folk-Songs\audio chunks\Marathi\marathi30chunk(4).wav,marathi30chunk(4).wav,Lavani,Marathi,Marathi_30,4,A-dataset-of-Indian-Folk-Songs,source_category_proxy_mapping,proxy_label_not_manual_style_verification,4,train
dataset\indian_folk_31\raw_sources\Indian-Folk-Songs\audio chunks\Marathi\marathi30chunk(5).wav,marathi30chunk(5).wav,Lavani,Marathi,Marathi_30,5,A-dataset-of-Indian-Folk-Songs,source_category_proxy_mapping,proxy_label_not_manual_style_verification,4,train
dataset\indian_folk_31\raw_sources\Indian-Folk-Songs\audio chunks\Marathi\marathi31chunk(0).wav,marathi31chunk(0).wav,Lavani,Marathi,Marathi_31,0,A-dataset-of-Indian-Folk-Songs,source_category_proxy_mapping,proxy_label_not_manual_style_verification,4,train
dataset\indian_folk_31\raw_sources\Indian-Folk-Songs\audio chunks\Marathi\marathi31chunk(1).wav,marathi31chunk(1).wav,Lavani,Marathi,Marathi_31,1,A-dataset-of-Indian-Folk-Songs,source_category_proxy_mapping,proxy_label_not_manual_style_verification,4,train
dataset\indian_folk_31\raw_sources\Indian-Folk-Songs\audio chunks\Marathi\marathi31chunk(2).wav,marathi31chunk(2).wav,Lavani,Marathi,Marathi_31,2,A-dataset-of-Indian-Folk-Songs,source_category_proxy_mapping,proxy_label_not_manual_style_verification,4,train
dataset\indian_folk_31\raw_sources\Indian-Folk-Songs\audio chunks\Marathi\marathi31chunk(3).wav,marathi31chunk(3).wav,Lavani,Marathi,Marathi_31,3,A-dataset-of-Indian-Folk-Songs,source_category_proxy_mapping,proxy_label_not_manual_style_verification,4,train
dataset\indian_folk_31\raw_sources\Indian-Folk-Songs\audio chunks\Marathi\marathi31chunk(4).wav,marathi31chunk(4).wav,Lavani,Marathi,Marathi_31,4,A-dataset-of-Indian-Folk-Songs,source_category_proxy_mapping,proxy_label_not_manual_style_verification,4,train
dataset\indian_folk_31\raw_sources\Indian-Folk-Songs\audio chunks\Marathi\marathi31chunk(5).wav,marathi31chunk(5).wav,Lavani,Marathi,Marathi_31,5,A-dataset-of-Indian-Folk-Songs,source_category_proxy_mapping,proxy_label_not_manual_style_verification,4,train
dataset\indian_folk_31\raw_sources\Indian-Folk-Songs\audio chunks\Marathi\marathi32chunk(0).wav,marathi32chunk(0).wav,Lavani,Marathi,Marathi_32,0,A-dataset-of-Indian-Folk-Songs,source_category_proxy_mapping,proxy_label_not_manual_style_verification,4,train
dataset\indian_folk_31\raw_sources\Indian-Folk-Songs\audio chunks\Marathi\marathi32chunk(1).wav,marathi32chunk(1).wav,Lavani,Marathi,Marathi_32,1,A-dataset-of-Indian-Folk-Songs,source_category_proxy_mapping,proxy_label_not_manual_style_verification,4,train
dataset\indian_folk_31\raw_sources\Indian-Folk-Songs\audio chunks\Marathi\marathi32chunk(2).wav,marathi32chunk(2).wav,Lavani,Marathi,Marathi_32,2,A-dataset-of-Indian-Folk-Songs,source_category_proxy_mapping,proxy_label_not_manual_style_verification,4,train
dataset\indian_folk_31\raw_sources\Indian-Folk-Songs\audio chunks\Marathi\marathi32chunk(3).wav,marathi32chunk(3).wav,Lavani,Marathi,Marathi_32,3,A-dataset-of-Indian-Folk-Songs,source_category_proxy_mapping,proxy_label_not_manual_style_verification,4,train
dataset\indian_folk_31\raw_sources\Indian-Folk-Songs\audio chunks\Marathi\marathi32chunk(4).wav,marathi32chunk(4).wav,Lavani,Marathi,Marathi_32,4,A-dataset-of-Indian-Folk-Songs,source_category_proxy_mapping,proxy_label_not_manual_style_verification,4,train
dataset\indian_folk_31\raw_sources\Indian-Folk-Songs\audio chunks\Marathi\marathi32chunk(5).wav,marathi32chunk(5).wav,Lavani,Marathi,Marathi_32,5,A-dataset-of-Indian-Folk-Songs,source_category_proxy_mapping,proxy_label_not_manual_style_verification,4,train
dataset\indian_folk_31\raw_sources\Indian-Folk-Songs\audio chunks\Marathi\marathi35chunk(0).wav,marathi35chunk(0).wav,Lavani,Marathi,Marathi_35,0,A-dataset-of-Indian-Folk-Songs,source_category_proxy_mapping,proxy_label_not_manual_style_verification,4,train
dataset\indian_folk_31\raw_sources\Indian-Folk-Songs\audio chunks\Marathi\marathi35chunk(1).wav,marathi35chunk(1).wav,Lavani,Marathi,Marathi_35,1,A-dataset-of-Indian-Folk-Songs,source_category_proxy_mapping,proxy_label_not_manual_style_verification,4,train
dataset\indian_folk_31\raw_sources\Indian-Folk-Songs\audio chunks\Marathi\marathi35chunk(2).wav,marathi35chunk(2).wav,Lavani,Marathi,Marathi_35,2,A-dataset-of-Indian-Folk-Songs,source_category_proxy_mapping,proxy_label_not_manual_style_verification,4,train
dataset\indian_folk_31\raw_sources\Indian-Folk-Songs\audio chunks\Marathi\marathi35chunk(3).wav,marathi35chunk(3).wav,Lavani,Marathi,Marathi_35,3,A-dataset-of-Indian-Folk-Songs,source_category_proxy_mapping,proxy_label_not_manual_style_verification,4,train
dataset\indian_folk_31\raw_sources\Indian-Folk-Songs\audio chunks\Marathi\marathi35chunk(4).wav,marathi35chunk(4).wav,Lavani,Marathi,Marathi_35,4,A-dataset-of-Indian-Folk-Songs,source_category_proxy_mapping,proxy_label_not_manual_style_verification,4,train
dataset\indian_folk_31\raw_sources\Indian-Folk-Songs\audio chunks\Marathi\marathi35chunk(5).wav,marathi35chunk(5).wav,Lavani,Marathi,Marathi_35,5,A-dataset-of-Indian-Folk-Songs,source_category_proxy_mapping,proxy_label_not_manual_style_verification,4,train
dataset\indian_folk_31\raw_sources\Indian-Folk-Songs\audio chunks\Marathi\marathi4chunk(0).wav,marathi4chunk(0).wav,Lavani,Marathi,Marathi_4,0,A-dataset-of-Indian-Folk-Songs,source_category_proxy_mapping,proxy_label_not_manual_style_verification,4,train
dataset\indian_folk_31\raw_sources\Indian-Folk-Songs\audio chunks\Marathi\marathi4chunk(1).wav,marathi4chunk(1).wav,Lavani,Marathi,Marathi_4,1,A-dataset-of-Indian-Folk-Songs,source_category_proxy_mapping,proxy_label_not_manual_style_verification,4,train
dataset\indian_folk_31\raw_sources\Indian-Folk-Songs\audio chunks\Marathi\marathi4chunk(2).wav,marathi4chunk(2).wav,Lavani,Marathi,Marathi_4,2,A-dataset-of-Indian-Folk-Songs,source_category_proxy_mapping,proxy_label_not_manual_style_verification,4,train
dataset\indian_folk_31\raw_sources\Indian-Folk-Songs\audio chunks\Marathi\marathi4chunk(3).wav,marathi4chunk(3).wav,Lavani,Marathi,Marathi_4,3,A-dataset-of-Indian-Folk-Songs,source_category_proxy_mapping,proxy_label_not_manual_style_verification,4,train
dataset\indian_folk_31\raw_sources\Indian-Folk-Songs\audio chunks\Marathi\marathi4chunk(4).wav,marathi4chunk(4).wav,Lavani,Marathi,Marathi_4,4,A-dataset-of-Indian-Folk-Songs,source_category_proxy_mapping,proxy_label_not_manual_style_verification,4,train
dataset\indian_folk_31\raw_sources\Indian-Folk-Songs\audio chunks\Marathi\marathi4chunk(5).wav,marathi4chunk(5).wav,Lavani,Marathi,Marathi_4,5,A-dataset-of-Indian-Folk-Songs,source_category_proxy_mapping,proxy_label_not_manual_style_verification,4,train
dataset\indian_folk_31\raw_sources\Indian-Folk-Songs\audio chunks\Marathi\marathi5chunk(0).wav,marathi5chunk(0).wav,Lavani,Marathi,Marathi_5,0,A-dataset-of-Indian-Folk-Songs,source_category_proxy_mapping,proxy_label_not_manual_style_verification,4,train
dataset\indian_folk_31\raw_sources\Indian-Folk-Songs\audio chunks\Marathi\marathi5chunk(1).wav,marathi5chunk(1).wav,Lavani,Marathi,Marathi_5,1,A-dataset-of-Indian-Folk-Songs,source_category_proxy_mapping,proxy_label_not_manual_style_verification,4,train
dataset\indian_folk_31\raw_sources\Indian-Folk-Songs\audio chunks\Marathi\marathi5chunk(2).wav,marathi5chunk(2).wav,Lavani,Marathi,Marathi_5,2,A-dataset-of-Indian-Folk-Songs,source_category_proxy_mapping,proxy_label_not_manual_style_verification,4,train
dataset\indian_folk_31\raw_sources\Indian-Folk-Songs\audio chunks\Marathi\marathi5chunk(3).wav,marathi5chunk(3).wav,Lavani,Marathi,Marathi_5,3,A-dataset-of-Indian-Folk-Songs,source_category_proxy_mapping,proxy_label_not_manual_style_verification,4,train
dataset\indian_folk_31\raw_sources\Indian-Folk-Songs\audio chunks\Marathi\marathi5chunk(4).wav,marathi5chunk(4).wav,Lavani,Marathi,Marathi_5,4,A-dataset-of-Indian-Folk-Songs,source_category_proxy_mapping,proxy_label_not_manual_style_verification,4,train
dataset\indian_folk_31\raw_sources\Indian-Folk-Songs\audio chunks\Marathi\marathi5chunk(5).wav,marathi5chunk(5).wav,Lavani,Marathi,Marathi_5,5,A-dataset-of-Indian-Folk-Songs,source_category_proxy_mapping,proxy_label_not_manual_style_verification,4,train
dataset\indian_folk_31\raw_sources\Indian-Folk-Songs\audio chunks\Marathi\marathi6chunk(0).wav,marathi6chunk(0).wav,Lavani,Marathi,Marathi_6,0,A-dataset-of-Indian-Folk-Songs,source_category_proxy_mapping,proxy_label_not_manual_style_verification,4,train
dataset\indian_folk_31\raw_sources\Indian-Folk-Songs\audio chunks\Marathi\marathi6chunk(1).wav,marathi6chunk(1).wav,Lavani,Marathi,Marathi_6,1,A-dataset-of-Indian-Folk-Songs,source_category_proxy_mapping,proxy_label_not_manual_style_verification,4,train
dataset\indian_folk_31\raw_sources\Indian-Folk-Songs\audio chunks\Marathi\marathi6chunk(2).wav,marathi6chunk(2).wav,Lavani,Marathi,Marathi_6,2,A-dataset-of-Indian-Folk-Songs,source_category_proxy_mapping,proxy_label_not_manual_style_verification,4,train
dataset\indian_folk_31\raw_sources\Indian-Folk-Songs\audio chunks\Marathi\marathi6chunk(3).wav,marathi6chunk(3).wav,Lavani,Marathi,Marathi_6,3,A-dataset-of-Indian-Folk-Songs,source_category_proxy_mapping,proxy_label_not_manual_style_verification,4,train
dataset\indian_folk_31\raw_sources\Indian-Folk-Songs\audio chunks\Marathi\marathi6chunk(4).wav,marathi6chunk(4).wav,Lavani,Marathi,Marathi_6,4,A-dataset-of-Indian-Folk-Songs,source_category_proxy_mapping,proxy_label_not_manual_style_verification,4,train
dataset\indian_folk_31\raw_sources\Indian-Folk-Songs\audio chunks\Marathi\marathi6chunk(5).wav,marathi6chunk(5).wav,Lavani,Marathi,Marathi_6,5,A-dataset-of-Indian-Folk-Songs,source_category_proxy_mapping,proxy_label_not_manual_style_verification,4,train
dataset\indian_folk_31\raw_sources\Indian-Folk-Songs\audio chunks\Marathi\marathi9chunk(0).wav,marathi9chunk(0).wav,Lavani,Marathi,Marathi_9,0,A-dataset-of-Indian-Folk-Songs,source_category_proxy_mapping,proxy_label_not_manual_style_verification,4,train
dataset\indian_folk_31\raw_sources\Indian-Folk-Songs\audio chunks\Marathi\marathi9chunk(1).wav,marathi9chunk(1).wav,Lavani,Marathi,Marathi_9,1,A-dataset-of-Indian-Folk-Songs,source_category_proxy_mapping,proxy_label_not_manual_style_verification,4,train
dataset\indian_folk_31\raw_sources\Indian-Folk-Songs\audio chunks\Marathi\marathi9chunk(2).wav,marathi9chunk(2).wav,Lavani,Marathi,Marathi_9,2,A-dataset-of-Indian-Folk-Songs,source_category_proxy_mapping,proxy_label_not_manual_style_verification,4,train
dataset\indian_folk_31\raw_sources\Indian-Folk-Songs\audio chunks\Marathi\marathi9chunk(3).wav,marathi9chunk(3).wav,Lavani,Marathi,Marathi_9,3,A-dataset-of-Indian-Folk-Songs,source_category_proxy_mapping,proxy_label_not_manual_style_verification,4,train
dataset\indian_folk_31\raw_sources\Indian-Folk-Songs\audio chunks\Marathi\marathi9chunk(4).wav,marathi9chunk(4).wav,Lavani,Marathi,Marathi_9,4,A-dataset-of-Indian-Folk-Songs,source_category_proxy_mapping,proxy_label_not_manual_style_verification,4,train
dataset\indian_folk_31\raw_sources\Indian-Folk-Songs\audio chunks\Marathi\marathi9chunk(5).wav,marathi9chunk(5).wav,Lavani,Marathi,Marathi_9,5,A-dataset-of-Indian-Folk-Songs,source_category_proxy_mapping,proxy_label_not_manual_style_verification,4,train
dataset\indian_folk_31\raw_sources\Indian-Folk-Songs\audio chunks\Uttarakhandi\Uttarakhandi11chunk(0).wav,Uttarakhandi11chunk(0).wav,Uttarakhandi,Uttarakhandi,Uttarakhandi_11,0,A-dataset-of-Indian-Folk-Songs,source_category_proxy_mapping,proxy_label_not_manual_style_verification,5,train
dataset\indian_folk_31\raw_sources\Indian-Folk-Songs\audio chunks\Uttarakhandi\Uttarakhandi11chunk(1).wav,Uttarakhandi11chunk(1).wav,Uttarakhandi,Uttarakhandi,Uttarakhandi_11,1,A-dataset-of-Indian-Folk-Songs,source_category_proxy_mapping,proxy_label_not_manual_style_verification,5,train
dataset\indian_folk_31\raw_sources\Indian-Folk-Songs\audio chunks\Uttarakhandi\Uttarakhandi11chunk(2).wav,Uttarakhandi11chunk(2).wav,Uttarakhandi,Uttarakhandi,Uttarakhandi_11,2,A-dataset-of-Indian-Folk-Songs,source_category_proxy_mapping,proxy_label_not_manual_style_verification,5,train
dataset\indian_folk_31\raw_sources\Indian-Folk-Songs\audio chunks\Uttarakhandi\Uttarakhandi11chunk(3).wav,Uttarakhandi11chunk(3).wav,Uttarakhandi,Uttarakhandi,Uttarakhandi_11,3,A-dataset-of-Indian-Folk-Songs,source_category_proxy_mapping,proxy_label_not_manual_style_verification,5,train
dataset\indian_folk_31\raw_sources\Indian-Folk-Songs\audio chunks\Uttarakhandi\Uttarakhandi11chunk(4).wav,Uttarakhandi11chunk(4).wav,Uttarakhandi,Uttarakhandi,Uttarakhandi_11,4,A-dataset-of-Indian-Folk-Songs,source_category_proxy_mapping,proxy_label_not_manual_style_verification,5,train
dataset\indian_folk_31\raw_sources\Indian-Folk-Songs\audio chunks\Uttarakhandi\Uttarakhandi11chunk(5).wav,Uttarakhandi11chunk(5).wav,Uttarakhandi,Uttarakhandi,Uttarakhandi_11,5,A-dataset-of-Indian-Folk-Songs,source_category_proxy_mapping,proxy_label_not_manual_style_verification,5,train
dataset\indian_folk_31\raw_sources\Indian-Folk-Songs\audio chunks\Uttarakhandi\Uttarakhandi12chunk(0).wav,Uttarakhandi12chunk(0).wav,Uttarakhandi,Uttarakhandi,Uttarakhandi_12,0,A-dataset-of-Indian-Folk-Songs,source_category_proxy_mapping,proxy_label_not_manual_style_verification,5,train
dataset\indian_folk_31\raw_sources\Indian-Folk-Songs\audio chunks\Uttarakhandi\Uttarakhandi12chunk(1).wav,Uttarakhandi12chunk(1).wav,Uttarakhandi,Uttarakhandi,Uttarakhandi_12,1,A-dataset-of-Indian-Folk-Songs,source_category_proxy_mapping,proxy_label_not_manual_style_verification,5,train
dataset\indian_folk_31\raw_sources\Indian-Folk-Songs\audio chunks\Uttarakhandi\Uttarakhandi12chunk(2).wav,Uttarakhandi12chunk(2).wav,Uttarakhandi,Uttarakhandi,Uttarakhandi_12,2,A-dataset-of-Indian-Folk-Songs,source_category_proxy_mapping,proxy_label_not_manual_style_verification,5,train
dataset\indian_folk_31\raw_sources\Indian-Folk-Songs\audio chunks\Uttarakhandi\Uttarakhandi12chunk(3).wav,Uttarakhandi12chunk(3).wav,Uttarakhandi,Uttarakhandi,Uttarakhandi_12,3,A-dataset-of-Indian-Folk-Songs,source_category_proxy_mapping,proxy_label_not_manual_style_verification,5,train
dataset\indian_folk_31\raw_sources\Indian-Folk-Songs\audio chunks\Uttarakhandi\Uttarakhandi12chunk(4).wav,Uttarakhandi12chunk(4).wav,Uttarakhandi,Uttarakhandi,Uttarakhandi_12,4,A-dataset-of-Indian-Folk-Songs,source_category_proxy_mapping,proxy_label_not_manual_style_verification,5,train
dataset\indian_folk_31\raw_sources\Indian-Folk-Songs\audio chunks\Uttarakhandi\Uttarakhandi12chunk(5).wav,Uttarakhandi12chunk(5).wav,Uttarakhandi,Uttarakhandi,Uttarakhandi_12,5,A-dataset-of-Indian-Folk-Songs,source_category_proxy_mapping,proxy_label_not_manual_style_verification,5,train
dataset\indian_folk_31\raw_sources\Indian-Folk-Songs\audio chunks\Uttarakhandi\Uttarakhandi13chunk(0).wav,Uttarakhandi13chunk(0).wav,Uttarakhandi,Uttarakhandi,Uttarakhandi_13,0,A-dataset-of-Indian-Folk-Songs,source_category_proxy_mapping,proxy_label_not_manual_style_verification,5,train
dataset\indian_folk_31\raw_sources\Indian-Folk-Songs\audio chunks\Uttarakhandi\Uttarakhandi13chunk(1).wav,Uttarakhandi13chunk(1).wav,Uttarakhandi,Uttarakhandi,Uttarakhandi_13,1,A-dataset-of-Indian-Folk-Songs,source_category_proxy_mapping,proxy_label_not_manual_style_verification,5,train
dataset\indian_folk_31\raw_sources\Indian-Folk-Songs\audio chunks\Uttarakhandi\Uttarakhandi13chunk(2).wav,Uttarakhandi13chunk(2).wav,Uttarakhandi,Uttarakhandi,Uttarakhandi_13,2,A-dataset-of-Indian-Folk-Songs,source_category_proxy_mapping,proxy_label_not_manual_style_verification,5,train
dataset\indian_folk_31\raw_sources\Indian-Folk-Songs\audio chunks\Uttarakhandi\Uttarakhandi13chunk(3).wav,Uttarakhandi13chunk(3).wav,Uttarakhandi,Uttarakhandi,Uttarakhandi_13,3,A-dataset-of-Indian-Folk-Songs,source_category_proxy_mapping,proxy_label_not_manual_style_verification,5,train
dataset\indian_folk_31\raw_sources\Indian-Folk-Songs\audio chunks\Uttarakhandi\Uttarakhandi13chunk(4).wav,Uttarakhandi13chunk(4).wav,Uttarakhandi,Uttarakhandi,Uttarakhandi_13,4,A-dataset-of-Indian-Folk-Songs,source_category_proxy_mapping,proxy_label_not_manual_style_verification,5,train
dataset\indian_folk_31\raw_sources\Indian-Folk-Songs\audio chunks\Uttarakhandi\Uttarakhandi13chunk(5).wav,Uttarakhandi13chunk(5).wav,Uttarakhandi,Uttarakhandi,Uttarakhandi_13,5,A-dataset-of-Indian-Folk-Songs,source_category_proxy_mapping,proxy_label_not_manual_style_verification,5,train
dataset\indian_folk_31\raw_sources\Indian-Folk-Songs\audio chunks\Uttarakhandi\Uttarakhandi14chunk(0).wav,Uttarakhandi14chunk(0).wav,Uttarakhandi,Uttarakhandi,Uttarakhandi_14,0,A-dataset-of-Indian-Folk-Songs,source_category_proxy_mapping,proxy_label_not_manual_style_verification,5,train
dataset\indian_folk_31\raw_sources\Indian-Folk-Songs\audio chunks\Uttarakhandi\Uttarakhandi14chunk(1).wav,Uttarakhandi14chunk(1).wav,Uttarakhandi,Uttarakhandi,Uttarakhandi_14,1,A-dataset-of-Indian-Folk-Songs,source_category_proxy_mapping,proxy_label_not_manual_style_verification,5,train
dataset\indian_folk_31\raw_sources\Indian-Folk-Songs\audio chunks\Uttarakhandi\Uttarakhandi14chunk(2).wav,Uttarakhandi14chunk(2).wav,Uttarakhandi,Uttarakhandi,Uttarakhandi_14,2,A-dataset-of-Indian-Folk-Songs,source_category_proxy_mapping,proxy_label_not_manual_style_verification,5,train
dataset\indian_folk_31\raw_sources\Indian-Folk-Songs\audio chunks\Uttarakhandi\Uttarakhandi14chunk(3).wav,Uttarakhandi14chunk(3).wav,Uttarakhandi,Uttarakhandi,Uttarakhandi_14,3,A-dataset-of-Indian-Folk-Songs,source_category_proxy_mapping,proxy_label_not_manual_style_verification,5,train
dataset\indian_folk_31\raw_sources\Indian-Folk-Songs\audio chunks\Uttarakhandi\Uttarakhandi14chunk(4).wav,Uttarakhandi14chunk(4).wav,Uttarakhandi,Uttarakhandi,Uttarakhandi_14,4,A-dataset-of-Indian-Folk-Songs,source_category_proxy_mapping,proxy_label_not_manual_style_verification,5,train
dataset\indian_folk_31\raw_sources\Indian-Folk-Songs\audio chunks\Uttarakhandi\Uttarakhandi14chunk(5).wav,Uttarakhandi14chunk(5).wav,Uttarakhandi,Uttarakhandi,Uttarakhandi_14,5,A-dataset-of-Indian-Folk-Songs,source_category_proxy_mapping,proxy_label_not_manual_style_verification,5,train
dataset\indian_folk_31\raw_sources\Indian-Folk-Songs\audio chunks\Uttarakhandi\Uttarakhandi15chunk(0).wav,Uttarakhandi15chunk(0).wav,Uttarakhandi,Uttarakhandi,Uttarakhandi_15,0,A-dataset-of-Indian-Folk-Songs,source_category_proxy_mapping,proxy_label_not_manual_style_verification,5,train
dataset\indian_folk_31\raw_sources\Indian-Folk-Songs\audio chunks\Uttarakhandi\Uttarakhandi15chunk(1).wav,Uttarakhandi15chunk(1).wav,Uttarakhandi,Uttarakhandi,Uttarakhandi_15,1,A-dataset-of-Indian-Folk-Songs,source_category_proxy_mapping,proxy_label_not_manual_style_verification,5,train
dataset\indian_folk_31\raw_sources\Indian-Folk-Songs\audio chunks\Uttarakhandi\Uttarakhandi15chunk(2).wav,Uttarakhandi15chunk(2).wav,Uttarakhandi,Uttarakhandi,Uttarakhandi_15,2,A-dataset-of-Indian-Folk-Songs,source_category_proxy_mapping,proxy_label_not_manual_style_verification,5,train
dataset\indian_folk_31\raw_sources\Indian-Folk-Songs\audio chunks\Uttarakhandi\Uttarakhandi15chunk(3).wav,Uttarakhandi15chunk(3).wav,Uttarakhandi,Uttarakhandi,Uttarakhandi_15,3,A-dataset-of-Indian-Folk-Songs,source_category_proxy_mapping,proxy_label_not_manual_style_verification,5,train
dataset\indian_folk_31\raw_sources\Indian-Folk-Songs\audio chunks\Uttarakhandi\Uttarakhandi15chunk(4).wav,Uttarakhandi15chunk(4).wav,Uttarakhandi,Uttarakhandi,Uttarakhandi_15,4,A-dataset-of-Indian-Folk-Songs,source_category_proxy_mapping,proxy_label_not_manual_style_verification,5,train
dataset\indian_folk_31\raw_sources\Indian-Folk-Songs\audio chunks\Uttarakhandi\Uttarakhandi15chunk(5).wav,Uttarakhandi15chunk(5).wav,Uttarakhandi,Uttarakhandi,Uttarakhandi_15,5,A-dataset-of-Indian-Folk-Songs,source_category_proxy_mapping,proxy_label_not_manual_style_verification,5,train
dataset\indian_folk_31\raw_sources\Indian-Folk-Songs\audio chunks\Uttarakhandi\Uttarakhandi16chunk(0).wav,Uttarakhandi16chunk(0).wav,Uttarakhandi,Uttarakhandi,Uttarakhandi_16,0,A-dataset-of-Indian-Folk-Songs,source_category_proxy_mapping,proxy_label_not_manual_style_verification,5,train
dataset\indian_folk_31\raw_sources\Indian-Folk-Songs\audio chunks\Uttarakhandi\Uttarakhandi16chunk(1).wav,Uttarakhandi16chunk(1).wav,Uttarakhandi,Uttarakhandi,Uttarakhandi_16,1,A-dataset-of-Indian-Folk-Songs,source_category_proxy_mapping,proxy_label_not_manual_style_verification,5,train
dataset\indian_folk_31\raw_sources\Indian-Folk-Songs\audio chunks\Uttarakhandi\Uttarakhandi16chunk(2).wav,Uttarakhandi16chunk(2).wav,Uttarakhandi,Uttarakhandi,Uttarakhandi_16,2,A-dataset-of-Indian-Folk-Songs,source_category_proxy_mapping,proxy_label_not_manual_style_verification,5,train
dataset\indian_folk_31\raw_sources\Indian-Folk-Songs\audio chunks\Uttarakhandi\Uttarakhandi16chunk(3).wav,Uttarakhandi16chunk(3).wav,Uttarakhandi,Uttarakhandi,Uttarakhandi_16,3,A-dataset-of-Indian-Folk-Songs,source_category_proxy_mapping,proxy_label_not_manual_style_verification,5,train
dataset\indian_folk_31\raw_sources\Indian-Folk-Songs\audio chunks\Uttarakhandi\Uttarakhandi16chunk(4).wav,Uttarakhandi16chunk(4).wav,Uttarakhandi,Uttarakhandi,Uttarakhandi_16,4,A-dataset-of-Indian-Folk-Songs,source_category_proxy_mapping,proxy_label_not_manual_style_verification,5,train
dataset\indian_folk_31\raw_sources\Indian-Folk-Songs\audio chunks\Uttarakhandi\Uttarakhandi16chunk(5).wav,Uttarakhandi16chunk(5).wav,Uttarakhandi,Uttarakhandi,Uttarakhandi_16,5,A-dataset-of-Indian-Folk-Songs,source_category_proxy_mapping,proxy_label_not_manual_style_verification,5,train
dataset\indian_folk_31\raw_sources\Indian-Folk-Songs\audio chunks\Uttarakhandi\Uttarakhandi17chunk(0).wav,Uttarakhandi17chunk(0).wav,Uttarakhandi,Uttarakhandi,Uttarakhandi_17,0,A-dataset-of-Indian-Folk-Songs,source_category_proxy_mapping,proxy_label_not_manual_style_verification,5,train
dataset\indian_folk_31\raw_sources\Indian-Folk-Songs\audio chunks\Uttarakhandi\Uttarakhandi17chunk(1).wav,Uttarakhandi17chunk(1).wav,Uttarakhandi,Uttarakhandi,Uttarakhandi_17,1,A-dataset-of-Indian-Folk-Songs,source_category_proxy_mapping,proxy_label_not_manual_style_verification,5,train
dataset\indian_folk_31\raw_sources\Indian-Folk-Songs\audio chunks\Uttarakhandi\Uttarakhandi17chunk(2).wav,Uttarakhandi17chunk(2).wav,Uttarakhandi,Uttarakhandi,Uttarakhandi_17,2,A-dataset-of-Indian-Folk-Songs,source_category_proxy_mapping,proxy_label_not_manual_style_verification,5,train
dataset\indian_folk_31\raw_sources\Indian-Folk-Songs\audio chunks\Uttarakhandi\Uttarakhandi17chunk(3).wav,Uttarakhandi17chunk(3).wav,Uttarakhandi,Uttarakhandi,Uttarakhandi_17,3,A-dataset-of-Indian-Folk-Songs,source_category_proxy_mapping,proxy_label_not_manual_style_verification,5,train
dataset\indian_folk_31\raw_sources\Indian-Folk-Songs\audio chunks\Uttarakhandi\Uttarakhandi17chunk(4).wav,Uttarakhandi17chunk(4).wav,Uttarakhandi,Uttarakhandi,Uttarakhandi_17,4,A-dataset-of-Indian-Folk-Songs,source_category_proxy_mapping,proxy_label_not_manual_style_verification,5,train
dataset\indian_folk_31\raw_sources\Indian-Folk-Songs\audio chunks\Uttarakhandi\Uttarakhandi17chunk(5).wav,Uttarakhandi17chunk(5).wav,Uttarakhandi,Uttarakhandi,Uttarakhandi_17,5,A-dataset-of-Indian-Folk-Songs,source_category_proxy_mapping,proxy_label_not_manual_style_verification,5,train
dataset\indian_folk_31\raw_sources\Indian-Folk-Songs\audio chunks\Uttarakhandi\Uttarakhandi18chunk(0).wav,Uttarakhandi18chunk(0).wav,Uttarakhandi,Uttarakhandi,Uttarakhandi_18,0,A-dataset-of-Indian-Folk-Songs,source_category_proxy_mapping,proxy_label_not_manual_style_verification,5,train
dataset\indian_folk_31\raw_sources\Indian-Folk-Songs\audio chunks\Uttarakhandi\Uttarakhandi18chunk(1).wav,Uttarakhandi18chunk(1).wav,Uttarakhandi,Uttarakhandi,Uttarakhandi_18,1,A-dataset-of-Indian-Folk-Songs,source_category_proxy_mapping,proxy_label_not_manual_style_verification,5,train
dataset\indian_folk_31\raw_sources\Indian-Folk-Songs\audio chunks\Uttarakhandi\Uttarakhandi18chunk(2).wav,Uttarakhandi18chunk(2).wav,Uttarakhandi,Uttarakhandi,Uttarakhandi_18,2,A-dataset-of-Indian-Folk-Songs,source_category_proxy_mapping,proxy_label_not_manual_style_verification,5,train
dataset\indian_folk_31\raw_sources\Indian-Folk-Songs\audio chunks\Uttarakhandi\Uttarakhandi18chunk(3).wav,Uttarakhandi18chunk(3).wav,Uttarakhandi,Uttarakhandi,Uttarakhandi_18,3,A-dataset-of-Indian-Folk-Songs,source_category_proxy_mapping,proxy_label_not_manual_style_verification,5,train
dataset\indian_folk_31\raw_sources\Indian-Folk-Songs\audio chunks\Uttarakhandi\Uttarakhandi18chunk(4).wav,Uttarakhandi18chunk(4).wav,Uttarakhandi,Uttarakhandi,Uttarakhandi_18,4,A-dataset-of-Indian-Folk-Songs,source_category_proxy_mapping,proxy_label_not_manual_style_verification,5,train
dataset\indian_folk_31\raw_sources\Indian-Folk-Songs\audio chunks\Uttarakhandi\Uttarakhandi18chunk(5).wav,Uttarakhandi18chunk(5).wav,Uttarakhandi,Uttarakhandi,Uttarakhandi_18,5,A-dataset-of-Indian-Folk-Songs,source_category_proxy_mapping,proxy_label_not_manual_style_verification,5,train
dataset\indian_folk_31\raw_sources\Indian-Folk-Songs\audio chunks\Uttarakhandi\Uttarakhandi19chunk(0).wav,Uttarakhandi19chunk(0).wav,Uttarakhandi,Uttarakhandi,Uttarakhandi_19,0,A-dataset-of-Indian-Folk-Songs,source_category_proxy_mapping,proxy_label_not_manual_style_verification,5,train
dataset\indian_folk_31\raw_sources\Indian-Folk-Songs\audio chunks\Uttarakhandi\Uttarakhandi19chunk(1).wav,Uttarakhandi19chunk(1).wav,Uttarakhandi,Uttarakhandi,Uttarakhandi_19,1,A-dataset-of-Indian-Folk-Songs,source_category_proxy_mapping,proxy_label_not_manual_style_verification,5,train
dataset\indian_folk_31\raw_sources\Indian-Folk-Songs\audio chunks\Uttarakhandi\Uttarakhandi19chunk(2).wav,Uttarakhandi19chunk(2).wav,Uttarakhandi,Uttarakhandi,Uttarakhandi_19,2,A-dataset-of-Indian-Folk-Songs,source_category_proxy_mapping,proxy_label_not_manual_style_verification,5,train
dataset\indian_folk_31\raw_sources\Indian-Folk-Songs\audio chunks\Uttarakhandi\Uttarakhandi19chunk(3).wav,Uttarakhandi19chunk(3).wav,Uttarakhandi,Uttarakhandi,Uttarakhandi_19,3,A-dataset-of-Indian-Folk-Songs,source_category_proxy_mapping,proxy_label_not_manual_style_verification,5,train
dataset\indian_folk_31\raw_sources\Indian-Folk-Songs\audio chunks\Uttarakhandi\Uttarakhandi19chunk(4).wav,Uttarakhandi19chunk(4).wav,Uttarakhandi,Uttarakhandi,Uttarakhandi_19,4,A-dataset-of-Indian-Folk-Songs,source_category_proxy_mapping,proxy_label_not_manual_style_verification,5,train
dataset\indian_folk_31\raw_sources\Indian-Folk-Songs\audio chunks\Uttarakhandi\Uttarakhandi19chunk(5).wav,Uttarakhandi19chunk(5).wav,Uttarakhandi,Uttarakhandi,Uttarakhandi_19,5,A-dataset-of-Indian-Folk-Songs,source_category_proxy_mapping,proxy_label_not_manual_style_verification,5,train
dataset\indian_folk_31\raw_sources\Indian-Folk-Songs\audio chunks\Uttarakhandi\Uttarakhandi2chunk(0).wav,Uttarakhandi2chunk(0).wav,Uttarakhandi,Uttarakhandi,Uttarakhandi_2,0,A-dataset-of-Indian-Folk-Songs,source_category_proxy_mapping,proxy_label_not_manual_style_verification,5,train
dataset\indian_folk_31\raw_sources\Indian-Folk-Songs\audio chunks\Uttarakhandi\Uttarakhandi2chunk(1).wav,Uttarakhandi2chunk(1).wav,Uttarakhandi,Uttarakhandi,Uttarakhandi_2,1,A-dataset-of-Indian-Folk-Songs,source_category_proxy_mapping,proxy_label_not_manual_style_verification,5,train
dataset\indian_folk_31\raw_sources\Indian-Folk-Songs\audio chunks\Uttarakhandi\Uttarakhandi2chunk(2).wav,Uttarakhandi2chunk(2).wav,Uttarakhandi,Uttarakhandi,Uttarakhandi_2,2,A-dataset-of-Indian-Folk-Songs,source_category_proxy_mapping,proxy_label_not_manual_style_verification,5,train
dataset\indian_folk_31\raw_sources\Indian-Folk-Songs\audio chunks\Uttarakhandi\Uttarakhandi2chunk(3).wav,Uttarakhandi2chunk(3).wav,Uttarakhandi,Uttarakhandi,Uttarakhandi_2,3,A-dataset-of-Indian-Folk-Songs,source_category_proxy_mapping,proxy_label_not_manual_style_verification,5,train
dataset\indian_folk_31\raw_sources\Indian-Folk-Songs\audio chunks\Uttarakhandi\Uttarakhandi2chunk(4).wav,Uttarakhandi2chunk(4).wav,Uttarakhandi,Uttarakhandi,Uttarakhandi_2,4,A-dataset-of-Indian-Folk-Songs,source_category_proxy_mapping,proxy_label_not_manual_style_verification,5,train
dataset\indian_folk_31\raw_sources\Indian-Folk-Songs\audio chunks\Uttarakhandi\Uttarakhandi2chunk(5).wav,Uttarakhandi2chunk(5).wav,Uttarakhandi,Uttarakhandi,Uttarakhandi_2,5,A-dataset-of-Indian-Folk-Songs,source_category_proxy_mapping,proxy_label_not_manual_style_verification,5,train
dataset\indian_folk_31\raw_sources\Indian-Folk-Songs\audio chunks\Uttarakhandi\Uttarakhandi20chunk(0).wav,Uttarakhandi20chunk(0).wav,Uttarakhandi,Uttarakhandi,Uttarakhandi_20,0,A-dataset-of-Indian-Folk-Songs,source_category_proxy_mapping,proxy_label_not_manual_style_verification,5,train
dataset\indian_folk_31\raw_sources\Indian-Folk-Songs\audio chunks\Uttarakhandi\Uttarakhandi20chunk(1).wav,Uttarakhandi20chunk(1).wav,Uttarakhandi,Uttarakhandi,Uttarakhandi_20,1,A-dataset-of-Indian-Folk-Songs,source_category_proxy_mapping,proxy_label_not_manual_style_verification,5,train
dataset\indian_folk_31\raw_sources\Indian-Folk-Songs\audio chunks\Uttarakhandi\Uttarakhandi20chunk(2).wav,Uttarakhandi20chunk(2).wav,Uttarakhandi,Uttarakhandi,Uttarakhandi_20,2,A-dataset-of-Indian-Folk-Songs,source_category_proxy_mapping,proxy_label_not_manual_style_verification,5,train
dataset\indian_folk_31\raw_sources\Indian-Folk-Songs\audio chunks\Uttarakhandi\Uttarakhandi20chunk(3).wav,Uttarakhandi20chunk(3).wav,Uttarakhandi,Uttarakhandi,Uttarakhandi_20,3,A-dataset-of-Indian-Folk-Songs,source_category_proxy_mapping,proxy_label_not_manual_style_verification,5,train
dataset\indian_folk_31\raw_sources\Indian-Folk-Songs\audio chunks\Uttarakhandi\Uttarakhandi20chunk(4).wav,Uttarakhandi20chunk(4).wav,Uttarakhandi,Uttarakhandi,Uttarakhandi_20,4,A-dataset-of-Indian-Folk-Songs,source_category_proxy_mapping,proxy_label_not_manual_style_verification,5,train
dataset\indian_folk_31\raw_sources\Indian-Folk-Songs\audio chunks\Uttarakhandi\Uttarakhandi20chunk(5).wav,Uttarakhandi20chunk(5).wav,Uttarakhandi,Uttarakhandi,Uttarakhandi_20,5,A-dataset-of-Indian-Folk-Songs,source_category_proxy_mapping,proxy_label_not_manual_style_verification,5,train
dataset\indian_folk_31\raw_sources\Indian-Folk-Songs\audio chunks\Uttarakhandi\Uttarakhandi21chunk(0).wav,Uttarakhandi21chunk(0).wav,Uttarakhandi,Uttarakhandi,Uttarakhandi_21,0,A-dataset-of-Indian-Folk-Songs,source_category_proxy_mapping,proxy_label_not_manual_style_verification,5,train
dataset\indian_folk_31\raw_sources\Indian-Folk-Songs\audio chunks\Uttarakhandi\Uttarakhandi21chunk(1).wav,Uttarakhandi21chunk(1).wav,Uttarakhandi,Uttarakhandi,Uttarakhandi_21,1,A-dataset-of-Indian-Folk-Songs,source_category_proxy_mapping,proxy_label_not_manual_style_verification,5,train
dataset\indian_folk_31\raw_sources\Indian-Folk-Songs\audio chunks\Uttarakhandi\Uttarakhandi21chunk(2).wav,Uttarakhandi21chunk(2).wav,Uttarakhandi,Uttarakhandi,Uttarakhandi_21,2,A-dataset-of-Indian-Folk-Songs,source_category_proxy_mapping,proxy_label_not_manual_style_verification,5,train
dataset\indian_folk_31\raw_sources\Indian-Folk-Songs\audio chunks\Uttarakhandi\Uttarakhandi21chunk(3).wav,Uttarakhandi21chunk(3).wav,Uttarakhandi,Uttarakhandi,Uttarakhandi_21,3,A-dataset-of-Indian-Folk-Songs,source_category_proxy_mapping,proxy_label_not_manual_style_verification,5,train
dataset\indian_folk_31\raw_sources\Indian-Folk-Songs\audio chunks\Uttarakhandi\Uttarakhandi21chunk(4).wav,Uttarakhandi21chunk(4).wav,Uttarakhandi,Uttarakhandi,Uttarakhandi_21,4,A-dataset-of-Indian-Folk-Songs,source_category_proxy_mapping,proxy_label_not_manual_style_verification,5,train
dataset\indian_folk_31\raw_sources\Indian-Folk-Songs\audio chunks\Uttarakhandi\Uttarakhandi21chunk(5).wav,Uttarakhandi21chunk(5).wav,Uttarakhandi,Uttarakhandi,Uttarakhandi_21,5,A-dataset-of-Indian-Folk-Songs,source_category_proxy_mapping,proxy_label_not_manual_style_verification,5,train
dataset\indian_folk_31\raw_sources\Indian-Folk-Songs\audio chunks\Uttarakhandi\Uttarakhandi22chunk(0).wav,Uttarakhandi22chunk(0).wav,Uttarakhandi,Uttarakhandi,Uttarakhandi_22,0,A-dataset-of-Indian-Folk-Songs,source_category_proxy_mapping,proxy_label_not_manual_style_verification,5,train
dataset\indian_folk_31\raw_sources\Indian-Folk-Songs\audio chunks\Uttarakhandi\Uttarakhandi22chunk(1).wav,Uttarakhandi22chunk(1).wav,Uttarakhandi,Uttarakhandi,Uttarakhandi_22,1,A-dataset-of-Indian-Folk-Songs,source_category_proxy_mapping,proxy_label_not_manual_style_verification,5,train
dataset\indian_folk_31\raw_sources\Indian-Folk-Songs\audio chunks\Uttarakhandi\Uttarakhandi22chunk(2).wav,Uttarakhandi22chunk(2).wav,Uttarakhandi,Uttarakhandi,Uttarakhandi_22,2,A-dataset-of-Indian-Folk-Songs,source_category_proxy_mapping,proxy_label_not_manual_style_verification,5,train
dataset\indian_folk_31\raw_sources\Indian-Folk-Songs\audio chunks\Uttarakhandi\Uttarakhandi22chunk(3).wav,Uttarakhandi22chunk(3).wav,Uttarakhandi,Uttarakhandi,Uttarakhandi_22,3,A-dataset-of-Indian-Folk-Songs,source_category_proxy_mapping,proxy_label_not_manual_style_verification,5,train
dataset\indian_folk_31\raw_sources\Indian-Folk-Songs\audio chunks\Uttarakhandi\Uttarakhandi22chunk(4).wav,Uttarakhandi22chunk(4).wav,Uttarakhandi,Uttarakhandi,Uttarakhandi_22,4,A-dataset-of-Indian-Folk-Songs,source_category_proxy_mapping,proxy_label_not_manual_style_verification,5,train
dataset\indian_folk_31\raw_sources\Indian-Folk-Songs\audio chunks\Uttarakhandi\Uttarakhandi22chunk(5).wav,Uttarakhandi22chunk(5).wav,Uttarakhandi,Uttarakhandi,Uttarakhandi_22,5,A-dataset-of-Indian-Folk-Songs,source_category_proxy_mapping,proxy_label_not_manual_style_verification,5,train
dataset\indian_folk_31\raw_sources\Indian-Folk-Songs\audio chunks\Uttarakhandi\Uttarakhandi25chunk(0).wav,Uttarakhandi25chunk(0).wav,Uttarakhandi,Uttarakhandi,Uttarakhandi_25,0,A-dataset-of-Indian-Folk-Songs,source_category_proxy_mapping,proxy_label_not_manual_style_verification,5,train
dataset\indian_folk_31\raw_sources\Indian-Folk-Songs\audio chunks\Uttarakhandi\Uttarakhandi25chunk(1).wav,Uttarakhandi25chunk(1).wav,Uttarakhandi,Uttarakhandi,Uttarakhandi_25,1,A-dataset-of-Indian-Folk-Songs,source_category_proxy_mapping,proxy_label_not_manual_style_verification,5,train
dataset\indian_folk_31\raw_sources\Indian-Folk-Songs\audio chunks\Uttarakhandi\Uttarakhandi25chunk(2).wav,Uttarakhandi25chunk(2).wav,Uttarakhandi,Uttarakhandi,Uttarakhandi_25,2,A-dataset-of-Indian-Folk-Songs,source_category_proxy_mapping,proxy_label_not_manual_style_verification,5,train
dataset\indian_folk_31\raw_sources\Indian-Folk-Songs\audio chunks\Uttarakhandi\Uttarakhandi25chunk(3).wav,Uttarakhandi25chunk(3).wav,Uttarakhandi,Uttarakhandi,Uttarakhandi_25,3,A-dataset-of-Indian-Folk-Songs,source_category_proxy_mapping,proxy_label_not_manual_style_verification,5,train
dataset\indian_folk_31\raw_sources\Indian-Folk-Songs\audio chunks\Uttarakhandi\Uttarakhandi25chunk(4).wav,Uttarakhandi25chunk(4).wav,Uttarakhandi,Uttarakhandi,Uttarakhandi_25,4,A-dataset-of-Indian-Folk-Songs,source_category_proxy_mapping,proxy_label_not_manual_style_verification,5,train
dataset\indian_folk_31\raw_sources\Indian-Folk-Songs\audio chunks\Uttarakhandi\Uttarakhandi25chunk(5).wav,Uttarakhandi25chunk(5).wav,Uttarakhandi,Uttarakhandi,Uttarakhandi_25,5,A-dataset-of-Indian-Folk-Songs,source_category_proxy_mapping,proxy_label_not_manual_style_verification,5,train
dataset\indian_folk_31\raw_sources\Indian-Folk-Songs\audio chunks\Uttarakhandi\Uttarakhandi26chunk(0).wav,Uttarakhandi26chunk(0).wav,Uttarakhandi,Uttarakhandi,Uttarakhandi_26,0,A-dataset-of-Indian-Folk-Songs,source_category_proxy_mapping,proxy_label_not_manual_style_verification,5,train
dataset\indian_folk_31\raw_sources\Indian-Folk-Songs\audio chunks\Uttarakhandi\Uttarakhandi26chunk(1).wav,Uttarakhandi26chunk(1).wav,Uttarakhandi,Uttarakhandi,Uttarakhandi_26,1,A-dataset-of-Indian-Folk-Songs,source_category_proxy_mapping,proxy_label_not_manual_style_verification,5,train
dataset\indian_folk_31\raw_sources\Indian-Folk-Songs\audio chunks\Uttarakhandi\Uttarakhandi26chunk(2).wav,Uttarakhandi26chunk(2).wav,Uttarakhandi,Uttarakhandi,Uttarakhandi_26,2,A-dataset-of-Indian-Folk-Songs,source_category_proxy_mapping,proxy_label_not_manual_style_verification,5,train
dataset\indian_folk_31\raw_sources\Indian-Folk-Songs\audio chunks\Uttarakhandi\Uttarakhandi26chunk(3).wav,Uttarakhandi26chunk(3).wav,Uttarakhandi,Uttarakhandi,Uttarakhandi_26,3,A-dataset-of-Indian-Folk-Songs,source_category_proxy_mapping,proxy_label_not_manual_style_verification,5,train
dataset\indian_folk_31\raw_sources\Indian-Folk-Songs\audio chunks\Uttarakhandi\Uttarakhandi26chunk(4).wav,Uttarakhandi26chunk(4).wav,Uttarakhandi,Uttarakhandi,Uttarakhandi_26,4,A-dataset-of-Indian-Folk-Songs,source_category_proxy_mapping,proxy_label_not_manual_style_verification,5,train
dataset\indian_folk_31\raw_sources\Indian-Folk-Songs\audio chunks\Uttarakhandi\Uttarakhandi26chunk(5).wav,Uttarakhandi26chunk(5).wav,Uttarakhandi,Uttarakhandi,Uttarakhandi_26,5,A-dataset-of-Indian-Folk-Songs,source_category_proxy_mapping,proxy_label_not_manual_style_verification,5,train
dataset\indian_folk_31\raw_sources\Indian-Folk-Songs\audio chunks\Uttarakhandi\Uttarakhandi28chunk(0).wav,Uttarakhandi28chunk(0).wav,Uttarakhandi,Uttarakhandi,Uttarakhandi_28,0,A-dataset-of-Indian-Folk-Songs,source_category_proxy_mapping,proxy_label_not_manual_style_verification,5,train
dataset\indian_folk_31\raw_sources\Indian-Folk-Songs\audio chunks\Uttarakhandi\Uttarakhandi28chunk(1).wav,Uttarakhandi28chunk(1).wav,Uttarakhandi,Uttarakhandi,Uttarakhandi_28,1,A-dataset-of-Indian-Folk-Songs,source_category_proxy_mapping,proxy_label_not_manual_style_verification,5,train
dataset\indian_folk_31\raw_sources\Indian-Folk-Songs\audio chunks\Uttarakhandi\Uttarakhandi28chunk(2).wav,Uttarakhandi28chunk(2).wav,Uttarakhandi,Uttarakhandi,Uttarakhandi_28,2,A-dataset-of-Indian-Folk-Songs,source_category_proxy_mapping,proxy_label_not_manual_style_verification,5,train
dataset\indian_folk_31\raw_sources\Indian-Folk-Songs\audio chunks\Uttarakhandi\Uttarakhandi28chunk(3).wav,Uttarakhandi28chunk(3).wav,Uttarakhandi,Uttarakhandi,Uttarakhandi_28,3,A-dataset-of-Indian-Folk-Songs,source_category_proxy_mapping,proxy_label_not_manual_style_verification,5,train
dataset\indian_folk_31\raw_sources\Indian-Folk-Songs\audio chunks\Uttarakhandi\Uttarakhandi28chunk(4).wav,Uttarakhandi28chunk(4).wav,Uttarakhandi,Uttarakhandi,Uttarakhandi_28,4,A-dataset-of-Indian-Folk-Songs,source_category_proxy_mapping,proxy_label_not_manual_style_verification,5,train
dataset\indian_folk_31\raw_sources\Indian-Folk-Songs\audio chunks\Uttarakhandi\Uttarakhandi28chunk(5).wav,Uttarakhandi28chunk(5).wav,Uttarakhandi,Uttarakhandi,Uttarakhandi_28,5,A-dataset-of-Indian-Folk-Songs,source_category_proxy_mapping,proxy_label_not_manual_style_verification,5,train
dataset\indian_folk_31\raw_sources\Indian-Folk-Songs\audio chunks\Uttarakhandi\Uttarakhandi29chunk(0).wav,Uttarakhandi29chunk(0).wav,Uttarakhandi,Uttarakhandi,Uttarakhandi_29,0,A-dataset-of-Indian-Folk-Songs,source_category_proxy_mapping,proxy_label_not_manual_style_verification,5,train
dataset\indian_folk_31\raw_sources\Indian-Folk-Songs\audio chunks\Uttarakhandi\Uttarakhandi29chunk(1).wav,Uttarakhandi29chunk(1).wav,Uttarakhandi,Uttarakhandi,Uttarakhandi_29,1,A-dataset-of-Indian-Folk-Songs,source_category_proxy_mapping,proxy_label_not_manual_style_verification,5,train
dataset\indian_folk_31\raw_sources\Indian-Folk-Songs\audio chunks\Uttarakhandi\Uttarakhandi29chunk(2).wav,Uttarakhandi29chunk(2).wav,Uttarakhandi,Uttarakhandi,Uttarakhandi_29,2,A-dataset-of-Indian-Folk-Songs,source_category_proxy_mapping,proxy_label_not_manual_style_verification,5,train
dataset\indian_folk_31\raw_sources\Indian-Folk-Songs\audio chunks\Uttarakhandi\Uttarakhandi29chunk(3).wav,Uttarakhandi29chunk(3).wav,Uttarakhandi,Uttarakhandi,Uttarakhandi_29,3,A-dataset-of-Indian-Folk-Songs,source_category_proxy_mapping,proxy_label_not_manual_style_verification,5,train
dataset\indian_folk_31\raw_sources\Indian-Folk-Songs\audio chunks\Uttarakhandi\Uttarakhandi29chunk(4).wav,Uttarakhandi29chunk(4).wav,Uttarakhandi,Uttarakhandi,Uttarakhandi_29,4,A-dataset-of-Indian-Folk-Songs,source_category_proxy_mapping,proxy_label_not_manual_style_verification,5,train
dataset\indian_folk_31\raw_sources\Indian-Folk-Songs\audio chunks\Uttarakhandi\Uttarakhandi29chunk(5).wav,Uttarakhandi29chunk(5).wav,Uttarakhandi,Uttarakhandi,Uttarakhandi_29,5,A-dataset-of-Indian-Folk-Songs,source_category_proxy_mapping,proxy_label_not_manual_style_verification,5,train
dataset\indian_folk_31\raw_sources\Indian-Folk-Songs\audio chunks\Uttarakhandi\Uttarakhandi3chunk(0).wav,Uttarakhandi3chunk(0).wav,Uttarakhandi,Uttarakhandi,Uttarakhandi_3,0,A-dataset-of-Indian-Folk-Songs,source_category_proxy_mapping,proxy_label_not_manual_style_verification,5,train
dataset\indian_folk_31\raw_sources\Indian-Folk-Songs\audio chunks\Uttarakhandi\Uttarakhandi3chunk(1).wav,Uttarakhandi3chunk(1).wav,Uttarakhandi,Uttarakhandi,Uttarakhandi_3,1,A-dataset-of-Indian-Folk-Songs,source_category_proxy_mapping,proxy_label_not_manual_style_verification,5,train
dataset\indian_folk_31\raw_sources\Indian-Folk-Songs\audio chunks\Uttarakhandi\Uttarakhandi3chunk(2).wav,Uttarakhandi3chunk(2).wav,Uttarakhandi,Uttarakhandi,Uttarakhandi_3,2,A-dataset-of-Indian-Folk-Songs,source_category_proxy_mapping,proxy_label_not_manual_style_verification,5,train
dataset\indian_folk_31\raw_sources\Indian-Folk-Songs\audio chunks\Uttarakhandi\Uttarakhandi3chunk(3).wav,Uttarakhandi3chunk(3).wav,Uttarakhandi,Uttarakhandi,Uttarakhandi_3,3,A-dataset-of-Indian-Folk-Songs,source_category_proxy_mapping,proxy_label_not_manual_style_verification,5,train
dataset\indian_folk_31\raw_sources\Indian-Folk-Songs\audio chunks\Uttarakhandi\Uttarakhandi3chunk(4).wav,Uttarakhandi3chunk(4).wav,Uttarakhandi,Uttarakhandi,Uttarakhandi_3,4,A-dataset-of-Indian-Folk-Songs,source_category_proxy_mapping,proxy_label_not_manual_style_verification,5,train
dataset\indian_folk_31\raw_sources\Indian-Folk-Songs\audio chunks\Uttarakhandi\Uttarakhandi3chunk(5).wav,Uttarakhandi3chunk(5).wav,Uttarakhandi,Uttarakhandi,Uttarakhandi_3,5,A-dataset-of-Indian-Folk-Songs,source_category_proxy_mapping,proxy_label_not_manual_style_verification,5,train
dataset\indian_folk_31\raw_sources\Indian-Folk-Songs\audio chunks\Uttarakhandi\Uttarakhandi4chunk(0).wav,Uttarakhandi4chunk(0).wav,Uttarakhandi,Uttarakhandi,Uttarakhandi_4,0,A-dataset-of-Indian-Folk-Songs,source_category_proxy_mapping,proxy_label_not_manual_style_verification,5,train
dataset\indian_folk_31\raw_sources\Indian-Folk-Songs\audio chunks\Uttarakhandi\Uttarakhandi4chunk(1).wav,Uttarakhandi4chunk(1).wav,Uttarakhandi,Uttarakhandi,Uttarakhandi_4,1,A-dataset-of-Indian-Folk-Songs,source_category_proxy_mapping,proxy_label_not_manual_style_verification,5,train
dataset\indian_folk_31\raw_sources\Indian-Folk-Songs\audio chunks\Uttarakhandi\Uttarakhandi4chunk(2).wav,Uttarakhandi4chunk(2).wav,Uttarakhandi,Uttarakhandi,Uttarakhandi_4,2,A-dataset-of-Indian-Folk-Songs,source_category_proxy_mapping,proxy_label_not_manual_style_verification,5,train
dataset\indian_folk_31\raw_sources\Indian-Folk-Songs\audio chunks\Uttarakhandi\Uttarakhandi4chunk(3).wav,Uttarakhandi4chunk(3).wav,Uttarakhandi,Uttarakhandi,Uttarakhandi_4,3,A-dataset-of-Indian-Folk-Songs,source_category_proxy_mapping,proxy_label_not_manual_style_verification,5,train
dataset\indian_folk_31\raw_sources\Indian-Folk-Songs\audio chunks\Uttarakhandi\Uttarakhandi4chunk(4).wav,Uttarakhandi4chunk(4).wav,Uttarakhandi,Uttarakhandi,Uttarakhandi_4,4,A-dataset-of-Indian-Folk-Songs,source_category_proxy_mapping,proxy_label_not_manual_style_verification,5,train
dataset\indian_folk_31\raw_sources\Indian-Folk-Songs\audio chunks\Uttarakhandi\Uttarakhandi4chunk(5).wav,Uttarakhandi4chunk(5).wav,Uttarakhandi,Uttarakhandi,Uttarakhandi_4,5,A-dataset-of-Indian-Folk-Songs,source_category_proxy_mapping,proxy_label_not_manual_style_verification,5,train
dataset\indian_folk_31\raw_sources\Indian-Folk-Songs\audio chunks\Uttarakhandi\Uttarakhandi8chunk(0).wav,Uttarakhandi8chunk(0).wav,Uttarakhandi,Uttarakhandi,Uttarakhandi_8,0,A-dataset-of-Indian-Folk-Songs,source_category_proxy_mapping,proxy_label_not_manual_style_verification,5,train
dataset\indian_folk_31\raw_sources\Indian-Folk-Songs\audio chunks\Uttarakhandi\Uttarakhandi8chunk(1).wav,Uttarakhandi8chunk(1).wav,Uttarakhandi,Uttarakhandi,Uttarakhandi_8,1,A-dataset-of-Indian-Folk-Songs,source_category_proxy_mapping,proxy_label_not_manual_style_verification,5,train
dataset\indian_folk_31\raw_sources\Indian-Folk-Songs\audio chunks\Uttarakhandi\Uttarakhandi8chunk(2).wav,Uttarakhandi8chunk(2).wav,Uttarakhandi,Uttarakhandi,Uttarakhandi_8,2,A-dataset-of-Indian-Folk-Songs,source_category_proxy_mapping,proxy_label_not_manual_style_verification,5,train
dataset\indian_folk_31\raw_sources\Indian-Folk-Songs\audio chunks\Uttarakhandi\Uttarakhandi8chunk(3).wav,Uttarakhandi8chunk(3).wav,Uttarakhandi,Uttarakhandi,Uttarakhandi_8,3,A-dataset-of-Indian-Folk-Songs,source_category_proxy_mapping,proxy_label_not_manual_style_verification,5,train
dataset\indian_folk_31\raw_sources\Indian-Folk-Songs\audio chunks\Uttarakhandi\Uttarakhandi8chunk(4).wav,Uttarakhandi8chunk(4).wav,Uttarakhandi,Uttarakhandi,Uttarakhandi_8,4,A-dataset-of-Indian-Folk-Songs,source_category_proxy_mapping,proxy_label_not_manual_style_verification,5,train
dataset\indian_folk_31\raw_sources\Indian-Folk-Songs\audio chunks\Uttarakhandi\Uttarakhandi8chunk(5).wav,Uttarakhandi8chunk(5).wav,Uttarakhandi,Uttarakhandi,Uttarakhandi_8,5,A-dataset-of-Indian-Folk-Songs,source_category_proxy_mapping,proxy_label_not_manual_style_verification,5,train
